[0.127s] DEBUG:colcon:Command line arguments: ['/usr/bin/colcon', 'build', '--symlink-install']
[0.127s] DEBUG:colcon:Parsed command line arguments: Namespace(log_base=None, log_level=None, verb_name='build', build_base='build', install_base='install', merge_install=False, symlink_install=True, test_result_base=None, continue_on_error=False, executor='parallel', parallel_workers=8, event_handlers=None, ignore_user_meta=False, metas=['./colcon.meta'], base_paths=['.'], packages_ignore=None, packages_ignore_regex=None, paths=None, packages_up_to=None, packages_up_to_regex=None, packages_above=None, packages_above_and_dependencies=None, packages_above_depth=None, packages_select_by_dep=None, packages_skip_by_dep=None, packages_skip_up_to=None, packages_select_build_failed=False, packages_skip_build_finished=False, packages_select_test_failures=False, packages_skip_test_passed=False, packages_select=None, packages_skip=None, packages_select_regex=None, packages_skip_regex=None, packages_start=None, packages_end=None, allow_overriding=[], cmake_args=None, cmake_target=None, cmake_target_skip_unavailable=False, cmake_clean_cache=False, cmake_clean_first=False, cmake_force_configure=False, ament_cmake_args=None, catkin_cmake_args=None, catkin_skip_building_tests=False, mixin_files=None, mixin=None, verb_parser=<colcon_mixin.mixin.mixin_argument.MixinArgumentDecorator object at 0x7fe3ff6705c0>, verb_extension=<colcon_core.verb.build.BuildVerb object at 0x7fe40006a240>, main=<bound method BuildVerb.main of <colcon_core.verb.build.BuildVerb object at 0x7fe40006a240>>, mixin_verb=('build',))
[0.170s] Level 1:colcon.colcon_core.package_discovery:discover_packages(colcon_meta) check parameters
[0.170s] Level 1:colcon.colcon_core.package_discovery:discover_packages(recursive) check parameters
[0.171s] Level 1:colcon.colcon_core.package_discovery:discover_packages(ignore) check parameters
[0.171s] Level 1:colcon.colcon_core.package_discovery:discover_packages(path) check parameters
[0.171s] Level 1:colcon.colcon_core.package_discovery:discover_packages(colcon_meta) discover
[0.171s] Level 1:colcon.colcon_core.package_discovery:discover_packages(recursive) discover
[0.171s] INFO:colcon.colcon_core.package_discovery:Crawling recursively for packages in '/home/remii/Projects/so-arm'
[0.171s] Level 1:colcon.colcon_core.package_identification:_identify(.) by extensions ['ignore', 'ignore_ament_install']
[0.171s] Level 1:colcon.colcon_core.package_identification:_identify(.) by extension 'ignore'
[0.171s] Level 1:colcon.colcon_core.package_identification:_identify(.) by extension 'ignore_ament_install'
[0.171s] Level 1:colcon.colcon_core.package_identification:_identify(.) by extensions ['colcon_pkg']
[0.171s] Level 1:colcon.colcon_core.package_identification:_identify(.) by extension 'colcon_pkg'
[0.171s] Level 1:colcon.colcon_core.package_identification:_identify(.) by extensions ['colcon_meta']
[0.171s] Level 1:colcon.colcon_core.package_identification:_identify(.) by extension 'colcon_meta'
[0.171s] Level 1:colcon.colcon_core.package_identification:_identify(.) by extensions ['ros']
[0.171s] Level 1:colcon.colcon_core.package_identification:_identify(.) by extension 'ros'
[0.195s] Level 1:colcon.colcon_core.package_identification:_identify(.) by extensions ['cmake', 'python']
[0.195s] Level 1:colcon.colcon_core.package_identification:_identify(.) by extension 'cmake'
[0.195s] Level 1:colcon.colcon_core.package_identification:_identify(.) by extension 'python'
[0.195s] Level 1:colcon.colcon_core.package_identification:_identify(.) by extensions ['python_setup_py']
[0.195s] Level 1:colcon.colcon_core.package_identification:_identify(.) by extension 'python_setup_py'
[0.195s] Level 1:colcon.colcon_core.package_identification:_identify(build) by extensions ['ignore', 'ignore_ament_install']
[0.195s] Level 1:colcon.colcon_core.package_identification:_identify(build) by extension 'ignore'
[0.195s] Level 1:colcon.colcon_core.package_identification:_identify(build) ignored
[0.195s] Level 1:colcon.colcon_core.package_identification:_identify(install) by extensions ['ignore', 'ignore_ament_install']
[0.195s] Level 1:colcon.colcon_core.package_identification:_identify(install) by extension 'ignore'
[0.195s] Level 1:colcon.colcon_core.package_identification:_identify(install) ignored
[0.195s] Level 1:colcon.colcon_core.package_identification:_identify(log) by extensions ['ignore', 'ignore_ament_install']
[0.195s] Level 1:colcon.colcon_core.package_identification:_identify(log) by extension 'ignore'
[0.195s] Level 1:colcon.colcon_core.package_identification:_identify(log) ignored
[0.195s] Level 1:colcon.colcon_core.package_identification:_identify(src) by extensions ['ignore', 'ignore_ament_install']
[0.195s] Level 1:colcon.colcon_core.package_identification:_identify(src) by extension 'ignore'
[0.195s] Level 1:colcon.colcon_core.package_identification:_identify(src) by extension 'ignore_ament_install'
[0.196s] Level 1:colcon.colcon_core.package_identification:_identify(src) by extensions ['colcon_pkg']
[0.196s] Level 1:colcon.colcon_core.package_identification:_identify(src) by extension 'colcon_pkg'
[0.196s] Level 1:colcon.colcon_core.package_identification:_identify(src) by extensions ['colcon_meta']
[0.196s] Level 1:colcon.colcon_core.package_identification:_identify(src) by extension 'colcon_meta'
[0.196s] Level 1:colcon.colcon_core.package_identification:_identify(src) by extensions ['ros']
[0.196s] Level 1:colcon.colcon_core.package_identification:_identify(src) by extension 'ros'
[0.196s] Level 1:colcon.colcon_core.package_identification:_identify(src) by extensions ['cmake', 'python']
[0.196s] Level 1:colcon.colcon_core.package_identification:_identify(src) by extension 'cmake'
[0.196s] Level 1:colcon.colcon_core.package_identification:_identify(src) by extension 'python'
[0.196s] Level 1:colcon.colcon_core.package_identification:_identify(src) by extensions ['python_setup_py']
[0.196s] Level 1:colcon.colcon_core.package_identification:_identify(src) by extension 'python_setup_py'
[0.196s] Level 1:colcon.colcon_core.package_identification:_identify(src/feetech_ros2_driver) by extensions ['ignore', 'ignore_ament_install']
[0.196s] Level 1:colcon.colcon_core.package_identification:_identify(src/feetech_ros2_driver) by extension 'ignore'
[0.196s] Level 1:colcon.colcon_core.package_identification:_identify(src/feetech_ros2_driver) by extension 'ignore_ament_install'
[0.196s] Level 1:colcon.colcon_core.package_identification:_identify(src/feetech_ros2_driver) by extensions ['colcon_pkg']
[0.196s] Level 1:colcon.colcon_core.package_identification:_identify(src/feetech_ros2_driver) by extension 'colcon_pkg'
[0.196s] Level 1:colcon.colcon_core.package_identification:_identify(src/feetech_ros2_driver) by extensions ['colcon_meta']
[0.196s] Level 1:colcon.colcon_core.package_identification:_identify(src/feetech_ros2_driver) by extension 'colcon_meta'
[0.196s] Level 1:colcon.colcon_core.package_identification:_identify(src/feetech_ros2_driver) by extensions ['ros']
[0.196s] Level 1:colcon.colcon_core.package_identification:_identify(src/feetech_ros2_driver) by extension 'ros'
[0.199s] DEBUG:colcon.colcon_core.package_identification:Package 'src/feetech_ros2_driver' with type 'ros.ament_cmake' and name 'feetech_ros2_driver'
[0.199s] Level 1:colcon.colcon_core.package_identification:_identify(src/ros2_so_arm100) by extensions ['ignore', 'ignore_ament_install']
[0.199s] Level 1:colcon.colcon_core.package_identification:_identify(src/ros2_so_arm100) by extension 'ignore'
[0.199s] Level 1:colcon.colcon_core.package_identification:_identify(src/ros2_so_arm100) by extension 'ignore_ament_install'
[0.199s] Level 1:colcon.colcon_core.package_identification:_identify(src/ros2_so_arm100) by extensions ['colcon_pkg']
[0.199s] Level 1:colcon.colcon_core.package_identification:_identify(src/ros2_so_arm100) by extension 'colcon_pkg'
[0.199s] Level 1:colcon.colcon_core.package_identification:_identify(src/ros2_so_arm100) by extensions ['colcon_meta']
[0.199s] Level 1:colcon.colcon_core.package_identification:_identify(src/ros2_so_arm100) by extension 'colcon_meta'
[0.199s] Level 1:colcon.colcon_core.package_identification:_identify(src/ros2_so_arm100) by extensions ['ros']
[0.199s] Level 1:colcon.colcon_core.package_identification:_identify(src/ros2_so_arm100) by extension 'ros'
[0.199s] Level 1:colcon.colcon_core.package_identification:_identify(src/ros2_so_arm100) by extensions ['cmake', 'python']
[0.199s] Level 1:colcon.colcon_core.package_identification:_identify(src/ros2_so_arm100) by extension 'cmake'
[0.199s] Level 1:colcon.colcon_core.package_identification:_identify(src/ros2_so_arm100) by extension 'python'
[0.199s] Level 1:colcon.colcon_core.package_identification:_identify(src/ros2_so_arm100) by extensions ['python_setup_py']
[0.199s] Level 1:colcon.colcon_core.package_identification:_identify(src/ros2_so_arm100) by extension 'python_setup_py'
[0.199s] Level 1:colcon.colcon_core.package_identification:_identify(src/ros2_so_arm100/so_arm100_description) by extensions ['ignore', 'ignore_ament_install']
[0.199s] Level 1:colcon.colcon_core.package_identification:_identify(src/ros2_so_arm100/so_arm100_description) by extension 'ignore'
[0.199s] Level 1:colcon.colcon_core.package_identification:_identify(src/ros2_so_arm100/so_arm100_description) by extension 'ignore_ament_install'
[0.199s] Level 1:colcon.colcon_core.package_identification:_identify(src/ros2_so_arm100/so_arm100_description) by extensions ['colcon_pkg']
[0.200s] Level 1:colcon.colcon_core.package_identification:_identify(src/ros2_so_arm100/so_arm100_description) by extension 'colcon_pkg'
[0.200s] Level 1:colcon.colcon_core.package_identification:_identify(src/ros2_so_arm100/so_arm100_description) by extensions ['colcon_meta']
[0.200s] Level 1:colcon.colcon_core.package_identification:_identify(src/ros2_so_arm100/so_arm100_description) by extension 'colcon_meta'
[0.200s] Level 1:colcon.colcon_core.package_identification:_identify(src/ros2_so_arm100/so_arm100_description) by extensions ['ros']
[0.200s] Level 1:colcon.colcon_core.package_identification:_identify(src/ros2_so_arm100/so_arm100_description) by extension 'ros'
[0.200s] DEBUG:colcon.colcon_core.package_identification:Package 'src/ros2_so_arm100/so_arm100_description' with type 'ros.ament_cmake' and name 'so_arm100_description'
[0.200s] Level 1:colcon.colcon_core.package_identification:_identify(src/ros2_so_arm100/so_arm100_moveit_config) by extensions ['ignore', 'ignore_ament_install']
[0.200s] Level 1:colcon.colcon_core.package_identification:_identify(src/ros2_so_arm100/so_arm100_moveit_config) by extension 'ignore'
[0.200s] Level 1:colcon.colcon_core.package_identification:_identify(src/ros2_so_arm100/so_arm100_moveit_config) by extension 'ignore_ament_install'
[0.200s] Level 1:colcon.colcon_core.package_identification:_identify(src/ros2_so_arm100/so_arm100_moveit_config) by extensions ['colcon_pkg']
[0.200s] Level 1:colcon.colcon_core.package_identification:_identify(src/ros2_so_arm100/so_arm100_moveit_config) by extension 'colcon_pkg'
[0.200s] Level 1:colcon.colcon_core.package_identification:_identify(src/ros2_so_arm100/so_arm100_moveit_config) by extensions ['colcon_meta']
[0.200s] Level 1:colcon.colcon_core.package_identification:_identify(src/ros2_so_arm100/so_arm100_moveit_config) by extension 'colcon_meta'
[0.200s] Level 1:colcon.colcon_core.package_identification:_identify(src/ros2_so_arm100/so_arm100_moveit_config) by extensions ['ros']
[0.200s] Level 1:colcon.colcon_core.package_identification:_identify(src/ros2_so_arm100/so_arm100_moveit_config) by extension 'ros'
[0.201s] DEBUG:colcon.colcon_core.package_identification:Package 'src/ros2_so_arm100/so_arm100_moveit_config' with type 'ros.ament_cmake' and name 'so_arm100_moveit_config'
[0.201s] Level 1:colcon.colcon_core.package_identification:_identify(src/ros2_so_arm100/so_arm101_description) by extensions ['ignore', 'ignore_ament_install']
[0.201s] Level 1:colcon.colcon_core.package_identification:_identify(src/ros2_so_arm100/so_arm101_description) by extension 'ignore'
[0.201s] Level 1:colcon.colcon_core.package_identification:_identify(src/ros2_so_arm100/so_arm101_description) by extension 'ignore_ament_install'
[0.201s] Level 1:colcon.colcon_core.package_identification:_identify(src/ros2_so_arm100/so_arm101_description) by extensions ['colcon_pkg']
[0.201s] Level 1:colcon.colcon_core.package_identification:_identify(src/ros2_so_arm100/so_arm101_description) by extension 'colcon_pkg'
[0.201s] Level 1:colcon.colcon_core.package_identification:_identify(src/ros2_so_arm100/so_arm101_description) by extensions ['colcon_meta']
[0.201s] Level 1:colcon.colcon_core.package_identification:_identify(src/ros2_so_arm100/so_arm101_description) by extension 'colcon_meta'
[0.201s] Level 1:colcon.colcon_core.package_identification:_identify(src/ros2_so_arm100/so_arm101_description) by extensions ['ros']
[0.201s] Level 1:colcon.colcon_core.package_identification:_identify(src/ros2_so_arm100/so_arm101_description) by extension 'ros'
[0.202s] DEBUG:colcon.colcon_core.package_identification:Package 'src/ros2_so_arm100/so_arm101_description' with type 'ros.ament_cmake' and name 'so_arm101_description'
[0.202s] Level 1:colcon.colcon_core.package_identification:_identify(src/ros2_so_arm100/so_arm101_moveit_config) by extensions ['ignore', 'ignore_ament_install']
[0.202s] Level 1:colcon.colcon_core.package_identification:_identify(src/ros2_so_arm100/so_arm101_moveit_config) by extension 'ignore'
[0.202s] Level 1:colcon.colcon_core.package_identification:_identify(src/ros2_so_arm100/so_arm101_moveit_config) by extension 'ignore_ament_install'
[0.202s] Level 1:colcon.colcon_core.package_identification:_identify(src/ros2_so_arm100/so_arm101_moveit_config) by extensions ['colcon_pkg']
[0.202s] Level 1:colcon.colcon_core.package_identification:_identify(src/ros2_so_arm100/so_arm101_moveit_config) by extension 'colcon_pkg'
[0.202s] Level 1:colcon.colcon_core.package_identification:_identify(src/ros2_so_arm100/so_arm101_moveit_config) by extensions ['colcon_meta']
[0.202s] Level 1:colcon.colcon_core.package_identification:_identify(src/ros2_so_arm100/so_arm101_moveit_config) by extension 'colcon_meta'
[0.202s] Level 1:colcon.colcon_core.package_identification:_identify(src/ros2_so_arm100/so_arm101_moveit_config) by extensions ['ros']
[0.202s] Level 1:colcon.colcon_core.package_identification:_identify(src/ros2_so_arm100/so_arm101_moveit_config) by extension 'ros'
[0.203s] DEBUG:colcon.colcon_core.package_identification:Package 'src/ros2_so_arm100/so_arm101_moveit_config' with type 'ros.ament_cmake' and name 'so_arm101_moveit_config'
[0.203s] Level 1:colcon.colcon_core.package_identification:_identify(src/ros2_so_arm100/so_arm_gz) by extensions ['ignore', 'ignore_ament_install']
[0.203s] Level 1:colcon.colcon_core.package_identification:_identify(src/ros2_so_arm100/so_arm_gz) by extension 'ignore'
[0.203s] Level 1:colcon.colcon_core.package_identification:_identify(src/ros2_so_arm100/so_arm_gz) by extension 'ignore_ament_install'
[0.203s] Level 1:colcon.colcon_core.package_identification:_identify(src/ros2_so_arm100/so_arm_gz) by extensions ['colcon_pkg']
[0.203s] Level 1:colcon.colcon_core.package_identification:_identify(src/ros2_so_arm100/so_arm_gz) by extension 'colcon_pkg'
[0.203s] Level 1:colcon.colcon_core.package_identification:_identify(src/ros2_so_arm100/so_arm_gz) by extensions ['colcon_meta']
[0.203s] Level 1:colcon.colcon_core.package_identification:_identify(src/ros2_so_arm100/so_arm_gz) by extension 'colcon_meta'
[0.203s] Level 1:colcon.colcon_core.package_identification:_identify(src/ros2_so_arm100/so_arm_gz) by extensions ['ros']
[0.203s] Level 1:colcon.colcon_core.package_identification:_identify(src/ros2_so_arm100/so_arm_gz) by extension 'ros'
[0.203s] DEBUG:colcon.colcon_core.package_identification:Package 'src/ros2_so_arm100/so_arm_gz' with type 'ros.ament_cmake' and name 'so_arm_gz'
[0.203s] Level 1:colcon.colcon_core.package_identification:_identify(src/ros2_so_arm100/so_arm_utils) by extensions ['ignore', 'ignore_ament_install']
[0.203s] Level 1:colcon.colcon_core.package_identification:_identify(src/ros2_so_arm100/so_arm_utils) by extension 'ignore'
[0.204s] Level 1:colcon.colcon_core.package_identification:_identify(src/ros2_so_arm100/so_arm_utils) by extension 'ignore_ament_install'
[0.204s] Level 1:colcon.colcon_core.package_identification:_identify(src/ros2_so_arm100/so_arm_utils) by extensions ['colcon_pkg']
[0.204s] Level 1:colcon.colcon_core.package_identification:_identify(src/ros2_so_arm100/so_arm_utils) by extension 'colcon_pkg'
[0.204s] Level 1:colcon.colcon_core.package_identification:_identify(src/ros2_so_arm100/so_arm_utils) by extensions ['colcon_meta']
[0.204s] Level 1:colcon.colcon_core.package_identification:_identify(src/ros2_so_arm100/so_arm_utils) by extension 'colcon_meta'
[0.204s] Level 1:colcon.colcon_core.package_identification:_identify(src/ros2_so_arm100/so_arm_utils) by extensions ['ros']
[0.204s] Level 1:colcon.colcon_core.package_identification:_identify(src/ros2_so_arm100/so_arm_utils) by extension 'ros'
[0.204s] DEBUG:colcon.colcon_core.package_identification:Package 'src/ros2_so_arm100/so_arm_utils' with type 'ros.ament_cmake' and name 'so_arm_utils'
[0.204s] Level 1:colcon.colcon_core.package_discovery:discover_packages(recursive) using defaults
[0.204s] Level 1:colcon.colcon_core.package_discovery:discover_packages(ignore) discover
[0.204s] Level 1:colcon.colcon_core.package_discovery:discover_packages(ignore) using defaults
[0.204s] Level 1:colcon.colcon_core.package_discovery:discover_packages(path) discover
[0.204s] Level 1:colcon.colcon_core.package_discovery:discover_packages(path) using defaults
[0.223s] Level 1:colcon.colcon_core.package_discovery:discover_packages(prefix_path) check parameters
[0.223s] Level 1:colcon.colcon_core.package_discovery:discover_packages(prefix_path) discover
[0.226s] DEBUG:colcon.colcon_installed_package_information.package_discovery:Found 7 installed packages in /home/remii/Projects/so-arm/install
[0.228s] DEBUG:colcon.colcon_installed_package_information.package_discovery:Found 372 installed packages in /opt/ros/jazzy
[0.229s] Level 1:colcon.colcon_core.package_discovery:discover_packages(prefix_path) using defaults
[0.277s] Level 5:colcon.colcon_core.verb:set package 'feetech_ros2_driver' build argument 'cmake_args' from command line to 'None'
[0.277s] Level 5:colcon.colcon_core.verb:set package 'feetech_ros2_driver' build argument 'cmake_target' from command line to 'None'
[0.277s] Level 5:colcon.colcon_core.verb:set package 'feetech_ros2_driver' build argument 'cmake_target_skip_unavailable' from command line to 'False'
[0.277s] Level 5:colcon.colcon_core.verb:set package 'feetech_ros2_driver' build argument 'cmake_clean_cache' from command line to 'False'
[0.277s] Level 5:colcon.colcon_core.verb:set package 'feetech_ros2_driver' build argument 'cmake_clean_first' from command line to 'False'
[0.277s] Level 5:colcon.colcon_core.verb:set package 'feetech_ros2_driver' build argument 'cmake_force_configure' from command line to 'False'
[0.277s] Level 5:colcon.colcon_core.verb:set package 'feetech_ros2_driver' build argument 'ament_cmake_args' from command line to 'None'
[0.277s] Level 5:colcon.colcon_core.verb:set package 'feetech_ros2_driver' build argument 'catkin_cmake_args' from command line to 'None'
[0.277s] Level 5:colcon.colcon_core.verb:set package 'feetech_ros2_driver' build argument 'catkin_skip_building_tests' from command line to 'False'
[0.277s] DEBUG:colcon.colcon_core.verb:Building package 'feetech_ros2_driver' with the following arguments: {'ament_cmake_args': None, 'build_base': '/home/remii/Projects/so-arm/build/feetech_ros2_driver', 'catkin_cmake_args': None, 'catkin_skip_building_tests': False, 'cmake_args': None, 'cmake_clean_cache': False, 'cmake_clean_first': False, 'cmake_force_configure': False, 'cmake_target': None, 'cmake_target_skip_unavailable': False, 'install_base': '/home/remii/Projects/so-arm/install/feetech_ros2_driver', 'merge_install': False, 'path': '/home/remii/Projects/so-arm/src/feetech_ros2_driver', 'symlink_install': True, 'test_result_base': None}
[0.277s] Level 5:colcon.colcon_core.verb:set package 'so_arm_utils' build argument 'cmake_args' from command line to 'None'
[0.277s] Level 5:colcon.colcon_core.verb:set package 'so_arm_utils' build argument 'cmake_target' from command line to 'None'
[0.277s] Level 5:colcon.colcon_core.verb:set package 'so_arm_utils' build argument 'cmake_target_skip_unavailable' from command line to 'False'
[0.277s] Level 5:colcon.colcon_core.verb:set package 'so_arm_utils' build argument 'cmake_clean_cache' from command line to 'False'
[0.277s] Level 5:colcon.colcon_core.verb:set package 'so_arm_utils' build argument 'cmake_clean_first' from command line to 'False'
[0.277s] Level 5:colcon.colcon_core.verb:set package 'so_arm_utils' build argument 'cmake_force_configure' from command line to 'False'
[0.277s] Level 5:colcon.colcon_core.verb:set package 'so_arm_utils' build argument 'ament_cmake_args' from command line to 'None'
[0.277s] Level 5:colcon.colcon_core.verb:set package 'so_arm_utils' build argument 'catkin_cmake_args' from command line to 'None'
[0.277s] Level 5:colcon.colcon_core.verb:set package 'so_arm_utils' build argument 'catkin_skip_building_tests' from command line to 'False'
[0.277s] DEBUG:colcon.colcon_core.verb:Building package 'so_arm_utils' with the following arguments: {'ament_cmake_args': None, 'build_base': '/home/remii/Projects/so-arm/build/so_arm_utils', 'catkin_cmake_args': None, 'catkin_skip_building_tests': False, 'cmake_args': None, 'cmake_clean_cache': False, 'cmake_clean_first': False, 'cmake_force_configure': False, 'cmake_target': None, 'cmake_target_skip_unavailable': False, 'install_base': '/home/remii/Projects/so-arm/install/so_arm_utils', 'merge_install': False, 'path': '/home/remii/Projects/so-arm/src/ros2_so_arm100/so_arm_utils', 'symlink_install': True, 'test_result_base': None}
[0.278s] Level 5:colcon.colcon_core.verb:set package 'so_arm100_description' build argument 'cmake_args' from command line to 'None'
[0.278s] Level 5:colcon.colcon_core.verb:set package 'so_arm100_description' build argument 'cmake_target' from command line to 'None'
[0.278s] Level 5:colcon.colcon_core.verb:set package 'so_arm100_description' build argument 'cmake_target_skip_unavailable' from command line to 'False'
[0.278s] Level 5:colcon.colcon_core.verb:set package 'so_arm100_description' build argument 'cmake_clean_cache' from command line to 'False'
[0.278s] Level 5:colcon.colcon_core.verb:set package 'so_arm100_description' build argument 'cmake_clean_first' from command line to 'False'
[0.278s] Level 5:colcon.colcon_core.verb:set package 'so_arm100_description' build argument 'cmake_force_configure' from command line to 'False'
[0.278s] Level 5:colcon.colcon_core.verb:set package 'so_arm100_description' build argument 'ament_cmake_args' from command line to 'None'
[0.278s] Level 5:colcon.colcon_core.verb:set package 'so_arm100_description' build argument 'catkin_cmake_args' from command line to 'None'
[0.278s] Level 5:colcon.colcon_core.verb:set package 'so_arm100_description' build argument 'catkin_skip_building_tests' from command line to 'False'
[0.278s] DEBUG:colcon.colcon_core.verb:Building package 'so_arm100_description' with the following arguments: {'ament_cmake_args': None, 'build_base': '/home/remii/Projects/so-arm/build/so_arm100_description', 'catkin_cmake_args': None, 'catkin_skip_building_tests': False, 'cmake_args': None, 'cmake_clean_cache': False, 'cmake_clean_first': False, 'cmake_force_configure': False, 'cmake_target': None, 'cmake_target_skip_unavailable': False, 'install_base': '/home/remii/Projects/so-arm/install/so_arm100_description', 'merge_install': False, 'path': '/home/remii/Projects/so-arm/src/ros2_so_arm100/so_arm100_description', 'symlink_install': True, 'test_result_base': None}
[0.278s] Level 5:colcon.colcon_core.verb:set package 'so_arm101_description' build argument 'cmake_args' from command line to 'None'
[0.278s] Level 5:colcon.colcon_core.verb:set package 'so_arm101_description' build argument 'cmake_target' from command line to 'None'
[0.278s] Level 5:colcon.colcon_core.verb:set package 'so_arm101_description' build argument 'cmake_target_skip_unavailable' from command line to 'False'
[0.278s] Level 5:colcon.colcon_core.verb:set package 'so_arm101_description' build argument 'cmake_clean_cache' from command line to 'False'
[0.278s] Level 5:colcon.colcon_core.verb:set package 'so_arm101_description' build argument 'cmake_clean_first' from command line to 'False'
[0.278s] Level 5:colcon.colcon_core.verb:set package 'so_arm101_description' build argument 'cmake_force_configure' from command line to 'False'
[0.278s] Level 5:colcon.colcon_core.verb:set package 'so_arm101_description' build argument 'ament_cmake_args' from command line to 'None'
[0.278s] Level 5:colcon.colcon_core.verb:set package 'so_arm101_description' build argument 'catkin_cmake_args' from command line to 'None'
[0.278s] Level 5:colcon.colcon_core.verb:set package 'so_arm101_description' build argument 'catkin_skip_building_tests' from command line to 'False'
[0.278s] DEBUG:colcon.colcon_core.verb:Building package 'so_arm101_description' with the following arguments: {'ament_cmake_args': None, 'build_base': '/home/remii/Projects/so-arm/build/so_arm101_description', 'catkin_cmake_args': None, 'catkin_skip_building_tests': False, 'cmake_args': None, 'cmake_clean_cache': False, 'cmake_clean_first': False, 'cmake_force_configure': False, 'cmake_target': None, 'cmake_target_skip_unavailable': False, 'install_base': '/home/remii/Projects/so-arm/install/so_arm101_description', 'merge_install': False, 'path': '/home/remii/Projects/so-arm/src/ros2_so_arm100/so_arm101_description', 'symlink_install': True, 'test_result_base': None}
[0.278s] Level 5:colcon.colcon_core.verb:set package 'so_arm100_moveit_config' build argument 'cmake_args' from command line to 'None'
[0.278s] Level 5:colcon.colcon_core.verb:set package 'so_arm100_moveit_config' build argument 'cmake_target' from command line to 'None'
[0.278s] Level 5:colcon.colcon_core.verb:set package 'so_arm100_moveit_config' build argument 'cmake_target_skip_unavailable' from command line to 'False'
[0.278s] Level 5:colcon.colcon_core.verb:set package 'so_arm100_moveit_config' build argument 'cmake_clean_cache' from command line to 'False'
[0.278s] Level 5:colcon.colcon_core.verb:set package 'so_arm100_moveit_config' build argument 'cmake_clean_first' from command line to 'False'
[0.278s] Level 5:colcon.colcon_core.verb:set package 'so_arm100_moveit_config' build argument 'cmake_force_configure' from command line to 'False'
[0.279s] Level 5:colcon.colcon_core.verb:set package 'so_arm100_moveit_config' build argument 'ament_cmake_args' from command line to 'None'
[0.279s] Level 5:colcon.colcon_core.verb:set package 'so_arm100_moveit_config' build argument 'catkin_cmake_args' from command line to 'None'
[0.279s] Level 5:colcon.colcon_core.verb:set package 'so_arm100_moveit_config' build argument 'catkin_skip_building_tests' from command line to 'False'
[0.279s] DEBUG:colcon.colcon_core.verb:Building package 'so_arm100_moveit_config' with the following arguments: {'ament_cmake_args': None, 'build_base': '/home/remii/Projects/so-arm/build/so_arm100_moveit_config', 'catkin_cmake_args': None, 'catkin_skip_building_tests': False, 'cmake_args': None, 'cmake_clean_cache': False, 'cmake_clean_first': False, 'cmake_force_configure': False, 'cmake_target': None, 'cmake_target_skip_unavailable': False, 'install_base': '/home/remii/Projects/so-arm/install/so_arm100_moveit_config', 'merge_install': False, 'path': '/home/remii/Projects/so-arm/src/ros2_so_arm100/so_arm100_moveit_config', 'symlink_install': True, 'test_result_base': None}
[0.279s] Level 5:colcon.colcon_core.verb:set package 'so_arm101_moveit_config' build argument 'cmake_args' from command line to 'None'
[0.279s] Level 5:colcon.colcon_core.verb:set package 'so_arm101_moveit_config' build argument 'cmake_target' from command line to 'None'
[0.279s] Level 5:colcon.colcon_core.verb:set package 'so_arm101_moveit_config' build argument 'cmake_target_skip_unavailable' from command line to 'False'
[0.279s] Level 5:colcon.colcon_core.verb:set package 'so_arm101_moveit_config' build argument 'cmake_clean_cache' from command line to 'False'
[0.279s] Level 5:colcon.colcon_core.verb:set package 'so_arm101_moveit_config' build argument 'cmake_clean_first' from command line to 'False'
[0.279s] Level 5:colcon.colcon_core.verb:set package 'so_arm101_moveit_config' build argument 'cmake_force_configure' from command line to 'False'
[0.279s] Level 5:colcon.colcon_core.verb:set package 'so_arm101_moveit_config' build argument 'ament_cmake_args' from command line to 'None'
[0.279s] Level 5:colcon.colcon_core.verb:set package 'so_arm101_moveit_config' build argument 'catkin_cmake_args' from command line to 'None'
[0.279s] Level 5:colcon.colcon_core.verb:set package 'so_arm101_moveit_config' build argument 'catkin_skip_building_tests' from command line to 'False'
[0.279s] DEBUG:colcon.colcon_core.verb:Building package 'so_arm101_moveit_config' with the following arguments: {'ament_cmake_args': None, 'build_base': '/home/remii/Projects/so-arm/build/so_arm101_moveit_config', 'catkin_cmake_args': None, 'catkin_skip_building_tests': False, 'cmake_args': None, 'cmake_clean_cache': False, 'cmake_clean_first': False, 'cmake_force_configure': False, 'cmake_target': None, 'cmake_target_skip_unavailable': False, 'install_base': '/home/remii/Projects/so-arm/install/so_arm101_moveit_config', 'merge_install': False, 'path': '/home/remii/Projects/so-arm/src/ros2_so_arm100/so_arm101_moveit_config', 'symlink_install': True, 'test_result_base': None}
[0.279s] Level 5:colcon.colcon_core.verb:set package 'so_arm_gz' build argument 'cmake_args' from command line to 'None'
[0.279s] Level 5:colcon.colcon_core.verb:set package 'so_arm_gz' build argument 'cmake_target' from command line to 'None'
[0.279s] Level 5:colcon.colcon_core.verb:set package 'so_arm_gz' build argument 'cmake_target_skip_unavailable' from command line to 'False'
[0.279s] Level 5:colcon.colcon_core.verb:set package 'so_arm_gz' build argument 'cmake_clean_cache' from command line to 'False'
[0.279s] Level 5:colcon.colcon_core.verb:set package 'so_arm_gz' build argument 'cmake_clean_first' from command line to 'False'
[0.279s] Level 5:colcon.colcon_core.verb:set package 'so_arm_gz' build argument 'cmake_force_configure' from command line to 'False'
[0.279s] Level 5:colcon.colcon_core.verb:set package 'so_arm_gz' build argument 'ament_cmake_args' from command line to 'None'
[0.279s] Level 5:colcon.colcon_core.verb:set package 'so_arm_gz' build argument 'catkin_cmake_args' from command line to 'None'
[0.279s] Level 5:colcon.colcon_core.verb:set package 'so_arm_gz' build argument 'catkin_skip_building_tests' from command line to 'False'
[0.279s] DEBUG:colcon.colcon_core.verb:Building package 'so_arm_gz' with the following arguments: {'ament_cmake_args': None, 'build_base': '/home/remii/Projects/so-arm/build/so_arm_gz', 'catkin_cmake_args': None, 'catkin_skip_building_tests': False, 'cmake_args': None, 'cmake_clean_cache': False, 'cmake_clean_first': False, 'cmake_force_configure': False, 'cmake_target': None, 'cmake_target_skip_unavailable': False, 'install_base': '/home/remii/Projects/so-arm/install/so_arm_gz', 'merge_install': False, 'path': '/home/remii/Projects/so-arm/src/ros2_so_arm100/so_arm_gz', 'symlink_install': True, 'test_result_base': None}
[0.279s] INFO:colcon.colcon_core.executor:Executing jobs using 'parallel' executor
[0.280s] DEBUG:colcon.colcon_parallel_executor.executor.parallel:run_until_complete
[0.280s] INFO:colcon.colcon_ros.task.ament_cmake.build:Building ROS package in '/home/remii/Projects/so-arm/src/feetech_ros2_driver' with build type 'ament_cmake'
[0.280s] INFO:colcon.colcon_cmake.task.cmake.build:Building CMake package in '/home/remii/Projects/so-arm/src/feetech_ros2_driver'
[0.283s] INFO:colcon.colcon_core.plugin_system:Skipping extension 'colcon_core.shell.bat': Not used on non-Windows systems
[0.284s] INFO:colcon.colcon_core.shell:Skip shell extension 'powershell' for command environment: Not usable outside of PowerShell
[0.284s] DEBUG:colcon.colcon_core.shell:Skip shell extension 'dsv' for command environment
[0.287s] INFO:colcon.colcon_ros.task.ament_cmake.build:Building ROS package in '/home/remii/Projects/so-arm/src/ros2_so_arm100/so_arm_utils' with build type 'ament_cmake'
[0.287s] INFO:colcon.colcon_cmake.task.cmake.build:Building CMake package in '/home/remii/Projects/so-arm/src/ros2_so_arm100/so_arm_utils'
[0.287s] INFO:colcon.colcon_core.shell:Skip shell extension 'powershell' for command environment: Not usable outside of PowerShell
[0.287s] DEBUG:colcon.colcon_core.shell:Skip shell extension 'dsv' for command environment
[0.294s] DEBUG:colcon.colcon_core.event_handler.log_command:Invoking command in '/home/remii/Projects/so-arm/build/feetech_ros2_driver': CMAKE_PREFIX_PATH=${CMAKE_PREFIX_PATH}:/opt/ros/jazzy DEBUGINFOD_URLS=https://debuginfod.ubuntu.com /usr/bin/cmake --build /home/remii/Projects/so-arm/build/feetech_ros2_driver -- -j8 -l8
[0.297s] DEBUG:colcon.colcon_core.event_handler.log_command:Invoking command in '/home/remii/Projects/so-arm/build/so_arm_utils': CMAKE_PREFIX_PATH=${CMAKE_PREFIX_PATH}:/opt/ros/jazzy DEBUGINFOD_URLS=https://debuginfod.ubuntu.com /usr/bin/cmake --build /home/remii/Projects/so-arm/build/so_arm_utils -- -j8 -l8
[0.423s] DEBUG:colcon.colcon_core.event_handler.log_command:Invoked command in '/home/remii/Projects/so-arm/build/feetech_ros2_driver' returned '0': CMAKE_PREFIX_PATH=${CMAKE_PREFIX_PATH}:/opt/ros/jazzy DEBUGINFOD_URLS=https://debuginfod.ubuntu.com /usr/bin/cmake --build /home/remii/Projects/so-arm/build/feetech_ros2_driver -- -j8 -l8
[0.430s] DEBUG:colcon.colcon_core.event_handler.log_command:Invoking command in '/home/remii/Projects/so-arm/build/feetech_ros2_driver': CMAKE_PREFIX_PATH=${CMAKE_PREFIX_PATH}:/opt/ros/jazzy DEBUGINFOD_URLS=https://debuginfod.ubuntu.com /usr/bin/cmake --install /home/remii/Projects/so-arm/build/feetech_ros2_driver
[0.460s] Level 1:colcon.colcon_core.environment:create_environment_scripts_only(feetech_ros2_driver)
[0.461s] DEBUG:colcon.colcon_core.event_handler.log_command:Invoked command in '/home/remii/Projects/so-arm/build/feetech_ros2_driver' returned '0': CMAKE_PREFIX_PATH=${CMAKE_PREFIX_PATH}:/opt/ros/jazzy DEBUGINFOD_URLS=https://debuginfod.ubuntu.com /usr/bin/cmake --install /home/remii/Projects/so-arm/build/feetech_ros2_driver
[0.464s] Level 1:colcon.colcon_core.environment:checking '/home/remii/Projects/so-arm/install/feetech_ros2_driver' for CMake module files
[0.464s] Level 1:colcon.colcon_core.environment:checking '/home/remii/Projects/so-arm/install/feetech_ros2_driver' for CMake config files
[0.464s] Level 1:colcon.colcon_core.shell:create_environment_hook('feetech_ros2_driver', 'cmake_prefix_path')
[0.464s] INFO:colcon.colcon_core.shell:Creating environment hook '/home/remii/Projects/so-arm/install/feetech_ros2_driver/share/feetech_ros2_driver/hook/cmake_prefix_path.ps1'
[0.465s] INFO:colcon.colcon_core.shell:Creating environment descriptor '/home/remii/Projects/so-arm/install/feetech_ros2_driver/share/feetech_ros2_driver/hook/cmake_prefix_path.dsv'
[0.465s] INFO:colcon.colcon_core.shell:Creating environment hook '/home/remii/Projects/so-arm/install/feetech_ros2_driver/share/feetech_ros2_driver/hook/cmake_prefix_path.sh'
[0.466s] Level 1:colcon.colcon_core.environment:checking '/home/remii/Projects/so-arm/install/feetech_ros2_driver/lib'
[0.466s] Level 1:colcon.colcon_core.shell:create_environment_hook('feetech_ros2_driver', 'ld_library_path_lib')
[0.466s] INFO:colcon.colcon_core.shell:Creating environment hook '/home/remii/Projects/so-arm/install/feetech_ros2_driver/share/feetech_ros2_driver/hook/ld_library_path_lib.ps1'
[0.467s] INFO:colcon.colcon_core.shell:Creating environment descriptor '/home/remii/Projects/so-arm/install/feetech_ros2_driver/share/feetech_ros2_driver/hook/ld_library_path_lib.dsv'
[0.467s] INFO:colcon.colcon_core.shell:Creating environment hook '/home/remii/Projects/so-arm/install/feetech_ros2_driver/share/feetech_ros2_driver/hook/ld_library_path_lib.sh'
[0.467s] Level 1:colcon.colcon_core.environment:checking '/home/remii/Projects/so-arm/install/feetech_ros2_driver/bin'
[0.467s] Level 1:colcon.colcon_core.shell:create_environment_hook('feetech_ros2_driver', 'path')
[0.467s] INFO:colcon.colcon_core.shell:Creating environment hook '/home/remii/Projects/so-arm/install/feetech_ros2_driver/share/feetech_ros2_driver/hook/path.ps1'
[0.468s] INFO:colcon.colcon_core.shell:Creating environment descriptor '/home/remii/Projects/so-arm/install/feetech_ros2_driver/share/feetech_ros2_driver/hook/path.dsv'
[0.468s] INFO:colcon.colcon_core.shell:Creating environment hook '/home/remii/Projects/so-arm/install/feetech_ros2_driver/share/feetech_ros2_driver/hook/path.sh'
[0.468s] Level 1:colcon.colcon_core.environment:checking '/home/remii/Projects/so-arm/install/feetech_ros2_driver/lib/pkgconfig/feetech_ros2_driver.pc'
[0.468s] Level 1:colcon.colcon_core.environment:checking '/home/remii/Projects/so-arm/install/feetech_ros2_driver/lib/python3.12/site-packages'
[0.469s] Level 1:colcon.colcon_core.environment:checking '/home/remii/Projects/so-arm/install/feetech_ros2_driver/bin'
[0.469s] Level 1:colcon.colcon_core.shell:create_environment_hook('feetech_ros2_driver', 'pythonscriptspath')
[0.469s] INFO:colcon.colcon_core.shell:Creating environment hook '/home/remii/Projects/so-arm/install/feetech_ros2_driver/share/feetech_ros2_driver/hook/pythonscriptspath.ps1'
[0.469s] INFO:colcon.colcon_core.shell:Creating environment descriptor '/home/remii/Projects/so-arm/install/feetech_ros2_driver/share/feetech_ros2_driver/hook/pythonscriptspath.dsv'
[0.469s] INFO:colcon.colcon_core.shell:Creating environment hook '/home/remii/Projects/so-arm/install/feetech_ros2_driver/share/feetech_ros2_driver/hook/pythonscriptspath.sh'
[0.470s] INFO:colcon.colcon_core.shell:Creating package script '/home/remii/Projects/so-arm/install/feetech_ros2_driver/share/feetech_ros2_driver/package.ps1'
[0.471s] INFO:colcon.colcon_core.shell:Creating package descriptor '/home/remii/Projects/so-arm/install/feetech_ros2_driver/share/feetech_ros2_driver/package.dsv'
[0.471s] INFO:colcon.colcon_core.shell:Creating package script '/home/remii/Projects/so-arm/install/feetech_ros2_driver/share/feetech_ros2_driver/package.sh'
[0.472s] INFO:colcon.colcon_core.shell:Creating package script '/home/remii/Projects/so-arm/install/feetech_ros2_driver/share/feetech_ros2_driver/package.bash'
[0.473s] INFO:colcon.colcon_core.shell:Creating package script '/home/remii/Projects/so-arm/install/feetech_ros2_driver/share/feetech_ros2_driver/package.zsh'
[0.473s] Level 1:colcon.colcon_core.environment:create_file_with_runtime_dependencies(/home/remii/Projects/so-arm/install/feetech_ros2_driver/share/colcon-core/packages/feetech_ros2_driver)
[0.473s] Level 1:colcon.colcon_core.environment:create_environment_scripts_only(feetech_ros2_driver)
[0.474s] Level 1:colcon.colcon_core.environment:checking '/home/remii/Projects/so-arm/install/feetech_ros2_driver' for CMake module files
[0.474s] Level 1:colcon.colcon_core.environment:checking '/home/remii/Projects/so-arm/install/feetech_ros2_driver' for CMake config files
[0.474s] Level 1:colcon.colcon_core.shell:create_environment_hook('feetech_ros2_driver', 'cmake_prefix_path')
[0.474s] INFO:colcon.colcon_core.shell:Creating environment hook '/home/remii/Projects/so-arm/install/feetech_ros2_driver/share/feetech_ros2_driver/hook/cmake_prefix_path.ps1'
[0.475s] INFO:colcon.colcon_core.shell:Creating environment descriptor '/home/remii/Projects/so-arm/install/feetech_ros2_driver/share/feetech_ros2_driver/hook/cmake_prefix_path.dsv'
[0.475s] INFO:colcon.colcon_core.shell:Creating environment hook '/home/remii/Projects/so-arm/install/feetech_ros2_driver/share/feetech_ros2_driver/hook/cmake_prefix_path.sh'
[0.475s] Level 1:colcon.colcon_core.environment:checking '/home/remii/Projects/so-arm/install/feetech_ros2_driver/lib'
[0.475s] Level 1:colcon.colcon_core.shell:create_environment_hook('feetech_ros2_driver', 'ld_library_path_lib')
[0.475s] INFO:colcon.colcon_core.shell:Creating environment hook '/home/remii/Projects/so-arm/install/feetech_ros2_driver/share/feetech_ros2_driver/hook/ld_library_path_lib.ps1'
[0.476s] INFO:colcon.colcon_core.shell:Creating environment descriptor '/home/remii/Projects/so-arm/install/feetech_ros2_driver/share/feetech_ros2_driver/hook/ld_library_path_lib.dsv'
[0.476s] INFO:colcon.colcon_core.shell:Creating environment hook '/home/remii/Projects/so-arm/install/feetech_ros2_driver/share/feetech_ros2_driver/hook/ld_library_path_lib.sh'
[0.476s] Level 1:colcon.colcon_core.environment:checking '/home/remii/Projects/so-arm/install/feetech_ros2_driver/bin'
[0.476s] Level 1:colcon.colcon_core.shell:create_environment_hook('feetech_ros2_driver', 'path')
[0.476s] INFO:colcon.colcon_core.shell:Creating environment hook '/home/remii/Projects/so-arm/install/feetech_ros2_driver/share/feetech_ros2_driver/hook/path.ps1'
[0.477s] INFO:colcon.colcon_core.shell:Creating environment descriptor '/home/remii/Projects/so-arm/install/feetech_ros2_driver/share/feetech_ros2_driver/hook/path.dsv'
[0.477s] INFO:colcon.colcon_core.shell:Creating environment hook '/home/remii/Projects/so-arm/install/feetech_ros2_driver/share/feetech_ros2_driver/hook/path.sh'
[0.477s] Level 1:colcon.colcon_core.environment:checking '/home/remii/Projects/so-arm/install/feetech_ros2_driver/lib/pkgconfig/feetech_ros2_driver.pc'
[0.477s] Level 1:colcon.colcon_core.environment:checking '/home/remii/Projects/so-arm/install/feetech_ros2_driver/lib/python3.12/site-packages'
[0.478s] Level 1:colcon.colcon_core.environment:checking '/home/remii/Projects/so-arm/install/feetech_ros2_driver/bin'
[0.478s] Level 1:colcon.colcon_core.shell:create_environment_hook('feetech_ros2_driver', 'pythonscriptspath')
[0.478s] INFO:colcon.colcon_core.shell:Creating environment hook '/home/remii/Projects/so-arm/install/feetech_ros2_driver/share/feetech_ros2_driver/hook/pythonscriptspath.ps1'
[0.478s] INFO:colcon.colcon_core.shell:Creating environment descriptor '/home/remii/Projects/so-arm/install/feetech_ros2_driver/share/feetech_ros2_driver/hook/pythonscriptspath.dsv'
[0.478s] INFO:colcon.colcon_core.shell:Creating environment hook '/home/remii/Projects/so-arm/install/feetech_ros2_driver/share/feetech_ros2_driver/hook/pythonscriptspath.sh'
[0.479s] INFO:colcon.colcon_core.shell:Creating package script '/home/remii/Projects/so-arm/install/feetech_ros2_driver/share/feetech_ros2_driver/package.ps1'
[0.479s] INFO:colcon.colcon_core.shell:Creating package descriptor '/home/remii/Projects/so-arm/install/feetech_ros2_driver/share/feetech_ros2_driver/package.dsv'
[0.480s] INFO:colcon.colcon_core.shell:Creating package script '/home/remii/Projects/so-arm/install/feetech_ros2_driver/share/feetech_ros2_driver/package.sh'
[0.480s] INFO:colcon.colcon_core.shell:Creating package script '/home/remii/Projects/so-arm/install/feetech_ros2_driver/share/feetech_ros2_driver/package.bash'
[0.481s] INFO:colcon.colcon_core.shell:Creating package script '/home/remii/Projects/so-arm/install/feetech_ros2_driver/share/feetech_ros2_driver/package.zsh'
[0.481s] Level 1:colcon.colcon_core.environment:create_file_with_runtime_dependencies(/home/remii/Projects/so-arm/install/feetech_ros2_driver/share/colcon-core/packages/feetech_ros2_driver)
[0.840s] DEBUG:colcon.colcon_core.event_handler.log_command:Invoked command in '/home/remii/Projects/so-arm/build/so_arm_utils' returned '0': CMAKE_PREFIX_PATH=${CMAKE_PREFIX_PATH}:/opt/ros/jazzy DEBUGINFOD_URLS=https://debuginfod.ubuntu.com /usr/bin/cmake --build /home/remii/Projects/so-arm/build/so_arm_utils -- -j8 -l8
[0.842s] DEBUG:colcon.colcon_core.event_handler.log_command:Invoking command in '/home/remii/Projects/so-arm/build/so_arm_utils': CMAKE_PREFIX_PATH=${CMAKE_PREFIX_PATH}:/opt/ros/jazzy DEBUGINFOD_URLS=https://debuginfod.ubuntu.com /usr/bin/cmake --install /home/remii/Projects/so-arm/build/so_arm_utils
[0.894s] Level 1:colcon.colcon_core.environment:create_environment_scripts_only(so_arm_utils)
[0.895s] Level 1:colcon.colcon_core.environment:checking '/home/remii/Projects/so-arm/install/so_arm_utils' for CMake module files
[0.895s] DEBUG:colcon.colcon_core.event_handler.log_command:Invoked command in '/home/remii/Projects/so-arm/build/so_arm_utils' returned '0': CMAKE_PREFIX_PATH=${CMAKE_PREFIX_PATH}:/opt/ros/jazzy DEBUGINFOD_URLS=https://debuginfod.ubuntu.com /usr/bin/cmake --install /home/remii/Projects/so-arm/build/so_arm_utils
[0.896s] Level 1:colcon.colcon_core.environment:checking '/home/remii/Projects/so-arm/install/so_arm_utils' for CMake config files
[0.896s] Level 1:colcon.colcon_core.shell:create_environment_hook('so_arm_utils', 'cmake_prefix_path')
[0.896s] INFO:colcon.colcon_core.shell:Creating environment hook '/home/remii/Projects/so-arm/install/so_arm_utils/share/so_arm_utils/hook/cmake_prefix_path.ps1'
[0.896s] INFO:colcon.colcon_core.shell:Creating environment descriptor '/home/remii/Projects/so-arm/install/so_arm_utils/share/so_arm_utils/hook/cmake_prefix_path.dsv'
[0.897s] INFO:colcon.colcon_core.shell:Creating environment hook '/home/remii/Projects/so-arm/install/so_arm_utils/share/so_arm_utils/hook/cmake_prefix_path.sh'
[0.897s] Level 1:colcon.colcon_core.environment:checking '/home/remii/Projects/so-arm/install/so_arm_utils/lib'
[0.897s] Level 1:colcon.colcon_core.environment:checking '/home/remii/Projects/so-arm/install/so_arm_utils/bin'
[0.897s] Level 1:colcon.colcon_core.environment:checking '/home/remii/Projects/so-arm/install/so_arm_utils/lib/pkgconfig/so_arm_utils.pc'
[0.897s] Level 1:colcon.colcon_core.environment:checking '/home/remii/Projects/so-arm/install/so_arm_utils/lib/python3.12/site-packages'
[0.897s] Level 1:colcon.colcon_core.shell:create_environment_hook('so_arm_utils', 'pythonpath')
[0.898s] INFO:colcon.colcon_core.shell:Creating environment hook '/home/remii/Projects/so-arm/install/so_arm_utils/share/so_arm_utils/hook/pythonpath.ps1'
[0.898s] INFO:colcon.colcon_core.shell:Creating environment descriptor '/home/remii/Projects/so-arm/install/so_arm_utils/share/so_arm_utils/hook/pythonpath.dsv'
[0.898s] INFO:colcon.colcon_core.shell:Creating environment hook '/home/remii/Projects/so-arm/install/so_arm_utils/share/so_arm_utils/hook/pythonpath.sh'
[0.899s] Level 1:colcon.colcon_core.environment:checking '/home/remii/Projects/so-arm/install/so_arm_utils/bin'
[0.899s] INFO:colcon.colcon_core.shell:Creating package script '/home/remii/Projects/so-arm/install/so_arm_utils/share/so_arm_utils/package.ps1'
[0.899s] INFO:colcon.colcon_core.shell:Creating package descriptor '/home/remii/Projects/so-arm/install/so_arm_utils/share/so_arm_utils/package.dsv'
[0.899s] INFO:colcon.colcon_core.shell:Creating package script '/home/remii/Projects/so-arm/install/so_arm_utils/share/so_arm_utils/package.sh'
[0.900s] INFO:colcon.colcon_core.shell:Creating package script '/home/remii/Projects/so-arm/install/so_arm_utils/share/so_arm_utils/package.bash'
[0.900s] INFO:colcon.colcon_core.shell:Creating package script '/home/remii/Projects/so-arm/install/so_arm_utils/share/so_arm_utils/package.zsh'
[0.900s] Level 1:colcon.colcon_core.environment:create_file_with_runtime_dependencies(/home/remii/Projects/so-arm/install/so_arm_utils/share/colcon-core/packages/so_arm_utils)
[0.901s] Level 1:colcon.colcon_core.environment:create_environment_scripts_only(so_arm_utils)
[0.901s] Level 1:colcon.colcon_core.environment:checking '/home/remii/Projects/so-arm/install/so_arm_utils' for CMake module files
[0.901s] Level 1:colcon.colcon_core.environment:checking '/home/remii/Projects/so-arm/install/so_arm_utils' for CMake config files
[0.901s] Level 1:colcon.colcon_core.shell:create_environment_hook('so_arm_utils', 'cmake_prefix_path')
[0.901s] INFO:colcon.colcon_core.shell:Creating environment hook '/home/remii/Projects/so-arm/install/so_arm_utils/share/so_arm_utils/hook/cmake_prefix_path.ps1'
[0.902s] INFO:colcon.colcon_core.shell:Creating environment descriptor '/home/remii/Projects/so-arm/install/so_arm_utils/share/so_arm_utils/hook/cmake_prefix_path.dsv'
[0.902s] INFO:colcon.colcon_core.shell:Creating environment hook '/home/remii/Projects/so-arm/install/so_arm_utils/share/so_arm_utils/hook/cmake_prefix_path.sh'
[0.902s] Level 1:colcon.colcon_core.environment:checking '/home/remii/Projects/so-arm/install/so_arm_utils/lib'
[0.902s] Level 1:colcon.colcon_core.environment:checking '/home/remii/Projects/so-arm/install/so_arm_utils/bin'
[0.902s] Level 1:colcon.colcon_core.environment:checking '/home/remii/Projects/so-arm/install/so_arm_utils/lib/pkgconfig/so_arm_utils.pc'
[0.903s] Level 1:colcon.colcon_core.environment:checking '/home/remii/Projects/so-arm/install/so_arm_utils/lib/python3.12/site-packages'
[0.903s] Level 1:colcon.colcon_core.shell:create_environment_hook('so_arm_utils', 'pythonpath')
[0.903s] INFO:colcon.colcon_core.shell:Creating environment hook '/home/remii/Projects/so-arm/install/so_arm_utils/share/so_arm_utils/hook/pythonpath.ps1'
[0.903s] INFO:colcon.colcon_core.shell:Creating environment descriptor '/home/remii/Projects/so-arm/install/so_arm_utils/share/so_arm_utils/hook/pythonpath.dsv'
[0.903s] INFO:colcon.colcon_core.shell:Creating environment hook '/home/remii/Projects/so-arm/install/so_arm_utils/share/so_arm_utils/hook/pythonpath.sh'
[0.904s] Level 1:colcon.colcon_core.environment:checking '/home/remii/Projects/so-arm/install/so_arm_utils/bin'
[0.904s] INFO:colcon.colcon_core.shell:Creating package script '/home/remii/Projects/so-arm/install/so_arm_utils/share/so_arm_utils/package.ps1'
[0.904s] INFO:colcon.colcon_core.shell:Creating package descriptor '/home/remii/Projects/so-arm/install/so_arm_utils/share/so_arm_utils/package.dsv'
[0.905s] INFO:colcon.colcon_core.shell:Creating package script '/home/remii/Projects/so-arm/install/so_arm_utils/share/so_arm_utils/package.sh'
[0.905s] INFO:colcon.colcon_core.shell:Creating package script '/home/remii/Projects/so-arm/install/so_arm_utils/share/so_arm_utils/package.bash'
[0.905s] INFO:colcon.colcon_core.shell:Creating package script '/home/remii/Projects/so-arm/install/so_arm_utils/share/so_arm_utils/package.zsh'
[0.906s] Level 1:colcon.colcon_core.environment:create_file_with_runtime_dependencies(/home/remii/Projects/so-arm/install/so_arm_utils/share/colcon-core/packages/so_arm_utils)
[0.906s] INFO:colcon.colcon_ros.task.ament_cmake.build:Building ROS package in '/home/remii/Projects/so-arm/src/ros2_so_arm100/so_arm100_description' with build type 'ament_cmake'
[0.906s] INFO:colcon.colcon_cmake.task.cmake.build:Building CMake package in '/home/remii/Projects/so-arm/src/ros2_so_arm100/so_arm100_description'
[0.906s] INFO:colcon.colcon_core.shell:Skip shell extension 'powershell' for command environment: Not usable outside of PowerShell
[0.906s] DEBUG:colcon.colcon_core.shell:Skip shell extension 'dsv' for command environment
[0.910s] INFO:colcon.colcon_ros.task.ament_cmake.build:Building ROS package in '/home/remii/Projects/so-arm/src/ros2_so_arm100/so_arm101_description' with build type 'ament_cmake'
[0.910s] INFO:colcon.colcon_cmake.task.cmake.build:Building CMake package in '/home/remii/Projects/so-arm/src/ros2_so_arm100/so_arm101_description'
[0.910s] INFO:colcon.colcon_core.shell:Skip shell extension 'powershell' for command environment: Not usable outside of PowerShell
[0.910s] DEBUG:colcon.colcon_core.shell:Skip shell extension 'dsv' for command environment
[0.917s] DEBUG:colcon.colcon_core.event_handler.log_command:Invoking command in '/home/remii/Projects/so-arm/build/so_arm100_description': CMAKE_PREFIX_PATH=/home/remii/Projects/so-arm/install/so_arm_utils:/home/remii/Projects/so-arm/install/feetech_ros2_driver:/home/remii/Projects/so-arm/install/so_arm_gz:/home/remii/Projects/so-arm/install/so_arm101_moveit_config:/home/remii/Projects/so-arm/install/so_arm101_description:/home/remii/Projects/so-arm/install/so_arm100_moveit_config:/home/remii/Projects/so-arm/install/so_arm100_description:/opt/ros/jazzy/opt/gz_sim_vendor:/opt/ros/jazzy/opt/gz_sensors_vendor:/opt/ros/jazzy/opt/gz_physics_vendor:/opt/ros/jazzy/opt/sdformat_vendor:/opt/ros/jazzy/opt/gz_gui_vendor:/opt/ros/jazzy/opt/gz_transport_vendor:/opt/ros/jazzy/opt/gz_rendering_vendor:/opt/ros/jazzy/opt/gz_plugin_vendor:/opt/ros/jazzy/opt/gz_fuel_tools_vendor:/opt/ros/jazzy/opt/gz_msgs_vendor:/opt/ros/jazzy/opt/gz_common_vendor:/opt/ros/jazzy/opt/gz_math_vendor:/opt/ros/jazzy/opt/gz_utils_vendor:/opt/ros/jazzy/opt/gz_tools_vendor:/opt/ros/jazzy/opt/gz_ogre_next_vendor:/opt/ros/jazzy/opt/gz_dartsim_vendor:/opt/ros/jazzy/opt/gz_cmake_vendor:/opt/ros/jazzy DEBUGINFOD_URLS=https://debuginfod.ubuntu.com /usr/bin/cmake --build /home/remii/Projects/so-arm/build/so_arm100_description -- -j8 -l8
[0.919s] DEBUG:colcon.colcon_core.event_handler.log_command:Invoking command in '/home/remii/Projects/so-arm/build/so_arm101_description': CMAKE_PREFIX_PATH=/home/remii/Projects/so-arm/install/so_arm_utils:/home/remii/Projects/so-arm/install/feetech_ros2_driver:/home/remii/Projects/so-arm/install/so_arm_gz:/home/remii/Projects/so-arm/install/so_arm101_moveit_config:/home/remii/Projects/so-arm/install/so_arm101_description:/home/remii/Projects/so-arm/install/so_arm100_moveit_config:/home/remii/Projects/so-arm/install/so_arm100_description:/opt/ros/jazzy/opt/gz_sim_vendor:/opt/ros/jazzy/opt/gz_sensors_vendor:/opt/ros/jazzy/opt/gz_physics_vendor:/opt/ros/jazzy/opt/sdformat_vendor:/opt/ros/jazzy/opt/gz_gui_vendor:/opt/ros/jazzy/opt/gz_transport_vendor:/opt/ros/jazzy/opt/gz_rendering_vendor:/opt/ros/jazzy/opt/gz_plugin_vendor:/opt/ros/jazzy/opt/gz_fuel_tools_vendor:/opt/ros/jazzy/opt/gz_msgs_vendor:/opt/ros/jazzy/opt/gz_common_vendor:/opt/ros/jazzy/opt/gz_math_vendor:/opt/ros/jazzy/opt/gz_utils_vendor:/opt/ros/jazzy/opt/gz_tools_vendor:/opt/ros/jazzy/opt/gz_ogre_next_vendor:/opt/ros/jazzy/opt/gz_dartsim_vendor:/opt/ros/jazzy/opt/gz_cmake_vendor:/opt/ros/jazzy DEBUGINFOD_URLS=https://debuginfod.ubuntu.com /usr/bin/cmake --build /home/remii/Projects/so-arm/build/so_arm101_description -- -j8 -l8
[0.944s] DEBUG:colcon.colcon_core.event_handler.log_command:Invoked command in '/home/remii/Projects/so-arm/build/so_arm100_description' returned '0': CMAKE_PREFIX_PATH=/home/remii/Projects/so-arm/install/so_arm_utils:/home/remii/Projects/so-arm/install/feetech_ros2_driver:/home/remii/Projects/so-arm/install/so_arm_gz:/home/remii/Projects/so-arm/install/so_arm101_moveit_config:/home/remii/Projects/so-arm/install/so_arm101_description:/home/remii/Projects/so-arm/install/so_arm100_moveit_config:/home/remii/Projects/so-arm/install/so_arm100_description:/opt/ros/jazzy/opt/gz_sim_vendor:/opt/ros/jazzy/opt/gz_sensors_vendor:/opt/ros/jazzy/opt/gz_physics_vendor:/opt/ros/jazzy/opt/sdformat_vendor:/opt/ros/jazzy/opt/gz_gui_vendor:/opt/ros/jazzy/opt/gz_transport_vendor:/opt/ros/jazzy/opt/gz_rendering_vendor:/opt/ros/jazzy/opt/gz_plugin_vendor:/opt/ros/jazzy/opt/gz_fuel_tools_vendor:/opt/ros/jazzy/opt/gz_msgs_vendor:/opt/ros/jazzy/opt/gz_common_vendor:/opt/ros/jazzy/opt/gz_math_vendor:/opt/ros/jazzy/opt/gz_utils_vendor:/opt/ros/jazzy/opt/gz_tools_vendor:/opt/ros/jazzy/opt/gz_ogre_next_vendor:/opt/ros/jazzy/opt/gz_dartsim_vendor:/opt/ros/jazzy/opt/gz_cmake_vendor:/opt/ros/jazzy DEBUGINFOD_URLS=https://debuginfod.ubuntu.com /usr/bin/cmake --build /home/remii/Projects/so-arm/build/so_arm100_description -- -j8 -l8
[0.945s] DEBUG:colcon.colcon_core.event_handler.log_command:Invoking command in '/home/remii/Projects/so-arm/build/so_arm100_description': CMAKE_PREFIX_PATH=/home/remii/Projects/so-arm/install/so_arm_utils:/home/remii/Projects/so-arm/install/feetech_ros2_driver:/home/remii/Projects/so-arm/install/so_arm_gz:/home/remii/Projects/so-arm/install/so_arm101_moveit_config:/home/remii/Projects/so-arm/install/so_arm101_description:/home/remii/Projects/so-arm/install/so_arm100_moveit_config:/home/remii/Projects/so-arm/install/so_arm100_description:/opt/ros/jazzy/opt/gz_sim_vendor:/opt/ros/jazzy/opt/gz_sensors_vendor:/opt/ros/jazzy/opt/gz_physics_vendor:/opt/ros/jazzy/opt/sdformat_vendor:/opt/ros/jazzy/opt/gz_gui_vendor:/opt/ros/jazzy/opt/gz_transport_vendor:/opt/ros/jazzy/opt/gz_rendering_vendor:/opt/ros/jazzy/opt/gz_plugin_vendor:/opt/ros/jazzy/opt/gz_fuel_tools_vendor:/opt/ros/jazzy/opt/gz_msgs_vendor:/opt/ros/jazzy/opt/gz_common_vendor:/opt/ros/jazzy/opt/gz_math_vendor:/opt/ros/jazzy/opt/gz_utils_vendor:/opt/ros/jazzy/opt/gz_tools_vendor:/opt/ros/jazzy/opt/gz_ogre_next_vendor:/opt/ros/jazzy/opt/gz_dartsim_vendor:/opt/ros/jazzy/opt/gz_cmake_vendor:/opt/ros/jazzy DEBUGINFOD_URLS=https://debuginfod.ubuntu.com /usr/bin/cmake --install /home/remii/Projects/so-arm/build/so_arm100_description
[0.946s] DEBUG:colcon.colcon_core.event_handler.log_command:Invoked command in '/home/remii/Projects/so-arm/build/so_arm101_description' returned '0': CMAKE_PREFIX_PATH=/home/remii/Projects/so-arm/install/so_arm_utils:/home/remii/Projects/so-arm/install/feetech_ros2_driver:/home/remii/Projects/so-arm/install/so_arm_gz:/home/remii/Projects/so-arm/install/so_arm101_moveit_config:/home/remii/Projects/so-arm/install/so_arm101_description:/home/remii/Projects/so-arm/install/so_arm100_moveit_config:/home/remii/Projects/so-arm/install/so_arm100_description:/opt/ros/jazzy/opt/gz_sim_vendor:/opt/ros/jazzy/opt/gz_sensors_vendor:/opt/ros/jazzy/opt/gz_physics_vendor:/opt/ros/jazzy/opt/sdformat_vendor:/opt/ros/jazzy/opt/gz_gui_vendor:/opt/ros/jazzy/opt/gz_transport_vendor:/opt/ros/jazzy/opt/gz_rendering_vendor:/opt/ros/jazzy/opt/gz_plugin_vendor:/opt/ros/jazzy/opt/gz_fuel_tools_vendor:/opt/ros/jazzy/opt/gz_msgs_vendor:/opt/ros/jazzy/opt/gz_common_vendor:/opt/ros/jazzy/opt/gz_math_vendor:/opt/ros/jazzy/opt/gz_utils_vendor:/opt/ros/jazzy/opt/gz_tools_vendor:/opt/ros/jazzy/opt/gz_ogre_next_vendor:/opt/ros/jazzy/opt/gz_dartsim_vendor:/opt/ros/jazzy/opt/gz_cmake_vendor:/opt/ros/jazzy DEBUGINFOD_URLS=https://debuginfod.ubuntu.com /usr/bin/cmake --build /home/remii/Projects/so-arm/build/so_arm101_description -- -j8 -l8
[0.947s] DEBUG:colcon.colcon_core.event_handler.log_command:Invoking command in '/home/remii/Projects/so-arm/build/so_arm101_description': CMAKE_PREFIX_PATH=/home/remii/Projects/so-arm/install/so_arm_utils:/home/remii/Projects/so-arm/install/feetech_ros2_driver:/home/remii/Projects/so-arm/install/so_arm_gz:/home/remii/Projects/so-arm/install/so_arm101_moveit_config:/home/remii/Projects/so-arm/install/so_arm101_description:/home/remii/Projects/so-arm/install/so_arm100_moveit_config:/home/remii/Projects/so-arm/install/so_arm100_description:/opt/ros/jazzy/opt/gz_sim_vendor:/opt/ros/jazzy/opt/gz_sensors_vendor:/opt/ros/jazzy/opt/gz_physics_vendor:/opt/ros/jazzy/opt/sdformat_vendor:/opt/ros/jazzy/opt/gz_gui_vendor:/opt/ros/jazzy/opt/gz_transport_vendor:/opt/ros/jazzy/opt/gz_rendering_vendor:/opt/ros/jazzy/opt/gz_plugin_vendor:/opt/ros/jazzy/opt/gz_fuel_tools_vendor:/opt/ros/jazzy/opt/gz_msgs_vendor:/opt/ros/jazzy/opt/gz_common_vendor:/opt/ros/jazzy/opt/gz_math_vendor:/opt/ros/jazzy/opt/gz_utils_vendor:/opt/ros/jazzy/opt/gz_tools_vendor:/opt/ros/jazzy/opt/gz_ogre_next_vendor:/opt/ros/jazzy/opt/gz_dartsim_vendor:/opt/ros/jazzy/opt/gz_cmake_vendor:/opt/ros/jazzy DEBUGINFOD_URLS=https://debuginfod.ubuntu.com /usr/bin/cmake --install /home/remii/Projects/so-arm/build/so_arm101_description
[0.967s] Level 1:colcon.colcon_core.environment:create_environment_scripts_only(so_arm100_description)
[0.967s] Level 1:colcon.colcon_core.environment:checking '/home/remii/Projects/so-arm/install/so_arm100_description' for CMake module files
[0.968s] DEBUG:colcon.colcon_core.event_handler.log_command:Invoked command in '/home/remii/Projects/so-arm/build/so_arm100_description' returned '0': CMAKE_PREFIX_PATH=/home/remii/Projects/so-arm/install/so_arm_utils:/home/remii/Projects/so-arm/install/feetech_ros2_driver:/home/remii/Projects/so-arm/install/so_arm_gz:/home/remii/Projects/so-arm/install/so_arm101_moveit_config:/home/remii/Projects/so-arm/install/so_arm101_description:/home/remii/Projects/so-arm/install/so_arm100_moveit_config:/home/remii/Projects/so-arm/install/so_arm100_description:/opt/ros/jazzy/opt/gz_sim_vendor:/opt/ros/jazzy/opt/gz_sensors_vendor:/opt/ros/jazzy/opt/gz_physics_vendor:/opt/ros/jazzy/opt/sdformat_vendor:/opt/ros/jazzy/opt/gz_gui_vendor:/opt/ros/jazzy/opt/gz_transport_vendor:/opt/ros/jazzy/opt/gz_rendering_vendor:/opt/ros/jazzy/opt/gz_plugin_vendor:/opt/ros/jazzy/opt/gz_fuel_tools_vendor:/opt/ros/jazzy/opt/gz_msgs_vendor:/opt/ros/jazzy/opt/gz_common_vendor:/opt/ros/jazzy/opt/gz_math_vendor:/opt/ros/jazzy/opt/gz_utils_vendor:/opt/ros/jazzy/opt/gz_tools_vendor:/opt/ros/jazzy/opt/gz_ogre_next_vendor:/opt/ros/jazzy/opt/gz_dartsim_vendor:/opt/ros/jazzy/opt/gz_cmake_vendor:/opt/ros/jazzy DEBUGINFOD_URLS=https://debuginfod.ubuntu.com /usr/bin/cmake --install /home/remii/Projects/so-arm/build/so_arm100_description
[0.969s] Level 1:colcon.colcon_core.environment:checking '/home/remii/Projects/so-arm/install/so_arm100_description' for CMake config files
[0.969s] Level 1:colcon.colcon_core.shell:create_environment_hook('so_arm100_description', 'cmake_prefix_path')
[0.969s] INFO:colcon.colcon_core.shell:Creating environment hook '/home/remii/Projects/so-arm/install/so_arm100_description/share/so_arm100_description/hook/cmake_prefix_path.ps1'
[0.969s] INFO:colcon.colcon_core.shell:Creating environment descriptor '/home/remii/Projects/so-arm/install/so_arm100_description/share/so_arm100_description/hook/cmake_prefix_path.dsv'
[0.970s] INFO:colcon.colcon_core.shell:Creating environment hook '/home/remii/Projects/so-arm/install/so_arm100_description/share/so_arm100_description/hook/cmake_prefix_path.sh'
[0.970s] Level 1:colcon.colcon_core.environment:checking '/home/remii/Projects/so-arm/install/so_arm100_description/bin'
[0.970s] Level 1:colcon.colcon_core.environment:checking '/home/remii/Projects/so-arm/install/so_arm100_description/lib/pkgconfig/so_arm100_description.pc'
[0.970s] Level 1:colcon.colcon_core.environment:checking '/home/remii/Projects/so-arm/install/so_arm100_description/lib/python3.12/site-packages'
[0.971s] Level 1:colcon.colcon_core.environment:checking '/home/remii/Projects/so-arm/install/so_arm100_description/bin'
[0.971s] INFO:colcon.colcon_core.shell:Creating package script '/home/remii/Projects/so-arm/install/so_arm100_description/share/so_arm100_description/package.ps1'
[0.971s] INFO:colcon.colcon_core.shell:Creating package descriptor '/home/remii/Projects/so-arm/install/so_arm100_description/share/so_arm100_description/package.dsv'
[0.971s] INFO:colcon.colcon_core.shell:Creating package script '/home/remii/Projects/so-arm/install/so_arm100_description/share/so_arm100_description/package.sh'
[0.972s] INFO:colcon.colcon_core.shell:Creating package script '/home/remii/Projects/so-arm/install/so_arm100_description/share/so_arm100_description/package.bash'
[0.972s] INFO:colcon.colcon_core.shell:Creating package script '/home/remii/Projects/so-arm/install/so_arm100_description/share/so_arm100_description/package.zsh'
[0.972s] Level 1:colcon.colcon_core.environment:create_file_with_runtime_dependencies(/home/remii/Projects/so-arm/install/so_arm100_description/share/colcon-core/packages/so_arm100_description)
[0.972s] Level 1:colcon.colcon_core.environment:create_environment_scripts_only(so_arm100_description)
[0.973s] Level 1:colcon.colcon_core.environment:checking '/home/remii/Projects/so-arm/install/so_arm100_description' for CMake module files
[0.973s] Level 1:colcon.colcon_core.environment:checking '/home/remii/Projects/so-arm/install/so_arm100_description' for CMake config files
[0.973s] Level 1:colcon.colcon_core.shell:create_environment_hook('so_arm100_description', 'cmake_prefix_path')
[0.973s] INFO:colcon.colcon_core.shell:Creating environment hook '/home/remii/Projects/so-arm/install/so_arm100_description/share/so_arm100_description/hook/cmake_prefix_path.ps1'
[0.974s] INFO:colcon.colcon_core.shell:Creating environment descriptor '/home/remii/Projects/so-arm/install/so_arm100_description/share/so_arm100_description/hook/cmake_prefix_path.dsv'
[0.974s] INFO:colcon.colcon_core.shell:Creating environment hook '/home/remii/Projects/so-arm/install/so_arm100_description/share/so_arm100_description/hook/cmake_prefix_path.sh'
[0.974s] Level 1:colcon.colcon_core.environment:checking '/home/remii/Projects/so-arm/install/so_arm100_description/bin'
[0.974s] Level 1:colcon.colcon_core.environment:checking '/home/remii/Projects/so-arm/install/so_arm100_description/lib/pkgconfig/so_arm100_description.pc'
[0.974s] Level 1:colcon.colcon_core.environment:checking '/home/remii/Projects/so-arm/install/so_arm100_description/lib/python3.12/site-packages'
[0.975s] Level 1:colcon.colcon_core.environment:checking '/home/remii/Projects/so-arm/install/so_arm100_description/bin'
[0.975s] INFO:colcon.colcon_core.shell:Creating package script '/home/remii/Projects/so-arm/install/so_arm100_description/share/so_arm100_description/package.ps1'
[0.975s] INFO:colcon.colcon_core.shell:Creating package descriptor '/home/remii/Projects/so-arm/install/so_arm100_description/share/so_arm100_description/package.dsv'
[0.976s] INFO:colcon.colcon_core.shell:Creating package script '/home/remii/Projects/so-arm/install/so_arm100_description/share/so_arm100_description/package.sh'
[0.976s] INFO:colcon.colcon_core.shell:Creating package script '/home/remii/Projects/so-arm/install/so_arm100_description/share/so_arm100_description/package.bash'
[0.976s] INFO:colcon.colcon_core.shell:Creating package script '/home/remii/Projects/so-arm/install/so_arm100_description/share/so_arm100_description/package.zsh'
[0.976s] Level 1:colcon.colcon_core.environment:create_file_with_runtime_dependencies(/home/remii/Projects/so-arm/install/so_arm100_description/share/colcon-core/packages/so_arm100_description)
[0.977s] INFO:colcon.colcon_ros.task.ament_cmake.build:Building ROS package in '/home/remii/Projects/so-arm/src/ros2_so_arm100/so_arm100_moveit_config' with build type 'ament_cmake'
[0.977s] INFO:colcon.colcon_cmake.task.cmake.build:Building CMake package in '/home/remii/Projects/so-arm/src/ros2_so_arm100/so_arm100_moveit_config'
[0.977s] INFO:colcon.colcon_core.shell:Skip shell extension 'powershell' for command environment: Not usable outside of PowerShell
[0.977s] DEBUG:colcon.colcon_core.shell:Skip shell extension 'dsv' for command environment
[0.981s] Level 1:colcon.colcon_core.environment:create_environment_scripts_only(so_arm101_description)
[0.981s] Level 1:colcon.colcon_core.environment:checking '/home/remii/Projects/so-arm/install/so_arm101_description' for CMake module files
[0.981s] DEBUG:colcon.colcon_core.event_handler.log_command:Invoked command in '/home/remii/Projects/so-arm/build/so_arm101_description' returned '0': CMAKE_PREFIX_PATH=/home/remii/Projects/so-arm/install/so_arm_utils:/home/remii/Projects/so-arm/install/feetech_ros2_driver:/home/remii/Projects/so-arm/install/so_arm_gz:/home/remii/Projects/so-arm/install/so_arm101_moveit_config:/home/remii/Projects/so-arm/install/so_arm101_description:/home/remii/Projects/so-arm/install/so_arm100_moveit_config:/home/remii/Projects/so-arm/install/so_arm100_description:/opt/ros/jazzy/opt/gz_sim_vendor:/opt/ros/jazzy/opt/gz_sensors_vendor:/opt/ros/jazzy/opt/gz_physics_vendor:/opt/ros/jazzy/opt/sdformat_vendor:/opt/ros/jazzy/opt/gz_gui_vendor:/opt/ros/jazzy/opt/gz_transport_vendor:/opt/ros/jazzy/opt/gz_rendering_vendor:/opt/ros/jazzy/opt/gz_plugin_vendor:/opt/ros/jazzy/opt/gz_fuel_tools_vendor:/opt/ros/jazzy/opt/gz_msgs_vendor:/opt/ros/jazzy/opt/gz_common_vendor:/opt/ros/jazzy/opt/gz_math_vendor:/opt/ros/jazzy/opt/gz_utils_vendor:/opt/ros/jazzy/opt/gz_tools_vendor:/opt/ros/jazzy/opt/gz_ogre_next_vendor:/opt/ros/jazzy/opt/gz_dartsim_vendor:/opt/ros/jazzy/opt/gz_cmake_vendor:/opt/ros/jazzy DEBUGINFOD_URLS=https://debuginfod.ubuntu.com /usr/bin/cmake --install /home/remii/Projects/so-arm/build/so_arm101_description
[0.981s] Level 1:colcon.colcon_core.environment:checking '/home/remii/Projects/so-arm/install/so_arm101_description' for CMake config files
[0.982s] Level 1:colcon.colcon_core.shell:create_environment_hook('so_arm101_description', 'cmake_prefix_path')
[0.982s] INFO:colcon.colcon_core.shell:Creating environment hook '/home/remii/Projects/so-arm/install/so_arm101_description/share/so_arm101_description/hook/cmake_prefix_path.ps1'
[0.982s] INFO:colcon.colcon_core.shell:Creating environment descriptor '/home/remii/Projects/so-arm/install/so_arm101_description/share/so_arm101_description/hook/cmake_prefix_path.dsv'
[0.983s] INFO:colcon.colcon_core.shell:Creating environment hook '/home/remii/Projects/so-arm/install/so_arm101_description/share/so_arm101_description/hook/cmake_prefix_path.sh'
[0.983s] Level 1:colcon.colcon_core.environment:checking '/home/remii/Projects/so-arm/install/so_arm101_description/bin'
[0.983s] Level 1:colcon.colcon_core.environment:checking '/home/remii/Projects/so-arm/install/so_arm101_description/lib/pkgconfig/so_arm101_description.pc'
[0.983s] Level 1:colcon.colcon_core.environment:checking '/home/remii/Projects/so-arm/install/so_arm101_description/lib/python3.12/site-packages'
[0.983s] Level 1:colcon.colcon_core.environment:checking '/home/remii/Projects/so-arm/install/so_arm101_description/bin'
[0.984s] INFO:colcon.colcon_core.shell:Creating package script '/home/remii/Projects/so-arm/install/so_arm101_description/share/so_arm101_description/package.ps1'
[0.984s] INFO:colcon.colcon_core.shell:Creating package descriptor '/home/remii/Projects/so-arm/install/so_arm101_description/share/so_arm101_description/package.dsv'
[0.984s] INFO:colcon.colcon_core.shell:Creating package script '/home/remii/Projects/so-arm/install/so_arm101_description/share/so_arm101_description/package.sh'
[0.985s] INFO:colcon.colcon_core.shell:Creating package script '/home/remii/Projects/so-arm/install/so_arm101_description/share/so_arm101_description/package.bash'
[0.985s] INFO:colcon.colcon_core.shell:Creating package script '/home/remii/Projects/so-arm/install/so_arm101_description/share/so_arm101_description/package.zsh'
[0.985s] Level 1:colcon.colcon_core.environment:create_file_with_runtime_dependencies(/home/remii/Projects/so-arm/install/so_arm101_description/share/colcon-core/packages/so_arm101_description)
[0.985s] Level 1:colcon.colcon_core.environment:create_environment_scripts_only(so_arm101_description)
[0.985s] Level 1:colcon.colcon_core.environment:checking '/home/remii/Projects/so-arm/install/so_arm101_description' for CMake module files
[0.986s] Level 1:colcon.colcon_core.environment:checking '/home/remii/Projects/so-arm/install/so_arm101_description' for CMake config files
[0.986s] Level 1:colcon.colcon_core.shell:create_environment_hook('so_arm101_description', 'cmake_prefix_path')
[0.986s] INFO:colcon.colcon_core.shell:Creating environment hook '/home/remii/Projects/so-arm/install/so_arm101_description/share/so_arm101_description/hook/cmake_prefix_path.ps1'
[0.986s] INFO:colcon.colcon_core.shell:Creating environment descriptor '/home/remii/Projects/so-arm/install/so_arm101_description/share/so_arm101_description/hook/cmake_prefix_path.dsv'
[0.987s] INFO:colcon.colcon_core.shell:Creating environment hook '/home/remii/Projects/so-arm/install/so_arm101_description/share/so_arm101_description/hook/cmake_prefix_path.sh'
[0.987s] Level 1:colcon.colcon_core.environment:checking '/home/remii/Projects/so-arm/install/so_arm101_description/bin'
[0.987s] Level 1:colcon.colcon_core.environment:checking '/home/remii/Projects/so-arm/install/so_arm101_description/lib/pkgconfig/so_arm101_description.pc'
[0.987s] Level 1:colcon.colcon_core.environment:checking '/home/remii/Projects/so-arm/install/so_arm101_description/lib/python3.12/site-packages'
[0.988s] Level 1:colcon.colcon_core.environment:checking '/home/remii/Projects/so-arm/install/so_arm101_description/bin'
[0.988s] INFO:colcon.colcon_core.shell:Creating package script '/home/remii/Projects/so-arm/install/so_arm101_description/share/so_arm101_description/package.ps1'
[0.988s] INFO:colcon.colcon_core.shell:Creating package descriptor '/home/remii/Projects/so-arm/install/so_arm101_description/share/so_arm101_description/package.dsv'
[0.988s] INFO:colcon.colcon_core.shell:Creating package script '/home/remii/Projects/so-arm/install/so_arm101_description/share/so_arm101_description/package.sh'
[0.989s] INFO:colcon.colcon_core.shell:Creating package script '/home/remii/Projects/so-arm/install/so_arm101_description/share/so_arm101_description/package.bash'
[0.989s] INFO:colcon.colcon_core.shell:Creating package script '/home/remii/Projects/so-arm/install/so_arm101_description/share/so_arm101_description/package.zsh'
[0.989s] Level 1:colcon.colcon_core.environment:create_file_with_runtime_dependencies(/home/remii/Projects/so-arm/install/so_arm101_description/share/colcon-core/packages/so_arm101_description)
[0.990s] INFO:colcon.colcon_ros.task.ament_cmake.build:Building ROS package in '/home/remii/Projects/so-arm/src/ros2_so_arm100/so_arm101_moveit_config' with build type 'ament_cmake'
[0.990s] INFO:colcon.colcon_cmake.task.cmake.build:Building CMake package in '/home/remii/Projects/so-arm/src/ros2_so_arm100/so_arm101_moveit_config'
[0.990s] INFO:colcon.colcon_core.shell:Skip shell extension 'powershell' for command environment: Not usable outside of PowerShell
[0.990s] DEBUG:colcon.colcon_core.shell:Skip shell extension 'dsv' for command environment
[0.993s] INFO:colcon.colcon_ros.task.ament_cmake.build:Building ROS package in '/home/remii/Projects/so-arm/src/ros2_so_arm100/so_arm_gz' with build type 'ament_cmake'
[0.993s] INFO:colcon.colcon_cmake.task.cmake.build:Building CMake package in '/home/remii/Projects/so-arm/src/ros2_so_arm100/so_arm_gz'
[0.993s] INFO:colcon.colcon_core.shell:Skip shell extension 'powershell' for command environment: Not usable outside of PowerShell
[0.993s] DEBUG:colcon.colcon_core.shell:Skip shell extension 'dsv' for command environment
[0.999s] DEBUG:colcon.colcon_core.event_handler.log_command:Invoking command in '/home/remii/Projects/so-arm/build/so_arm100_moveit_config': CMAKE_PREFIX_PATH=/home/remii/Projects/so-arm/install/so_arm100_description:/home/remii/Projects/so-arm/install/so_arm_utils:/home/remii/Projects/so-arm/install/feetech_ros2_driver:/home/remii/Projects/so-arm/install/so_arm_gz:/home/remii/Projects/so-arm/install/so_arm101_moveit_config:/home/remii/Projects/so-arm/install/so_arm101_description:/home/remii/Projects/so-arm/install/so_arm100_moveit_config:/opt/ros/jazzy/opt/gz_sim_vendor:/opt/ros/jazzy/opt/gz_sensors_vendor:/opt/ros/jazzy/opt/gz_physics_vendor:/opt/ros/jazzy/opt/sdformat_vendor:/opt/ros/jazzy/opt/gz_gui_vendor:/opt/ros/jazzy/opt/gz_transport_vendor:/opt/ros/jazzy/opt/gz_rendering_vendor:/opt/ros/jazzy/opt/gz_plugin_vendor:/opt/ros/jazzy/opt/gz_fuel_tools_vendor:/opt/ros/jazzy/opt/gz_msgs_vendor:/opt/ros/jazzy/opt/gz_common_vendor:/opt/ros/jazzy/opt/gz_math_vendor:/opt/ros/jazzy/opt/gz_utils_vendor:/opt/ros/jazzy/opt/gz_tools_vendor:/opt/ros/jazzy/opt/gz_ogre_next_vendor:/opt/ros/jazzy/opt/gz_dartsim_vendor:/opt/ros/jazzy/opt/gz_cmake_vendor:/opt/ros/jazzy DEBUGINFOD_URLS=https://debuginfod.ubuntu.com /usr/bin/cmake --build /home/remii/Projects/so-arm/build/so_arm100_moveit_config -- -j8 -l8
[1.000s] DEBUG:colcon.colcon_core.event_handler.log_command:Invoking command in '/home/remii/Projects/so-arm/build/so_arm101_moveit_config': CMAKE_PREFIX_PATH=/home/remii/Projects/so-arm/install/so_arm101_description:/home/remii/Projects/so-arm/install/so_arm_utils:/home/remii/Projects/so-arm/install/feetech_ros2_driver:/home/remii/Projects/so-arm/install/so_arm_gz:/home/remii/Projects/so-arm/install/so_arm101_moveit_config:/home/remii/Projects/so-arm/install/so_arm100_moveit_config:/home/remii/Projects/so-arm/install/so_arm100_description:/opt/ros/jazzy/opt/gz_sim_vendor:/opt/ros/jazzy/opt/gz_sensors_vendor:/opt/ros/jazzy/opt/gz_physics_vendor:/opt/ros/jazzy/opt/sdformat_vendor:/opt/ros/jazzy/opt/gz_gui_vendor:/opt/ros/jazzy/opt/gz_transport_vendor:/opt/ros/jazzy/opt/gz_rendering_vendor:/opt/ros/jazzy/opt/gz_plugin_vendor:/opt/ros/jazzy/opt/gz_fuel_tools_vendor:/opt/ros/jazzy/opt/gz_msgs_vendor:/opt/ros/jazzy/opt/gz_common_vendor:/opt/ros/jazzy/opt/gz_math_vendor:/opt/ros/jazzy/opt/gz_utils_vendor:/opt/ros/jazzy/opt/gz_tools_vendor:/opt/ros/jazzy/opt/gz_ogre_next_vendor:/opt/ros/jazzy/opt/gz_dartsim_vendor:/opt/ros/jazzy/opt/gz_cmake_vendor:/opt/ros/jazzy DEBUGINFOD_URLS=https://debuginfod.ubuntu.com /usr/bin/cmake --build /home/remii/Projects/so-arm/build/so_arm101_moveit_config -- -j8 -l8
[1.003s] DEBUG:colcon.colcon_core.event_handler.log_command:Invoking command in '/home/remii/Projects/so-arm/build/so_arm_gz': CMAKE_PREFIX_PATH=/home/remii/Projects/so-arm/install/so_arm101_description:/home/remii/Projects/so-arm/install/so_arm100_description:/home/remii/Projects/so-arm/install/so_arm_utils:/home/remii/Projects/so-arm/install/feetech_ros2_driver:/home/remii/Projects/so-arm/install/so_arm_gz:/home/remii/Projects/so-arm/install/so_arm101_moveit_config:/home/remii/Projects/so-arm/install/so_arm100_moveit_config:/opt/ros/jazzy/opt/gz_sim_vendor:/opt/ros/jazzy/opt/gz_sensors_vendor:/opt/ros/jazzy/opt/gz_physics_vendor:/opt/ros/jazzy/opt/sdformat_vendor:/opt/ros/jazzy/opt/gz_gui_vendor:/opt/ros/jazzy/opt/gz_transport_vendor:/opt/ros/jazzy/opt/gz_rendering_vendor:/opt/ros/jazzy/opt/gz_plugin_vendor:/opt/ros/jazzy/opt/gz_fuel_tools_vendor:/opt/ros/jazzy/opt/gz_msgs_vendor:/opt/ros/jazzy/opt/gz_common_vendor:/opt/ros/jazzy/opt/gz_math_vendor:/opt/ros/jazzy/opt/gz_utils_vendor:/opt/ros/jazzy/opt/gz_tools_vendor:/opt/ros/jazzy/opt/gz_ogre_next_vendor:/opt/ros/jazzy/opt/gz_dartsim_vendor:/opt/ros/jazzy/opt/gz_cmake_vendor:/opt/ros/jazzy DEBUGINFOD_URLS=https://debuginfod.ubuntu.com /usr/bin/cmake --build /home/remii/Projects/so-arm/build/so_arm_gz -- -j8 -l8
[1.025s] DEBUG:colcon.colcon_core.event_handler.log_command:Invoked command in '/home/remii/Projects/so-arm/build/so_arm100_moveit_config' returned '0': CMAKE_PREFIX_PATH=/home/remii/Projects/so-arm/install/so_arm100_description:/home/remii/Projects/so-arm/install/so_arm_utils:/home/remii/Projects/so-arm/install/feetech_ros2_driver:/home/remii/Projects/so-arm/install/so_arm_gz:/home/remii/Projects/so-arm/install/so_arm101_moveit_config:/home/remii/Projects/so-arm/install/so_arm101_description:/home/remii/Projects/so-arm/install/so_arm100_moveit_config:/opt/ros/jazzy/opt/gz_sim_vendor:/opt/ros/jazzy/opt/gz_sensors_vendor:/opt/ros/jazzy/opt/gz_physics_vendor:/opt/ros/jazzy/opt/sdformat_vendor:/opt/ros/jazzy/opt/gz_gui_vendor:/opt/ros/jazzy/opt/gz_transport_vendor:/opt/ros/jazzy/opt/gz_rendering_vendor:/opt/ros/jazzy/opt/gz_plugin_vendor:/opt/ros/jazzy/opt/gz_fuel_tools_vendor:/opt/ros/jazzy/opt/gz_msgs_vendor:/opt/ros/jazzy/opt/gz_common_vendor:/opt/ros/jazzy/opt/gz_math_vendor:/opt/ros/jazzy/opt/gz_utils_vendor:/opt/ros/jazzy/opt/gz_tools_vendor:/opt/ros/jazzy/opt/gz_ogre_next_vendor:/opt/ros/jazzy/opt/gz_dartsim_vendor:/opt/ros/jazzy/opt/gz_cmake_vendor:/opt/ros/jazzy DEBUGINFOD_URLS=https://debuginfod.ubuntu.com /usr/bin/cmake --build /home/remii/Projects/so-arm/build/so_arm100_moveit_config -- -j8 -l8
[1.027s] DEBUG:colcon.colcon_core.event_handler.log_command:Invoking command in '/home/remii/Projects/so-arm/build/so_arm100_moveit_config': CMAKE_PREFIX_PATH=/home/remii/Projects/so-arm/install/so_arm100_description:/home/remii/Projects/so-arm/install/so_arm_utils:/home/remii/Projects/so-arm/install/feetech_ros2_driver:/home/remii/Projects/so-arm/install/so_arm_gz:/home/remii/Projects/so-arm/install/so_arm101_moveit_config:/home/remii/Projects/so-arm/install/so_arm101_description:/home/remii/Projects/so-arm/install/so_arm100_moveit_config:/opt/ros/jazzy/opt/gz_sim_vendor:/opt/ros/jazzy/opt/gz_sensors_vendor:/opt/ros/jazzy/opt/gz_physics_vendor:/opt/ros/jazzy/opt/sdformat_vendor:/opt/ros/jazzy/opt/gz_gui_vendor:/opt/ros/jazzy/opt/gz_transport_vendor:/opt/ros/jazzy/opt/gz_rendering_vendor:/opt/ros/jazzy/opt/gz_plugin_vendor:/opt/ros/jazzy/opt/gz_fuel_tools_vendor:/opt/ros/jazzy/opt/gz_msgs_vendor:/opt/ros/jazzy/opt/gz_common_vendor:/opt/ros/jazzy/opt/gz_math_vendor:/opt/ros/jazzy/opt/gz_utils_vendor:/opt/ros/jazzy/opt/gz_tools_vendor:/opt/ros/jazzy/opt/gz_ogre_next_vendor:/opt/ros/jazzy/opt/gz_dartsim_vendor:/opt/ros/jazzy/opt/gz_cmake_vendor:/opt/ros/jazzy DEBUGINFOD_URLS=https://debuginfod.ubuntu.com /usr/bin/cmake --install /home/remii/Projects/so-arm/build/so_arm100_moveit_config
[1.027s] DEBUG:colcon.colcon_core.event_handler.log_command:Invoked command in '/home/remii/Projects/so-arm/build/so_arm101_moveit_config' returned '0': CMAKE_PREFIX_PATH=/home/remii/Projects/so-arm/install/so_arm101_description:/home/remii/Projects/so-arm/install/so_arm_utils:/home/remii/Projects/so-arm/install/feetech_ros2_driver:/home/remii/Projects/so-arm/install/so_arm_gz:/home/remii/Projects/so-arm/install/so_arm101_moveit_config:/home/remii/Projects/so-arm/install/so_arm100_moveit_config:/home/remii/Projects/so-arm/install/so_arm100_description:/opt/ros/jazzy/opt/gz_sim_vendor:/opt/ros/jazzy/opt/gz_sensors_vendor:/opt/ros/jazzy/opt/gz_physics_vendor:/opt/ros/jazzy/opt/sdformat_vendor:/opt/ros/jazzy/opt/gz_gui_vendor:/opt/ros/jazzy/opt/gz_transport_vendor:/opt/ros/jazzy/opt/gz_rendering_vendor:/opt/ros/jazzy/opt/gz_plugin_vendor:/opt/ros/jazzy/opt/gz_fuel_tools_vendor:/opt/ros/jazzy/opt/gz_msgs_vendor:/opt/ros/jazzy/opt/gz_common_vendor:/opt/ros/jazzy/opt/gz_math_vendor:/opt/ros/jazzy/opt/gz_utils_vendor:/opt/ros/jazzy/opt/gz_tools_vendor:/opt/ros/jazzy/opt/gz_ogre_next_vendor:/opt/ros/jazzy/opt/gz_dartsim_vendor:/opt/ros/jazzy/opt/gz_cmake_vendor:/opt/ros/jazzy DEBUGINFOD_URLS=https://debuginfod.ubuntu.com /usr/bin/cmake --build /home/remii/Projects/so-arm/build/so_arm101_moveit_config -- -j8 -l8
[1.028s] DEBUG:colcon.colcon_core.event_handler.log_command:Invoking command in '/home/remii/Projects/so-arm/build/so_arm101_moveit_config': CMAKE_PREFIX_PATH=/home/remii/Projects/so-arm/install/so_arm101_description:/home/remii/Projects/so-arm/install/so_arm_utils:/home/remii/Projects/so-arm/install/feetech_ros2_driver:/home/remii/Projects/so-arm/install/so_arm_gz:/home/remii/Projects/so-arm/install/so_arm101_moveit_config:/home/remii/Projects/so-arm/install/so_arm100_moveit_config:/home/remii/Projects/so-arm/install/so_arm100_description:/opt/ros/jazzy/opt/gz_sim_vendor:/opt/ros/jazzy/opt/gz_sensors_vendor:/opt/ros/jazzy/opt/gz_physics_vendor:/opt/ros/jazzy/opt/sdformat_vendor:/opt/ros/jazzy/opt/gz_gui_vendor:/opt/ros/jazzy/opt/gz_transport_vendor:/opt/ros/jazzy/opt/gz_rendering_vendor:/opt/ros/jazzy/opt/gz_plugin_vendor:/opt/ros/jazzy/opt/gz_fuel_tools_vendor:/opt/ros/jazzy/opt/gz_msgs_vendor:/opt/ros/jazzy/opt/gz_common_vendor:/opt/ros/jazzy/opt/gz_math_vendor:/opt/ros/jazzy/opt/gz_utils_vendor:/opt/ros/jazzy/opt/gz_tools_vendor:/opt/ros/jazzy/opt/gz_ogre_next_vendor:/opt/ros/jazzy/opt/gz_dartsim_vendor:/opt/ros/jazzy/opt/gz_cmake_vendor:/opt/ros/jazzy DEBUGINFOD_URLS=https://debuginfod.ubuntu.com /usr/bin/cmake --install /home/remii/Projects/so-arm/build/so_arm101_moveit_config
[1.029s] DEBUG:colcon.colcon_core.event_handler.log_command:Invoked command in '/home/remii/Projects/so-arm/build/so_arm_gz' returned '0': CMAKE_PREFIX_PATH=/home/remii/Projects/so-arm/install/so_arm101_description:/home/remii/Projects/so-arm/install/so_arm100_description:/home/remii/Projects/so-arm/install/so_arm_utils:/home/remii/Projects/so-arm/install/feetech_ros2_driver:/home/remii/Projects/so-arm/install/so_arm_gz:/home/remii/Projects/so-arm/install/so_arm101_moveit_config:/home/remii/Projects/so-arm/install/so_arm100_moveit_config:/opt/ros/jazzy/opt/gz_sim_vendor:/opt/ros/jazzy/opt/gz_sensors_vendor:/opt/ros/jazzy/opt/gz_physics_vendor:/opt/ros/jazzy/opt/sdformat_vendor:/opt/ros/jazzy/opt/gz_gui_vendor:/opt/ros/jazzy/opt/gz_transport_vendor:/opt/ros/jazzy/opt/gz_rendering_vendor:/opt/ros/jazzy/opt/gz_plugin_vendor:/opt/ros/jazzy/opt/gz_fuel_tools_vendor:/opt/ros/jazzy/opt/gz_msgs_vendor:/opt/ros/jazzy/opt/gz_common_vendor:/opt/ros/jazzy/opt/gz_math_vendor:/opt/ros/jazzy/opt/gz_utils_vendor:/opt/ros/jazzy/opt/gz_tools_vendor:/opt/ros/jazzy/opt/gz_ogre_next_vendor:/opt/ros/jazzy/opt/gz_dartsim_vendor:/opt/ros/jazzy/opt/gz_cmake_vendor:/opt/ros/jazzy DEBUGINFOD_URLS=https://debuginfod.ubuntu.com /usr/bin/cmake --build /home/remii/Projects/so-arm/build/so_arm_gz -- -j8 -l8
[1.030s] DEBUG:colcon.colcon_core.event_handler.log_command:Invoking command in '/home/remii/Projects/so-arm/build/so_arm_gz': CMAKE_PREFIX_PATH=/home/remii/Projects/so-arm/install/so_arm101_description:/home/remii/Projects/so-arm/install/so_arm100_description:/home/remii/Projects/so-arm/install/so_arm_utils:/home/remii/Projects/so-arm/install/feetech_ros2_driver:/home/remii/Projects/so-arm/install/so_arm_gz:/home/remii/Projects/so-arm/install/so_arm101_moveit_config:/home/remii/Projects/so-arm/install/so_arm100_moveit_config:/opt/ros/jazzy/opt/gz_sim_vendor:/opt/ros/jazzy/opt/gz_sensors_vendor:/opt/ros/jazzy/opt/gz_physics_vendor:/opt/ros/jazzy/opt/sdformat_vendor:/opt/ros/jazzy/opt/gz_gui_vendor:/opt/ros/jazzy/opt/gz_transport_vendor:/opt/ros/jazzy/opt/gz_rendering_vendor:/opt/ros/jazzy/opt/gz_plugin_vendor:/opt/ros/jazzy/opt/gz_fuel_tools_vendor:/opt/ros/jazzy/opt/gz_msgs_vendor:/opt/ros/jazzy/opt/gz_common_vendor:/opt/ros/jazzy/opt/gz_math_vendor:/opt/ros/jazzy/opt/gz_utils_vendor:/opt/ros/jazzy/opt/gz_tools_vendor:/opt/ros/jazzy/opt/gz_ogre_next_vendor:/opt/ros/jazzy/opt/gz_dartsim_vendor:/opt/ros/jazzy/opt/gz_cmake_vendor:/opt/ros/jazzy DEBUGINFOD_URLS=https://debuginfod.ubuntu.com /usr/bin/cmake --install /home/remii/Projects/so-arm/build/so_arm_gz
[1.044s] Level 1:colcon.colcon_core.environment:create_environment_scripts_only(so_arm100_moveit_config)
[1.044s] Level 1:colcon.colcon_core.environment:checking '/home/remii/Projects/so-arm/install/so_arm100_moveit_config' for CMake module files
[1.044s] DEBUG:colcon.colcon_core.event_handler.log_command:Invoked command in '/home/remii/Projects/so-arm/build/so_arm100_moveit_config' returned '0': CMAKE_PREFIX_PATH=/home/remii/Projects/so-arm/install/so_arm100_description:/home/remii/Projects/so-arm/install/so_arm_utils:/home/remii/Projects/so-arm/install/feetech_ros2_driver:/home/remii/Projects/so-arm/install/so_arm_gz:/home/remii/Projects/so-arm/install/so_arm101_moveit_config:/home/remii/Projects/so-arm/install/so_arm101_description:/home/remii/Projects/so-arm/install/so_arm100_moveit_config:/opt/ros/jazzy/opt/gz_sim_vendor:/opt/ros/jazzy/opt/gz_sensors_vendor:/opt/ros/jazzy/opt/gz_physics_vendor:/opt/ros/jazzy/opt/sdformat_vendor:/opt/ros/jazzy/opt/gz_gui_vendor:/opt/ros/jazzy/opt/gz_transport_vendor:/opt/ros/jazzy/opt/gz_rendering_vendor:/opt/ros/jazzy/opt/gz_plugin_vendor:/opt/ros/jazzy/opt/gz_fuel_tools_vendor:/opt/ros/jazzy/opt/gz_msgs_vendor:/opt/ros/jazzy/opt/gz_common_vendor:/opt/ros/jazzy/opt/gz_math_vendor:/opt/ros/jazzy/opt/gz_utils_vendor:/opt/ros/jazzy/opt/gz_tools_vendor:/opt/ros/jazzy/opt/gz_ogre_next_vendor:/opt/ros/jazzy/opt/gz_dartsim_vendor:/opt/ros/jazzy/opt/gz_cmake_vendor:/opt/ros/jazzy DEBUGINFOD_URLS=https://debuginfod.ubuntu.com /usr/bin/cmake --install /home/remii/Projects/so-arm/build/so_arm100_moveit_config
[1.045s] Level 1:colcon.colcon_core.environment:checking '/home/remii/Projects/so-arm/install/so_arm100_moveit_config' for CMake config files
[1.045s] Level 1:colcon.colcon_core.shell:create_environment_hook('so_arm100_moveit_config', 'cmake_prefix_path')
[1.045s] INFO:colcon.colcon_core.shell:Creating environment hook '/home/remii/Projects/so-arm/install/so_arm100_moveit_config/share/so_arm100_moveit_config/hook/cmake_prefix_path.ps1'
[1.046s] INFO:colcon.colcon_core.shell:Creating environment descriptor '/home/remii/Projects/so-arm/install/so_arm100_moveit_config/share/so_arm100_moveit_config/hook/cmake_prefix_path.dsv'
[1.046s] INFO:colcon.colcon_core.shell:Creating environment hook '/home/remii/Projects/so-arm/install/so_arm100_moveit_config/share/so_arm100_moveit_config/hook/cmake_prefix_path.sh'
[1.046s] Level 1:colcon.colcon_core.environment:checking '/home/remii/Projects/so-arm/install/so_arm100_moveit_config/bin'
[1.046s] Level 1:colcon.colcon_core.environment:checking '/home/remii/Projects/so-arm/install/so_arm100_moveit_config/lib/pkgconfig/so_arm100_moveit_config.pc'
[1.046s] Level 1:colcon.colcon_core.environment:checking '/home/remii/Projects/so-arm/install/so_arm100_moveit_config/lib/python3.12/site-packages'
[1.047s] Level 1:colcon.colcon_core.environment:checking '/home/remii/Projects/so-arm/install/so_arm100_moveit_config/bin'
[1.047s] INFO:colcon.colcon_core.shell:Creating package script '/home/remii/Projects/so-arm/install/so_arm100_moveit_config/share/so_arm100_moveit_config/package.ps1'
[1.047s] INFO:colcon.colcon_core.shell:Creating package descriptor '/home/remii/Projects/so-arm/install/so_arm100_moveit_config/share/so_arm100_moveit_config/package.dsv'
[1.048s] INFO:colcon.colcon_core.shell:Creating package script '/home/remii/Projects/so-arm/install/so_arm100_moveit_config/share/so_arm100_moveit_config/package.sh'
[1.048s] INFO:colcon.colcon_core.shell:Creating package script '/home/remii/Projects/so-arm/install/so_arm100_moveit_config/share/so_arm100_moveit_config/package.bash'
[1.048s] INFO:colcon.colcon_core.shell:Creating package script '/home/remii/Projects/so-arm/install/so_arm100_moveit_config/share/so_arm100_moveit_config/package.zsh'
[1.048s] Level 1:colcon.colcon_core.environment:create_file_with_runtime_dependencies(/home/remii/Projects/so-arm/install/so_arm100_moveit_config/share/colcon-core/packages/so_arm100_moveit_config)
[1.049s] Level 1:colcon.colcon_core.environment:create_environment_scripts_only(so_arm100_moveit_config)
[1.049s] Level 1:colcon.colcon_core.environment:checking '/home/remii/Projects/so-arm/install/so_arm100_moveit_config' for CMake module files
[1.049s] Level 1:colcon.colcon_core.environment:checking '/home/remii/Projects/so-arm/install/so_arm100_moveit_config' for CMake config files
[1.049s] Level 1:colcon.colcon_core.shell:create_environment_hook('so_arm100_moveit_config', 'cmake_prefix_path')
[1.049s] INFO:colcon.colcon_core.shell:Creating environment hook '/home/remii/Projects/so-arm/install/so_arm100_moveit_config/share/so_arm100_moveit_config/hook/cmake_prefix_path.ps1'
[1.050s] INFO:colcon.colcon_core.shell:Creating environment descriptor '/home/remii/Projects/so-arm/install/so_arm100_moveit_config/share/so_arm100_moveit_config/hook/cmake_prefix_path.dsv'
[1.050s] INFO:colcon.colcon_core.shell:Creating environment hook '/home/remii/Projects/so-arm/install/so_arm100_moveit_config/share/so_arm100_moveit_config/hook/cmake_prefix_path.sh'
[1.050s] Level 1:colcon.colcon_core.environment:checking '/home/remii/Projects/so-arm/install/so_arm100_moveit_config/bin'
[1.050s] Level 1:colcon.colcon_core.environment:checking '/home/remii/Projects/so-arm/install/so_arm100_moveit_config/lib/pkgconfig/so_arm100_moveit_config.pc'
[1.051s] Level 1:colcon.colcon_core.environment:checking '/home/remii/Projects/so-arm/install/so_arm100_moveit_config/lib/python3.12/site-packages'
[1.051s] Level 1:colcon.colcon_core.environment:checking '/home/remii/Projects/so-arm/install/so_arm100_moveit_config/bin'
[1.051s] INFO:colcon.colcon_core.shell:Creating package script '/home/remii/Projects/so-arm/install/so_arm100_moveit_config/share/so_arm100_moveit_config/package.ps1'
[1.051s] INFO:colcon.colcon_core.shell:Creating package descriptor '/home/remii/Projects/so-arm/install/so_arm100_moveit_config/share/so_arm100_moveit_config/package.dsv'
[1.052s] INFO:colcon.colcon_core.shell:Creating package script '/home/remii/Projects/so-arm/install/so_arm100_moveit_config/share/so_arm100_moveit_config/package.sh'
[1.052s] INFO:colcon.colcon_core.shell:Creating package script '/home/remii/Projects/so-arm/install/so_arm100_moveit_config/share/so_arm100_moveit_config/package.bash'
[1.052s] INFO:colcon.colcon_core.shell:Creating package script '/home/remii/Projects/so-arm/install/so_arm100_moveit_config/share/so_arm100_moveit_config/package.zsh'
[1.053s] Level 1:colcon.colcon_core.environment:create_file_with_runtime_dependencies(/home/remii/Projects/so-arm/install/so_arm100_moveit_config/share/colcon-core/packages/so_arm100_moveit_config)
[1.054s] Level 1:colcon.colcon_core.environment:create_environment_scripts_only(so_arm101_moveit_config)
[1.054s] Level 1:colcon.colcon_core.environment:checking '/home/remii/Projects/so-arm/install/so_arm101_moveit_config' for CMake module files
[1.054s] DEBUG:colcon.colcon_core.event_handler.log_command:Invoked command in '/home/remii/Projects/so-arm/build/so_arm101_moveit_config' returned '0': CMAKE_PREFIX_PATH=/home/remii/Projects/so-arm/install/so_arm101_description:/home/remii/Projects/so-arm/install/so_arm_utils:/home/remii/Projects/so-arm/install/feetech_ros2_driver:/home/remii/Projects/so-arm/install/so_arm_gz:/home/remii/Projects/so-arm/install/so_arm101_moveit_config:/home/remii/Projects/so-arm/install/so_arm100_moveit_config:/home/remii/Projects/so-arm/install/so_arm100_description:/opt/ros/jazzy/opt/gz_sim_vendor:/opt/ros/jazzy/opt/gz_sensors_vendor:/opt/ros/jazzy/opt/gz_physics_vendor:/opt/ros/jazzy/opt/sdformat_vendor:/opt/ros/jazzy/opt/gz_gui_vendor:/opt/ros/jazzy/opt/gz_transport_vendor:/opt/ros/jazzy/opt/gz_rendering_vendor:/opt/ros/jazzy/opt/gz_plugin_vendor:/opt/ros/jazzy/opt/gz_fuel_tools_vendor:/opt/ros/jazzy/opt/gz_msgs_vendor:/opt/ros/jazzy/opt/gz_common_vendor:/opt/ros/jazzy/opt/gz_math_vendor:/opt/ros/jazzy/opt/gz_utils_vendor:/opt/ros/jazzy/opt/gz_tools_vendor:/opt/ros/jazzy/opt/gz_ogre_next_vendor:/opt/ros/jazzy/opt/gz_dartsim_vendor:/opt/ros/jazzy/opt/gz_cmake_vendor:/opt/ros/jazzy DEBUGINFOD_URLS=https://debuginfod.ubuntu.com /usr/bin/cmake --install /home/remii/Projects/so-arm/build/so_arm101_moveit_config
[1.054s] Level 1:colcon.colcon_core.environment:checking '/home/remii/Projects/so-arm/install/so_arm101_moveit_config' for CMake config files
[1.055s] Level 1:colcon.colcon_core.shell:create_environment_hook('so_arm101_moveit_config', 'cmake_prefix_path')
[1.055s] INFO:colcon.colcon_core.shell:Creating environment hook '/home/remii/Projects/so-arm/install/so_arm101_moveit_config/share/so_arm101_moveit_config/hook/cmake_prefix_path.ps1'
[1.055s] INFO:colcon.colcon_core.shell:Creating environment descriptor '/home/remii/Projects/so-arm/install/so_arm101_moveit_config/share/so_arm101_moveit_config/hook/cmake_prefix_path.dsv'
[1.055s] INFO:colcon.colcon_core.shell:Creating environment hook '/home/remii/Projects/so-arm/install/so_arm101_moveit_config/share/so_arm101_moveit_config/hook/cmake_prefix_path.sh'
[1.056s] Level 1:colcon.colcon_core.environment:checking '/home/remii/Projects/so-arm/install/so_arm101_moveit_config/bin'
[1.056s] Level 1:colcon.colcon_core.environment:checking '/home/remii/Projects/so-arm/install/so_arm101_moveit_config/lib/pkgconfig/so_arm101_moveit_config.pc'
[1.056s] Level 1:colcon.colcon_core.environment:checking '/home/remii/Projects/so-arm/install/so_arm101_moveit_config/lib/python3.12/site-packages'
[1.056s] Level 1:colcon.colcon_core.environment:checking '/home/remii/Projects/so-arm/install/so_arm101_moveit_config/bin'
[1.056s] INFO:colcon.colcon_core.shell:Creating package script '/home/remii/Projects/so-arm/install/so_arm101_moveit_config/share/so_arm101_moveit_config/package.ps1'
[1.057s] INFO:colcon.colcon_core.shell:Creating package descriptor '/home/remii/Projects/so-arm/install/so_arm101_moveit_config/share/so_arm101_moveit_config/package.dsv'
[1.057s] INFO:colcon.colcon_core.shell:Creating package script '/home/remii/Projects/so-arm/install/so_arm101_moveit_config/share/so_arm101_moveit_config/package.sh'
[1.057s] INFO:colcon.colcon_core.shell:Creating package script '/home/remii/Projects/so-arm/install/so_arm101_moveit_config/share/so_arm101_moveit_config/package.bash'
[1.058s] INFO:colcon.colcon_core.shell:Creating package script '/home/remii/Projects/so-arm/install/so_arm101_moveit_config/share/so_arm101_moveit_config/package.zsh'
[1.058s] Level 1:colcon.colcon_core.environment:create_file_with_runtime_dependencies(/home/remii/Projects/so-arm/install/so_arm101_moveit_config/share/colcon-core/packages/so_arm101_moveit_config)
[1.058s] Level 1:colcon.colcon_core.environment:create_environment_scripts_only(so_arm101_moveit_config)
[1.058s] Level 1:colcon.colcon_core.environment:checking '/home/remii/Projects/so-arm/install/so_arm101_moveit_config' for CMake module files
[1.059s] Level 1:colcon.colcon_core.environment:checking '/home/remii/Projects/so-arm/install/so_arm101_moveit_config' for CMake config files
[1.059s] Level 1:colcon.colcon_core.shell:create_environment_hook('so_arm101_moveit_config', 'cmake_prefix_path')
[1.059s] INFO:colcon.colcon_core.shell:Creating environment hook '/home/remii/Projects/so-arm/install/so_arm101_moveit_config/share/so_arm101_moveit_config/hook/cmake_prefix_path.ps1'
[1.059s] INFO:colcon.colcon_core.shell:Creating environment descriptor '/home/remii/Projects/so-arm/install/so_arm101_moveit_config/share/so_arm101_moveit_config/hook/cmake_prefix_path.dsv'
[1.060s] INFO:colcon.colcon_core.shell:Creating environment hook '/home/remii/Projects/so-arm/install/so_arm101_moveit_config/share/so_arm101_moveit_config/hook/cmake_prefix_path.sh'
[1.060s] Level 1:colcon.colcon_core.environment:checking '/home/remii/Projects/so-arm/install/so_arm101_moveit_config/bin'
[1.060s] Level 1:colcon.colcon_core.environment:checking '/home/remii/Projects/so-arm/install/so_arm101_moveit_config/lib/pkgconfig/so_arm101_moveit_config.pc'
[1.060s] Level 1:colcon.colcon_core.environment:checking '/home/remii/Projects/so-arm/install/so_arm101_moveit_config/lib/python3.12/site-packages'
[1.060s] Level 1:colcon.colcon_core.environment:checking '/home/remii/Projects/so-arm/install/so_arm101_moveit_config/bin'
[1.061s] INFO:colcon.colcon_core.shell:Creating package script '/home/remii/Projects/so-arm/install/so_arm101_moveit_config/share/so_arm101_moveit_config/package.ps1'
[1.061s] INFO:colcon.colcon_core.shell:Creating package descriptor '/home/remii/Projects/so-arm/install/so_arm101_moveit_config/share/so_arm101_moveit_config/package.dsv'
[1.061s] INFO:colcon.colcon_core.shell:Creating package script '/home/remii/Projects/so-arm/install/so_arm101_moveit_config/share/so_arm101_moveit_config/package.sh'
[1.062s] INFO:colcon.colcon_core.shell:Creating package script '/home/remii/Projects/so-arm/install/so_arm101_moveit_config/share/so_arm101_moveit_config/package.bash'
[1.062s] INFO:colcon.colcon_core.shell:Creating package script '/home/remii/Projects/so-arm/install/so_arm101_moveit_config/share/so_arm101_moveit_config/package.zsh'
[1.062s] Level 1:colcon.colcon_core.environment:create_file_with_runtime_dependencies(/home/remii/Projects/so-arm/install/so_arm101_moveit_config/share/colcon-core/packages/so_arm101_moveit_config)
[1.062s] Level 1:colcon.colcon_core.environment:create_environment_scripts_only(so_arm_gz)
[1.063s] Level 1:colcon.colcon_core.environment:checking '/home/remii/Projects/so-arm/install/so_arm_gz' for CMake module files
[1.063s] DEBUG:colcon.colcon_core.event_handler.log_command:Invoked command in '/home/remii/Projects/so-arm/build/so_arm_gz' returned '0': CMAKE_PREFIX_PATH=/home/remii/Projects/so-arm/install/so_arm101_description:/home/remii/Projects/so-arm/install/so_arm100_description:/home/remii/Projects/so-arm/install/so_arm_utils:/home/remii/Projects/so-arm/install/feetech_ros2_driver:/home/remii/Projects/so-arm/install/so_arm_gz:/home/remii/Projects/so-arm/install/so_arm101_moveit_config:/home/remii/Projects/so-arm/install/so_arm100_moveit_config:/opt/ros/jazzy/opt/gz_sim_vendor:/opt/ros/jazzy/opt/gz_sensors_vendor:/opt/ros/jazzy/opt/gz_physics_vendor:/opt/ros/jazzy/opt/sdformat_vendor:/opt/ros/jazzy/opt/gz_gui_vendor:/opt/ros/jazzy/opt/gz_transport_vendor:/opt/ros/jazzy/opt/gz_rendering_vendor:/opt/ros/jazzy/opt/gz_plugin_vendor:/opt/ros/jazzy/opt/gz_fuel_tools_vendor:/opt/ros/jazzy/opt/gz_msgs_vendor:/opt/ros/jazzy/opt/gz_common_vendor:/opt/ros/jazzy/opt/gz_math_vendor:/opt/ros/jazzy/opt/gz_utils_vendor:/opt/ros/jazzy/opt/gz_tools_vendor:/opt/ros/jazzy/opt/gz_ogre_next_vendor:/opt/ros/jazzy/opt/gz_dartsim_vendor:/opt/ros/jazzy/opt/gz_cmake_vendor:/opt/ros/jazzy DEBUGINFOD_URLS=https://debuginfod.ubuntu.com /usr/bin/cmake --install /home/remii/Projects/so-arm/build/so_arm_gz
[1.063s] Level 1:colcon.colcon_core.environment:checking '/home/remii/Projects/so-arm/install/so_arm_gz' for CMake config files
[1.064s] Level 1:colcon.colcon_core.shell:create_environment_hook('so_arm_gz', 'cmake_prefix_path')
[1.064s] INFO:colcon.colcon_core.shell:Creating environment hook '/home/remii/Projects/so-arm/install/so_arm_gz/share/so_arm_gz/hook/cmake_prefix_path.ps1'
[1.064s] INFO:colcon.colcon_core.shell:Creating environment descriptor '/home/remii/Projects/so-arm/install/so_arm_gz/share/so_arm_gz/hook/cmake_prefix_path.dsv'
[1.064s] INFO:colcon.colcon_core.shell:Creating environment hook '/home/remii/Projects/so-arm/install/so_arm_gz/share/so_arm_gz/hook/cmake_prefix_path.sh'
[1.065s] Level 1:colcon.colcon_core.environment:checking '/home/remii/Projects/so-arm/install/so_arm_gz/bin'
[1.065s] Level 1:colcon.colcon_core.environment:checking '/home/remii/Projects/so-arm/install/so_arm_gz/lib/pkgconfig/so_arm_gz.pc'
[1.065s] Level 1:colcon.colcon_core.environment:checking '/home/remii/Projects/so-arm/install/so_arm_gz/lib/python3.12/site-packages'
[1.065s] Level 1:colcon.colcon_core.environment:checking '/home/remii/Projects/so-arm/install/so_arm_gz/bin'
[1.066s] INFO:colcon.colcon_core.shell:Creating package script '/home/remii/Projects/so-arm/install/so_arm_gz/share/so_arm_gz/package.ps1'
[1.066s] INFO:colcon.colcon_core.shell:Creating package descriptor '/home/remii/Projects/so-arm/install/so_arm_gz/share/so_arm_gz/package.dsv'
[1.066s] INFO:colcon.colcon_core.shell:Creating package script '/home/remii/Projects/so-arm/install/so_arm_gz/share/so_arm_gz/package.sh'
[1.066s] INFO:colcon.colcon_core.shell:Creating package script '/home/remii/Projects/so-arm/install/so_arm_gz/share/so_arm_gz/package.bash'
[1.067s] INFO:colcon.colcon_core.shell:Creating package script '/home/remii/Projects/so-arm/install/so_arm_gz/share/so_arm_gz/package.zsh'
[1.067s] Level 1:colcon.colcon_core.environment:create_file_with_runtime_dependencies(/home/remii/Projects/so-arm/install/so_arm_gz/share/colcon-core/packages/so_arm_gz)
[1.067s] Level 1:colcon.colcon_core.environment:create_environment_scripts_only(so_arm_gz)
[1.067s] Level 1:colcon.colcon_core.environment:checking '/home/remii/Projects/so-arm/install/so_arm_gz' for CMake module files
[1.068s] Level 1:colcon.colcon_core.environment:checking '/home/remii/Projects/so-arm/install/so_arm_gz' for CMake config files
[1.068s] Level 1:colcon.colcon_core.shell:create_environment_hook('so_arm_gz', 'cmake_prefix_path')
[1.068s] INFO:colcon.colcon_core.shell:Creating environment hook '/home/remii/Projects/so-arm/install/so_arm_gz/share/so_arm_gz/hook/cmake_prefix_path.ps1'
[1.068s] INFO:colcon.colcon_core.shell:Creating environment descriptor '/home/remii/Projects/so-arm/install/so_arm_gz/share/so_arm_gz/hook/cmake_prefix_path.dsv'
[1.069s] INFO:colcon.colcon_core.shell:Creating environment hook '/home/remii/Projects/so-arm/install/so_arm_gz/share/so_arm_gz/hook/cmake_prefix_path.sh'
[1.069s] Level 1:colcon.colcon_core.environment:checking '/home/remii/Projects/so-arm/install/so_arm_gz/bin'
[1.069s] Level 1:colcon.colcon_core.environment:checking '/home/remii/Projects/so-arm/install/so_arm_gz/lib/pkgconfig/so_arm_gz.pc'
[1.069s] Level 1:colcon.colcon_core.environment:checking '/home/remii/Projects/so-arm/install/so_arm_gz/lib/python3.12/site-packages'
[1.069s] Level 1:colcon.colcon_core.environment:checking '/home/remii/Projects/so-arm/install/so_arm_gz/bin'
[1.070s] INFO:colcon.colcon_core.shell:Creating package script '/home/remii/Projects/so-arm/install/so_arm_gz/share/so_arm_gz/package.ps1'
[1.070s] INFO:colcon.colcon_core.shell:Creating package descriptor '/home/remii/Projects/so-arm/install/so_arm_gz/share/so_arm_gz/package.dsv'
[1.070s] INFO:colcon.colcon_core.shell:Creating package script '/home/remii/Projects/so-arm/install/so_arm_gz/share/so_arm_gz/package.sh'
[1.071s] INFO:colcon.colcon_core.shell:Creating package script '/home/remii/Projects/so-arm/install/so_arm_gz/share/so_arm_gz/package.bash'
[1.071s] INFO:colcon.colcon_core.shell:Creating package script '/home/remii/Projects/so-arm/install/so_arm_gz/share/so_arm_gz/package.zsh'
[1.071s] Level 1:colcon.colcon_core.environment:create_file_with_runtime_dependencies(/home/remii/Projects/so-arm/install/so_arm_gz/share/colcon-core/packages/so_arm_gz)
[1.071s] DEBUG:colcon.colcon_parallel_executor.executor.parallel:closing loop
[1.072s] DEBUG:colcon.colcon_parallel_executor.executor.parallel:loop closed
[1.072s] DEBUG:colcon.colcon_parallel_executor.executor.parallel:run_until_complete finished with '0'
[1.072s] DEBUG:colcon.colcon_core.event_reactor:joining thread
[1.076s] INFO:colcon.colcon_core.plugin_system:Skipping extension 'colcon_notification.desktop_notification.terminal_notifier': Not used on non-Darwin systems
[1.076s] INFO:colcon.colcon_core.plugin_system:Skipping extension 'colcon_notification.desktop_notification.win32': Not used on non-Windows systems
[1.076s] INFO:colcon.colcon_notification.desktop_notification:Sending desktop notification using 'notify2'
[1.087s] DEBUG:colcon.colcon_core.event_reactor:joined thread
[1.087s] INFO:colcon.colcon_core.shell:Creating prefix script '/home/remii/Projects/so-arm/install/local_setup.ps1'
[1.088s] INFO:colcon.colcon_core.shell:Creating prefix util module '/home/remii/Projects/so-arm/install/_local_setup_util_ps1.py'
[1.089s] INFO:colcon.colcon_core.shell:Creating prefix chain script '/home/remii/Projects/so-arm/install/setup.ps1'
[1.090s] INFO:colcon.colcon_core.shell:Creating prefix script '/home/remii/Projects/so-arm/install/local_setup.sh'
[1.090s] INFO:colcon.colcon_core.shell:Creating prefix util module '/home/remii/Projects/so-arm/install/_local_setup_util_sh.py'
[1.091s] INFO:colcon.colcon_core.shell:Creating prefix chain script '/home/remii/Projects/so-arm/install/setup.sh'
[1.092s] INFO:colcon.colcon_core.shell:Creating prefix script '/home/remii/Projects/so-arm/install/local_setup.bash'
[1.092s] INFO:colcon.colcon_core.shell:Creating prefix chain script '/home/remii/Projects/so-arm/install/setup.bash'
[1.093s] INFO:colcon.colcon_core.shell:Creating prefix script '/home/remii/Projects/so-arm/install/local_setup.zsh'
[1.093s] INFO:colcon.colcon_core.shell:Creating prefix chain script '/home/remii/Projects/so-arm/install/setup.zsh'
