[0.119s] DEBUG:colcon:Command line arguments: ['/usr/bin/colcon', 'build', '--symlink-install']
[0.119s] DEBUG:colcon:Parsed command line arguments: Namespace(log_base=None, log_level=None, verb_name='build', build_base='build', install_base='install', merge_install=False, symlink_install=True, test_result_base=None, continue_on_error=False, executor='parallel', parallel_workers=8, event_handlers=None, ignore_user_meta=False, metas=['./colcon.meta'], base_paths=['.'], packages_ignore=None, packages_ignore_regex=None, paths=None, packages_up_to=None, packages_up_to_regex=None, packages_above=None, packages_above_and_dependencies=None, packages_above_depth=None, packages_select_by_dep=None, packages_skip_by_dep=None, packages_skip_up_to=None, packages_select_build_failed=False, packages_skip_build_finished=False, packages_select_test_failures=False, packages_skip_test_passed=False, packages_select=None, packages_skip=None, packages_select_regex=None, packages_skip_regex=None, packages_start=None, packages_end=None, allow_overriding=[], cmake_args=None, cmake_target=None, cmake_target_skip_unavailable=False, cmake_clean_cache=False, cmake_clean_first=False, cmake_force_configure=False, ament_cmake_args=None, catkin_cmake_args=None, catkin_skip_building_tests=False, mixin_files=None, mixin=None, verb_parser=<colcon_mixin.mixin.mixin_argument.MixinArgumentDecorator object at 0x7b0b8ca48680>, verb_extension=<colcon_core.verb.build.BuildVerb object at 0x7b0b8cbc0800>, main=<bound method BuildVerb.main of <colcon_core.verb.build.BuildVerb object at 0x7b0b8cbc0800>>, mixin_verb=('build',))
[0.162s] Level 1:colcon.colcon_core.package_discovery:discover_packages(colcon_meta) check parameters
[0.162s] Level 1:colcon.colcon_core.package_discovery:discover_packages(recursive) check parameters
[0.162s] Level 1:colcon.colcon_core.package_discovery:discover_packages(ignore) check parameters
[0.162s] Level 1:colcon.colcon_core.package_discovery:discover_packages(path) check parameters
[0.162s] Level 1:colcon.colcon_core.package_discovery:discover_packages(colcon_meta) discover
[0.162s] Level 1:colcon.colcon_core.package_discovery:discover_packages(recursive) discover
[0.162s] INFO:colcon.colcon_core.package_discovery:Crawling recursively for packages in '/home/remii/Projects/so-arm'
[0.162s] Level 1:colcon.colcon_core.package_identification:_identify(.) by extensions ['ignore', 'ignore_ament_install']
[0.163s] Level 1:colcon.colcon_core.package_identification:_identify(.) by extension 'ignore'
[0.163s] Level 1:colcon.colcon_core.package_identification:_identify(.) by extension 'ignore_ament_install'
[0.163s] Level 1:colcon.colcon_core.package_identification:_identify(.) by extensions ['colcon_pkg']
[0.163s] Level 1:colcon.colcon_core.package_identification:_identify(.) by extension 'colcon_pkg'
[0.163s] Level 1:colcon.colcon_core.package_identification:_identify(.) by extensions ['colcon_meta']
[0.163s] Level 1:colcon.colcon_core.package_identification:_identify(.) by extension 'colcon_meta'
[0.163s] Level 1:colcon.colcon_core.package_identification:_identify(.) by extensions ['ros']
[0.163s] Level 1:colcon.colcon_core.package_identification:_identify(.) by extension 'ros'
[0.183s] Level 1:colcon.colcon_core.package_identification:_identify(.) by extensions ['cmake', 'python']
[0.183s] Level 1:colcon.colcon_core.package_identification:_identify(.) by extension 'cmake'
[0.183s] Level 1:colcon.colcon_core.package_identification:_identify(.) by extension 'python'
[0.183s] Level 1:colcon.colcon_core.package_identification:_identify(.) by extensions ['python_setup_py']
[0.183s] Level 1:colcon.colcon_core.package_identification:_identify(.) by extension 'python_setup_py'
[0.183s] Level 1:colcon.colcon_core.package_identification:_identify(build) by extensions ['ignore', 'ignore_ament_install']
[0.183s] Level 1:colcon.colcon_core.package_identification:_identify(build) by extension 'ignore'
[0.183s] Level 1:colcon.colcon_core.package_identification:_identify(build) ignored
[0.183s] Level 1:colcon.colcon_core.package_identification:_identify(install) by extensions ['ignore', 'ignore_ament_install']
[0.184s] Level 1:colcon.colcon_core.package_identification:_identify(install) by extension 'ignore'
[0.184s] Level 1:colcon.colcon_core.package_identification:_identify(install) ignored
[0.184s] Level 1:colcon.colcon_core.package_identification:_identify(log) by extensions ['ignore', 'ignore_ament_install']
[0.184s] Level 1:colcon.colcon_core.package_identification:_identify(log) by extension 'ignore'
[0.184s] Level 1:colcon.colcon_core.package_identification:_identify(log) ignored
[0.184s] Level 1:colcon.colcon_core.package_identification:_identify(src) by extensions ['ignore', 'ignore_ament_install']
[0.184s] Level 1:colcon.colcon_core.package_identification:_identify(src) by extension 'ignore'
[0.184s] Level 1:colcon.colcon_core.package_identification:_identify(src) by extension 'ignore_ament_install'
[0.184s] Level 1:colcon.colcon_core.package_identification:_identify(src) by extensions ['colcon_pkg']
[0.184s] Level 1:colcon.colcon_core.package_identification:_identify(src) by extension 'colcon_pkg'
[0.184s] Level 1:colcon.colcon_core.package_identification:_identify(src) by extensions ['colcon_meta']
[0.184s] Level 1:colcon.colcon_core.package_identification:_identify(src) by extension 'colcon_meta'
[0.184s] Level 1:colcon.colcon_core.package_identification:_identify(src) by extensions ['ros']
[0.184s] Level 1:colcon.colcon_core.package_identification:_identify(src) by extension 'ros'
[0.184s] Level 1:colcon.colcon_core.package_identification:_identify(src) by extensions ['cmake', 'python']
[0.184s] Level 1:colcon.colcon_core.package_identification:_identify(src) by extension 'cmake'
[0.184s] Level 1:colcon.colcon_core.package_identification:_identify(src) by extension 'python'
[0.184s] Level 1:colcon.colcon_core.package_identification:_identify(src) by extensions ['python_setup_py']
[0.184s] Level 1:colcon.colcon_core.package_identification:_identify(src) by extension 'python_setup_py'
[0.185s] Level 1:colcon.colcon_core.package_identification:_identify(src/feetech_ros2_driver) by extensions ['ignore', 'ignore_ament_install']
[0.185s] Level 1:colcon.colcon_core.package_identification:_identify(src/feetech_ros2_driver) by extension 'ignore'
[0.185s] Level 1:colcon.colcon_core.package_identification:_identify(src/feetech_ros2_driver) by extension 'ignore_ament_install'
[0.185s] Level 1:colcon.colcon_core.package_identification:_identify(src/feetech_ros2_driver) by extensions ['colcon_pkg']
[0.185s] Level 1:colcon.colcon_core.package_identification:_identify(src/feetech_ros2_driver) by extension 'colcon_pkg'
[0.185s] Level 1:colcon.colcon_core.package_identification:_identify(src/feetech_ros2_driver) by extensions ['colcon_meta']
[0.185s] Level 1:colcon.colcon_core.package_identification:_identify(src/feetech_ros2_driver) by extension 'colcon_meta'
[0.185s] Level 1:colcon.colcon_core.package_identification:_identify(src/feetech_ros2_driver) by extensions ['ros']
[0.185s] Level 1:colcon.colcon_core.package_identification:_identify(src/feetech_ros2_driver) by extension 'ros'
[0.187s] DEBUG:colcon.colcon_core.package_identification:Package 'src/feetech_ros2_driver' with type 'ros.ament_cmake' and name 'feetech_ros2_driver'
[0.187s] Level 1:colcon.colcon_core.package_identification:_identify(src/ros2_so_arm100) by extensions ['ignore', 'ignore_ament_install']
[0.187s] Level 1:colcon.colcon_core.package_identification:_identify(src/ros2_so_arm100) by extension 'ignore'
[0.187s] Level 1:colcon.colcon_core.package_identification:_identify(src/ros2_so_arm100) by extension 'ignore_ament_install'
[0.187s] Level 1:colcon.colcon_core.package_identification:_identify(src/ros2_so_arm100) by extensions ['colcon_pkg']
[0.187s] Level 1:colcon.colcon_core.package_identification:_identify(src/ros2_so_arm100) by extension 'colcon_pkg'
[0.188s] Level 1:colcon.colcon_core.package_identification:_identify(src/ros2_so_arm100) by extensions ['colcon_meta']
[0.188s] Level 1:colcon.colcon_core.package_identification:_identify(src/ros2_so_arm100) by extension 'colcon_meta'
[0.188s] Level 1:colcon.colcon_core.package_identification:_identify(src/ros2_so_arm100) by extensions ['ros']
[0.188s] Level 1:colcon.colcon_core.package_identification:_identify(src/ros2_so_arm100) by extension 'ros'
[0.188s] Level 1:colcon.colcon_core.package_identification:_identify(src/ros2_so_arm100) by extensions ['cmake', 'python']
[0.188s] Level 1:colcon.colcon_core.package_identification:_identify(src/ros2_so_arm100) by extension 'cmake'
[0.188s] Level 1:colcon.colcon_core.package_identification:_identify(src/ros2_so_arm100) by extension 'python'
[0.188s] Level 1:colcon.colcon_core.package_identification:_identify(src/ros2_so_arm100) by extensions ['python_setup_py']
[0.188s] Level 1:colcon.colcon_core.package_identification:_identify(src/ros2_so_arm100) by extension 'python_setup_py'
[0.188s] Level 1:colcon.colcon_core.package_identification:_identify(src/ros2_so_arm100/so_arm100_description) by extensions ['ignore', 'ignore_ament_install']
[0.188s] Level 1:colcon.colcon_core.package_identification:_identify(src/ros2_so_arm100/so_arm100_description) by extension 'ignore'
[0.188s] Level 1:colcon.colcon_core.package_identification:_identify(src/ros2_so_arm100/so_arm100_description) by extension 'ignore_ament_install'
[0.188s] Level 1:colcon.colcon_core.package_identification:_identify(src/ros2_so_arm100/so_arm100_description) by extensions ['colcon_pkg']
[0.188s] Level 1:colcon.colcon_core.package_identification:_identify(src/ros2_so_arm100/so_arm100_description) by extension 'colcon_pkg'
[0.188s] Level 1:colcon.colcon_core.package_identification:_identify(src/ros2_so_arm100/so_arm100_description) by extensions ['colcon_meta']
[0.188s] Level 1:colcon.colcon_core.package_identification:_identify(src/ros2_so_arm100/so_arm100_description) by extension 'colcon_meta'
[0.188s] Level 1:colcon.colcon_core.package_identification:_identify(src/ros2_so_arm100/so_arm100_description) by extensions ['ros']
[0.188s] Level 1:colcon.colcon_core.package_identification:_identify(src/ros2_so_arm100/so_arm100_description) by extension 'ros'
[0.189s] DEBUG:colcon.colcon_core.package_identification:Package 'src/ros2_so_arm100/so_arm100_description' with type 'ros.ament_cmake' and name 'so_arm100_description'
[0.189s] Level 1:colcon.colcon_core.package_identification:_identify(src/ros2_so_arm100/so_arm100_moveit_config) by extensions ['ignore', 'ignore_ament_install']
[0.189s] Level 1:colcon.colcon_core.package_identification:_identify(src/ros2_so_arm100/so_arm100_moveit_config) by extension 'ignore'
[0.189s] Level 1:colcon.colcon_core.package_identification:_identify(src/ros2_so_arm100/so_arm100_moveit_config) by extension 'ignore_ament_install'
[0.189s] Level 1:colcon.colcon_core.package_identification:_identify(src/ros2_so_arm100/so_arm100_moveit_config) by extensions ['colcon_pkg']
[0.189s] Level 1:colcon.colcon_core.package_identification:_identify(src/ros2_so_arm100/so_arm100_moveit_config) by extension 'colcon_pkg'
[0.189s] Level 1:colcon.colcon_core.package_identification:_identify(src/ros2_so_arm100/so_arm100_moveit_config) by extensions ['colcon_meta']
[0.189s] Level 1:colcon.colcon_core.package_identification:_identify(src/ros2_so_arm100/so_arm100_moveit_config) by extension 'colcon_meta'
[0.189s] Level 1:colcon.colcon_core.package_identification:_identify(src/ros2_so_arm100/so_arm100_moveit_config) by extensions ['ros']
[0.189s] Level 1:colcon.colcon_core.package_identification:_identify(src/ros2_so_arm100/so_arm100_moveit_config) by extension 'ros'
[0.190s] DEBUG:colcon.colcon_core.package_identification:Package 'src/ros2_so_arm100/so_arm100_moveit_config' with type 'ros.ament_cmake' and name 'so_arm100_moveit_config'
[0.190s] Level 1:colcon.colcon_core.package_identification:_identify(src/ros2_so_arm100/so_arm101_description) by extensions ['ignore', 'ignore_ament_install']
[0.190s] Level 1:colcon.colcon_core.package_identification:_identify(src/ros2_so_arm100/so_arm101_description) by extension 'ignore'
[0.190s] Level 1:colcon.colcon_core.package_identification:_identify(src/ros2_so_arm100/so_arm101_description) by extension 'ignore_ament_install'
[0.190s] Level 1:colcon.colcon_core.package_identification:_identify(src/ros2_so_arm100/so_arm101_description) by extensions ['colcon_pkg']
[0.190s] Level 1:colcon.colcon_core.package_identification:_identify(src/ros2_so_arm100/so_arm101_description) by extension 'colcon_pkg'
[0.190s] Level 1:colcon.colcon_core.package_identification:_identify(src/ros2_so_arm100/so_arm101_description) by extensions ['colcon_meta']
[0.190s] Level 1:colcon.colcon_core.package_identification:_identify(src/ros2_so_arm100/so_arm101_description) by extension 'colcon_meta'
[0.190s] Level 1:colcon.colcon_core.package_identification:_identify(src/ros2_so_arm100/so_arm101_description) by extensions ['ros']
[0.190s] Level 1:colcon.colcon_core.package_identification:_identify(src/ros2_so_arm100/so_arm101_description) by extension 'ros'
[0.191s] DEBUG:colcon.colcon_core.package_identification:Package 'src/ros2_so_arm100/so_arm101_description' with type 'ros.ament_cmake' and name 'so_arm101_description'
[0.191s] Level 1:colcon.colcon_core.package_identification:_identify(src/ros2_so_arm100/so_arm101_moveit_config) by extensions ['ignore', 'ignore_ament_install']
[0.191s] Level 1:colcon.colcon_core.package_identification:_identify(src/ros2_so_arm100/so_arm101_moveit_config) by extension 'ignore'
[0.191s] Level 1:colcon.colcon_core.package_identification:_identify(src/ros2_so_arm100/so_arm101_moveit_config) by extension 'ignore_ament_install'
[0.191s] Level 1:colcon.colcon_core.package_identification:_identify(src/ros2_so_arm100/so_arm101_moveit_config) by extensions ['colcon_pkg']
[0.191s] Level 1:colcon.colcon_core.package_identification:_identify(src/ros2_so_arm100/so_arm101_moveit_config) by extension 'colcon_pkg'
[0.191s] Level 1:colcon.colcon_core.package_identification:_identify(src/ros2_so_arm100/so_arm101_moveit_config) by extensions ['colcon_meta']
[0.191s] Level 1:colcon.colcon_core.package_identification:_identify(src/ros2_so_arm100/so_arm101_moveit_config) by extension 'colcon_meta'
[0.191s] Level 1:colcon.colcon_core.package_identification:_identify(src/ros2_so_arm100/so_arm101_moveit_config) by extensions ['ros']
[0.192s] Level 1:colcon.colcon_core.package_identification:_identify(src/ros2_so_arm100/so_arm101_moveit_config) by extension 'ros'
[0.192s] DEBUG:colcon.colcon_core.package_identification:Package 'src/ros2_so_arm100/so_arm101_moveit_config' with type 'ros.ament_cmake' and name 'so_arm101_moveit_config'
[0.192s] Level 1:colcon.colcon_core.package_identification:_identify(src/ros2_so_arm100/so_arm_gz) by extensions ['ignore', 'ignore_ament_install']
[0.192s] Level 1:colcon.colcon_core.package_identification:_identify(src/ros2_so_arm100/so_arm_gz) by extension 'ignore'
[0.192s] Level 1:colcon.colcon_core.package_identification:_identify(src/ros2_so_arm100/so_arm_gz) by extension 'ignore_ament_install'
[0.192s] Level 1:colcon.colcon_core.package_identification:_identify(src/ros2_so_arm100/so_arm_gz) by extensions ['colcon_pkg']
[0.192s] Level 1:colcon.colcon_core.package_identification:_identify(src/ros2_so_arm100/so_arm_gz) by extension 'colcon_pkg'
[0.193s] Level 1:colcon.colcon_core.package_identification:_identify(src/ros2_so_arm100/so_arm_gz) by extensions ['colcon_meta']
[0.193s] Level 1:colcon.colcon_core.package_identification:_identify(src/ros2_so_arm100/so_arm_gz) by extension 'colcon_meta'
[0.193s] Level 1:colcon.colcon_core.package_identification:_identify(src/ros2_so_arm100/so_arm_gz) by extensions ['ros']
[0.193s] Level 1:colcon.colcon_core.package_identification:_identify(src/ros2_so_arm100/so_arm_gz) by extension 'ros'
[0.193s] DEBUG:colcon.colcon_core.package_identification:Package 'src/ros2_so_arm100/so_arm_gz' with type 'ros.ament_cmake' and name 'so_arm_gz'
[0.193s] Level 1:colcon.colcon_core.package_identification:_identify(src/ros2_so_arm100/so_arm_perception) by extensions ['ignore', 'ignore_ament_install']
[0.193s] Level 1:colcon.colcon_core.package_identification:_identify(src/ros2_so_arm100/so_arm_perception) by extension 'ignore'
[0.193s] Level 1:colcon.colcon_core.package_identification:_identify(src/ros2_so_arm100/so_arm_perception) by extension 'ignore_ament_install'
[0.193s] Level 1:colcon.colcon_core.package_identification:_identify(src/ros2_so_arm100/so_arm_perception) by extensions ['colcon_pkg']
[0.193s] Level 1:colcon.colcon_core.package_identification:_identify(src/ros2_so_arm100/so_arm_perception) by extension 'colcon_pkg'
[0.193s] Level 1:colcon.colcon_core.package_identification:_identify(src/ros2_so_arm100/so_arm_perception) by extensions ['colcon_meta']
[0.194s] Level 1:colcon.colcon_core.package_identification:_identify(src/ros2_so_arm100/so_arm_perception) by extension 'colcon_meta'
[0.194s] Level 1:colcon.colcon_core.package_identification:_identify(src/ros2_so_arm100/so_arm_perception) by extensions ['ros']
[0.194s] Level 1:colcon.colcon_core.package_identification:_identify(src/ros2_so_arm100/so_arm_perception) by extension 'ros'
[0.194s] DEBUG:colcon.colcon_core.package_identification:Package 'src/ros2_so_arm100/so_arm_perception' with type 'ros.ament_python' and name 'so_arm_perception'
[0.194s] Level 1:colcon.colcon_core.package_identification:_identify(src/ros2_so_arm100/so_arm_utils) by extensions ['ignore', 'ignore_ament_install']
[0.194s] Level 1:colcon.colcon_core.package_identification:_identify(src/ros2_so_arm100/so_arm_utils) by extension 'ignore'
[0.194s] Level 1:colcon.colcon_core.package_identification:_identify(src/ros2_so_arm100/so_arm_utils) by extension 'ignore_ament_install'
[0.194s] Level 1:colcon.colcon_core.package_identification:_identify(src/ros2_so_arm100/so_arm_utils) by extensions ['colcon_pkg']
[0.195s] Level 1:colcon.colcon_core.package_identification:_identify(src/ros2_so_arm100/so_arm_utils) by extension 'colcon_pkg'
[0.195s] Level 1:colcon.colcon_core.package_identification:_identify(src/ros2_so_arm100/so_arm_utils) by extensions ['colcon_meta']
[0.195s] Level 1:colcon.colcon_core.package_identification:_identify(src/ros2_so_arm100/so_arm_utils) by extension 'colcon_meta'
[0.195s] Level 1:colcon.colcon_core.package_identification:_identify(src/ros2_so_arm100/so_arm_utils) by extensions ['ros']
[0.195s] Level 1:colcon.colcon_core.package_identification:_identify(src/ros2_so_arm100/so_arm_utils) by extension 'ros'
[0.195s] DEBUG:colcon.colcon_core.package_identification:Package 'src/ros2_so_arm100/so_arm_utils' with type 'ros.ament_cmake' and name 'so_arm_utils'
[0.195s] Level 1:colcon.colcon_core.package_discovery:discover_packages(recursive) using defaults
[0.195s] Level 1:colcon.colcon_core.package_discovery:discover_packages(ignore) discover
[0.195s] Level 1:colcon.colcon_core.package_discovery:discover_packages(ignore) using defaults
[0.195s] Level 1:colcon.colcon_core.package_discovery:discover_packages(path) discover
[0.195s] Level 1:colcon.colcon_core.package_discovery:discover_packages(path) using defaults
[0.215s] Level 1:colcon.colcon_core.package_discovery:discover_packages(prefix_path) check parameters
[0.215s] Level 1:colcon.colcon_core.package_discovery:discover_packages(prefix_path) discover
[0.219s] DEBUG:colcon.colcon_installed_package_information.package_discovery:Found 7 installed packages in /home/remii/Projects/so-arm/install
[0.221s] DEBUG:colcon.colcon_installed_package_information.package_discovery:Found 378 installed packages in /opt/ros/jazzy
[0.222s] Level 1:colcon.colcon_core.package_discovery:discover_packages(prefix_path) using defaults
[0.269s] Level 5:colcon.colcon_core.verb:set package 'feetech_ros2_driver' build argument 'cmake_args' from command line to 'None'
[0.269s] Level 5:colcon.colcon_core.verb:set package 'feetech_ros2_driver' build argument 'cmake_target' from command line to 'None'
[0.270s] Level 5:colcon.colcon_core.verb:set package 'feetech_ros2_driver' build argument 'cmake_target_skip_unavailable' from command line to 'False'
[0.270s] Level 5:colcon.colcon_core.verb:set package 'feetech_ros2_driver' build argument 'cmake_clean_cache' from command line to 'False'
[0.270s] Level 5:colcon.colcon_core.verb:set package 'feetech_ros2_driver' build argument 'cmake_clean_first' from command line to 'False'
[0.270s] Level 5:colcon.colcon_core.verb:set package 'feetech_ros2_driver' build argument 'cmake_force_configure' from command line to 'False'
[0.270s] Level 5:colcon.colcon_core.verb:set package 'feetech_ros2_driver' build argument 'ament_cmake_args' from command line to 'None'
[0.270s] Level 5:colcon.colcon_core.verb:set package 'feetech_ros2_driver' build argument 'catkin_cmake_args' from command line to 'None'
[0.270s] Level 5:colcon.colcon_core.verb:set package 'feetech_ros2_driver' build argument 'catkin_skip_building_tests' from command line to 'False'
[0.270s] DEBUG:colcon.colcon_core.verb:Building package 'feetech_ros2_driver' with the following arguments: {'ament_cmake_args': None, 'build_base': '/home/remii/Projects/so-arm/build/feetech_ros2_driver', 'catkin_cmake_args': None, 'catkin_skip_building_tests': False, 'cmake_args': None, 'cmake_clean_cache': False, 'cmake_clean_first': False, 'cmake_force_configure': False, 'cmake_target': None, 'cmake_target_skip_unavailable': False, 'install_base': '/home/remii/Projects/so-arm/install/feetech_ros2_driver', 'merge_install': False, 'path': '/home/remii/Projects/so-arm/src/feetech_ros2_driver', 'symlink_install': True, 'test_result_base': None}
[0.270s] Level 5:colcon.colcon_core.verb:set package 'so_arm_perception' build argument 'cmake_args' from command line to 'None'
[0.270s] Level 5:colcon.colcon_core.verb:set package 'so_arm_perception' build argument 'cmake_target' from command line to 'None'
[0.270s] Level 5:colcon.colcon_core.verb:set package 'so_arm_perception' build argument 'cmake_target_skip_unavailable' from command line to 'False'
[0.270s] Level 5:colcon.colcon_core.verb:set package 'so_arm_perception' build argument 'cmake_clean_cache' from command line to 'False'
[0.270s] Level 5:colcon.colcon_core.verb:set package 'so_arm_perception' build argument 'cmake_clean_first' from command line to 'False'
[0.270s] Level 5:colcon.colcon_core.verb:set package 'so_arm_perception' build argument 'cmake_force_configure' from command line to 'False'
[0.270s] Level 5:colcon.colcon_core.verb:set package 'so_arm_perception' build argument 'ament_cmake_args' from command line to 'None'
[0.270s] Level 5:colcon.colcon_core.verb:set package 'so_arm_perception' build argument 'catkin_cmake_args' from command line to 'None'
[0.270s] Level 5:colcon.colcon_core.verb:set package 'so_arm_perception' build argument 'catkin_skip_building_tests' from command line to 'False'
[0.270s] DEBUG:colcon.colcon_core.verb:Building package 'so_arm_perception' with the following arguments: {'ament_cmake_args': None, 'build_base': '/home/remii/Projects/so-arm/build/so_arm_perception', 'catkin_cmake_args': None, 'catkin_skip_building_tests': False, 'cmake_args': None, 'cmake_clean_cache': False, 'cmake_clean_first': False, 'cmake_force_configure': False, 'cmake_target': None, 'cmake_target_skip_unavailable': False, 'install_base': '/home/remii/Projects/so-arm/install/so_arm_perception', 'merge_install': False, 'path': '/home/remii/Projects/so-arm/src/ros2_so_arm100/so_arm_perception', 'symlink_install': True, 'test_result_base': None}
[0.271s] Level 5:colcon.colcon_core.verb:set package 'so_arm_utils' build argument 'cmake_args' from command line to 'None'
[0.271s] Level 5:colcon.colcon_core.verb:set package 'so_arm_utils' build argument 'cmake_target' from command line to 'None'
[0.271s] Level 5:colcon.colcon_core.verb:set package 'so_arm_utils' build argument 'cmake_target_skip_unavailable' from command line to 'False'
[0.271s] Level 5:colcon.colcon_core.verb:set package 'so_arm_utils' build argument 'cmake_clean_cache' from command line to 'False'
[0.271s] Level 5:colcon.colcon_core.verb:set package 'so_arm_utils' build argument 'cmake_clean_first' from command line to 'False'
[0.271s] Level 5:colcon.colcon_core.verb:set package 'so_arm_utils' build argument 'cmake_force_configure' from command line to 'False'
[0.271s] Level 5:colcon.colcon_core.verb:set package 'so_arm_utils' build argument 'ament_cmake_args' from command line to 'None'
[0.271s] Level 5:colcon.colcon_core.verb:set package 'so_arm_utils' build argument 'catkin_cmake_args' from command line to 'None'
[0.271s] Level 5:colcon.colcon_core.verb:set package 'so_arm_utils' build argument 'catkin_skip_building_tests' from command line to 'False'
[0.271s] DEBUG:colcon.colcon_core.verb:Building package 'so_arm_utils' with the following arguments: {'ament_cmake_args': None, 'build_base': '/home/remii/Projects/so-arm/build/so_arm_utils', 'catkin_cmake_args': None, 'catkin_skip_building_tests': False, 'cmake_args': None, 'cmake_clean_cache': False, 'cmake_clean_first': False, 'cmake_force_configure': False, 'cmake_target': None, 'cmake_target_skip_unavailable': False, 'install_base': '/home/remii/Projects/so-arm/install/so_arm_utils', 'merge_install': False, 'path': '/home/remii/Projects/so-arm/src/ros2_so_arm100/so_arm_utils', 'symlink_install': True, 'test_result_base': None}
[0.271s] Level 5:colcon.colcon_core.verb:set package 'so_arm100_description' build argument 'cmake_args' from command line to 'None'
[0.271s] Level 5:colcon.colcon_core.verb:set package 'so_arm100_description' build argument 'cmake_target' from command line to 'None'
[0.271s] Level 5:colcon.colcon_core.verb:set package 'so_arm100_description' build argument 'cmake_target_skip_unavailable' from command line to 'False'
[0.271s] Level 5:colcon.colcon_core.verb:set package 'so_arm100_description' build argument 'cmake_clean_cache' from command line to 'False'
[0.271s] Level 5:colcon.colcon_core.verb:set package 'so_arm100_description' build argument 'cmake_clean_first' from command line to 'False'
[0.271s] Level 5:colcon.colcon_core.verb:set package 'so_arm100_description' build argument 'cmake_force_configure' from command line to 'False'
[0.271s] Level 5:colcon.colcon_core.verb:set package 'so_arm100_description' build argument 'ament_cmake_args' from command line to 'None'
[0.271s] Level 5:colcon.colcon_core.verb:set package 'so_arm100_description' build argument 'catkin_cmake_args' from command line to 'None'
[0.271s] Level 5:colcon.colcon_core.verb:set package 'so_arm100_description' build argument 'catkin_skip_building_tests' from command line to 'False'
[0.271s] DEBUG:colcon.colcon_core.verb:Building package 'so_arm100_description' with the following arguments: {'ament_cmake_args': None, 'build_base': '/home/remii/Projects/so-arm/build/so_arm100_description', 'catkin_cmake_args': None, 'catkin_skip_building_tests': False, 'cmake_args': None, 'cmake_clean_cache': False, 'cmake_clean_first': False, 'cmake_force_configure': False, 'cmake_target': None, 'cmake_target_skip_unavailable': False, 'install_base': '/home/remii/Projects/so-arm/install/so_arm100_description', 'merge_install': False, 'path': '/home/remii/Projects/so-arm/src/ros2_so_arm100/so_arm100_description', 'symlink_install': True, 'test_result_base': None}
[0.272s] Level 5:colcon.colcon_core.verb:set package 'so_arm101_description' build argument 'cmake_args' from command line to 'None'
[0.272s] Level 5:colcon.colcon_core.verb:set package 'so_arm101_description' build argument 'cmake_target' from command line to 'None'
[0.272s] Level 5:colcon.colcon_core.verb:set package 'so_arm101_description' build argument 'cmake_target_skip_unavailable' from command line to 'False'
[0.272s] Level 5:colcon.colcon_core.verb:set package 'so_arm101_description' build argument 'cmake_clean_cache' from command line to 'False'
[0.272s] Level 5:colcon.colcon_core.verb:set package 'so_arm101_description' build argument 'cmake_clean_first' from command line to 'False'
[0.272s] Level 5:colcon.colcon_core.verb:set package 'so_arm101_description' build argument 'cmake_force_configure' from command line to 'False'
[0.272s] Level 5:colcon.colcon_core.verb:set package 'so_arm101_description' build argument 'ament_cmake_args' from command line to 'None'
[0.272s] Level 5:colcon.colcon_core.verb:set package 'so_arm101_description' build argument 'catkin_cmake_args' from command line to 'None'
[0.272s] Level 5:colcon.colcon_core.verb:set package 'so_arm101_description' build argument 'catkin_skip_building_tests' from command line to 'False'
[0.272s] DEBUG:colcon.colcon_core.verb:Building package 'so_arm101_description' with the following arguments: {'ament_cmake_args': None, 'build_base': '/home/remii/Projects/so-arm/build/so_arm101_description', 'catkin_cmake_args': None, 'catkin_skip_building_tests': False, 'cmake_args': None, 'cmake_clean_cache': False, 'cmake_clean_first': False, 'cmake_force_configure': False, 'cmake_target': None, 'cmake_target_skip_unavailable': False, 'install_base': '/home/remii/Projects/so-arm/install/so_arm101_description', 'merge_install': False, 'path': '/home/remii/Projects/so-arm/src/ros2_so_arm100/so_arm101_description', 'symlink_install': True, 'test_result_base': None}
[0.272s] Level 5:colcon.colcon_core.verb:set package 'so_arm100_moveit_config' build argument 'cmake_args' from command line to 'None'
[0.272s] Level 5:colcon.colcon_core.verb:set package 'so_arm100_moveit_config' build argument 'cmake_target' from command line to 'None'
[0.272s] Level 5:colcon.colcon_core.verb:set package 'so_arm100_moveit_config' build argument 'cmake_target_skip_unavailable' from command line to 'False'
[0.272s] Level 5:colcon.colcon_core.verb:set package 'so_arm100_moveit_config' build argument 'cmake_clean_cache' from command line to 'False'
[0.272s] Level 5:colcon.colcon_core.verb:set package 'so_arm100_moveit_config' build argument 'cmake_clean_first' from command line to 'False'
[0.272s] Level 5:colcon.colcon_core.verb:set package 'so_arm100_moveit_config' build argument 'cmake_force_configure' from command line to 'False'
[0.272s] Level 5:colcon.colcon_core.verb:set package 'so_arm100_moveit_config' build argument 'ament_cmake_args' from command line to 'None'
[0.272s] Level 5:colcon.colcon_core.verb:set package 'so_arm100_moveit_config' build argument 'catkin_cmake_args' from command line to 'None'
[0.272s] Level 5:colcon.colcon_core.verb:set package 'so_arm100_moveit_config' build argument 'catkin_skip_building_tests' from command line to 'False'
[0.272s] DEBUG:colcon.colcon_core.verb:Building package 'so_arm100_moveit_config' with the following arguments: {'ament_cmake_args': None, 'build_base': '/home/remii/Projects/so-arm/build/so_arm100_moveit_config', 'catkin_cmake_args': None, 'catkin_skip_building_tests': False, 'cmake_args': None, 'cmake_clean_cache': False, 'cmake_clean_first': False, 'cmake_force_configure': False, 'cmake_target': None, 'cmake_target_skip_unavailable': False, 'install_base': '/home/remii/Projects/so-arm/install/so_arm100_moveit_config', 'merge_install': False, 'path': '/home/remii/Projects/so-arm/src/ros2_so_arm100/so_arm100_moveit_config', 'symlink_install': True, 'test_result_base': None}
[0.272s] Level 5:colcon.colcon_core.verb:set package 'so_arm101_moveit_config' build argument 'cmake_args' from command line to 'None'
[0.272s] Level 5:colcon.colcon_core.verb:set package 'so_arm101_moveit_config' build argument 'cmake_target' from command line to 'None'
[0.272s] Level 5:colcon.colcon_core.verb:set package 'so_arm101_moveit_config' build argument 'cmake_target_skip_unavailable' from command line to 'False'
[0.272s] Level 5:colcon.colcon_core.verb:set package 'so_arm101_moveit_config' build argument 'cmake_clean_cache' from command line to 'False'
[0.272s] Level 5:colcon.colcon_core.verb:set package 'so_arm101_moveit_config' build argument 'cmake_clean_first' from command line to 'False'
[0.273s] Level 5:colcon.colcon_core.verb:set package 'so_arm101_moveit_config' build argument 'cmake_force_configure' from command line to 'False'
[0.273s] Level 5:colcon.colcon_core.verb:set package 'so_arm101_moveit_config' build argument 'ament_cmake_args' from command line to 'None'
[0.273s] Level 5:colcon.colcon_core.verb:set package 'so_arm101_moveit_config' build argument 'catkin_cmake_args' from command line to 'None'
[0.273s] Level 5:colcon.colcon_core.verb:set package 'so_arm101_moveit_config' build argument 'catkin_skip_building_tests' from command line to 'False'
[0.273s] DEBUG:colcon.colcon_core.verb:Building package 'so_arm101_moveit_config' with the following arguments: {'ament_cmake_args': None, 'build_base': '/home/remii/Projects/so-arm/build/so_arm101_moveit_config', 'catkin_cmake_args': None, 'catkin_skip_building_tests': False, 'cmake_args': None, 'cmake_clean_cache': False, 'cmake_clean_first': False, 'cmake_force_configure': False, 'cmake_target': None, 'cmake_target_skip_unavailable': False, 'install_base': '/home/remii/Projects/so-arm/install/so_arm101_moveit_config', 'merge_install': False, 'path': '/home/remii/Projects/so-arm/src/ros2_so_arm100/so_arm101_moveit_config', 'symlink_install': True, 'test_result_base': None}
[0.273s] Level 5:colcon.colcon_core.verb:set package 'so_arm_gz' build argument 'cmake_args' from command line to 'None'
[0.273s] Level 5:colcon.colcon_core.verb:set package 'so_arm_gz' build argument 'cmake_target' from command line to 'None'
[0.273s] Level 5:colcon.colcon_core.verb:set package 'so_arm_gz' build argument 'cmake_target_skip_unavailable' from command line to 'False'
[0.273s] Level 5:colcon.colcon_core.verb:set package 'so_arm_gz' build argument 'cmake_clean_cache' from command line to 'False'
[0.273s] Level 5:colcon.colcon_core.verb:set package 'so_arm_gz' build argument 'cmake_clean_first' from command line to 'False'
[0.273s] Level 5:colcon.colcon_core.verb:set package 'so_arm_gz' build argument 'cmake_force_configure' from command line to 'False'
[0.273s] Level 5:colcon.colcon_core.verb:set package 'so_arm_gz' build argument 'ament_cmake_args' from command line to 'None'
[0.273s] Level 5:colcon.colcon_core.verb:set package 'so_arm_gz' build argument 'catkin_cmake_args' from command line to 'None'
[0.273s] Level 5:colcon.colcon_core.verb:set package 'so_arm_gz' build argument 'catkin_skip_building_tests' from command line to 'False'
[0.273s] DEBUG:colcon.colcon_core.verb:Building package 'so_arm_gz' with the following arguments: {'ament_cmake_args': None, 'build_base': '/home/remii/Projects/so-arm/build/so_arm_gz', 'catkin_cmake_args': None, 'catkin_skip_building_tests': False, 'cmake_args': None, 'cmake_clean_cache': False, 'cmake_clean_first': False, 'cmake_force_configure': False, 'cmake_target': None, 'cmake_target_skip_unavailable': False, 'install_base': '/home/remii/Projects/so-arm/install/so_arm_gz', 'merge_install': False, 'path': '/home/remii/Projects/so-arm/src/ros2_so_arm100/so_arm_gz', 'symlink_install': True, 'test_result_base': None}
[0.273s] INFO:colcon.colcon_core.executor:Executing jobs using 'parallel' executor
[0.274s] DEBUG:colcon.colcon_parallel_executor.executor.parallel:run_until_complete
[0.274s] INFO:colcon.colcon_ros.task.ament_cmake.build:Building ROS package in '/home/remii/Projects/so-arm/src/feetech_ros2_driver' with build type 'ament_cmake'
[0.274s] INFO:colcon.colcon_cmake.task.cmake.build:Building CMake package in '/home/remii/Projects/so-arm/src/feetech_ros2_driver'
[0.278s] INFO:colcon.colcon_core.plugin_system:Skipping extension 'colcon_core.shell.bat': Not used on non-Windows systems
[0.278s] INFO:colcon.colcon_core.shell:Skip shell extension 'powershell' for command environment: Not usable outside of PowerShell
[0.278s] DEBUG:colcon.colcon_core.shell:Skip shell extension 'dsv' for command environment
[0.281s] INFO:colcon.colcon_ros.task.ament_cmake.build:Building ROS package in '/home/remii/Projects/so-arm/src/ros2_so_arm100/so_arm_utils' with build type 'ament_cmake'
[0.281s] INFO:colcon.colcon_cmake.task.cmake.build:Building CMake package in '/home/remii/Projects/so-arm/src/ros2_so_arm100/so_arm_utils'
[0.281s] INFO:colcon.colcon_core.shell:Skip shell extension 'powershell' for command environment: Not usable outside of PowerShell
[0.281s] DEBUG:colcon.colcon_core.shell:Skip shell extension 'dsv' for command environment
[0.284s] INFO:colcon.colcon_ros.task.ament_python.build:Building ROS package in '/home/remii/Projects/so-arm/src/ros2_so_arm100/so_arm_perception' with build type 'ament_python'
[0.284s] Level 1:colcon.colcon_core.shell:create_environment_hook('so_arm_perception', 'ament_prefix_path')
[0.285s] INFO:colcon.colcon_core.shell:Creating environment hook '/home/remii/Projects/so-arm/install/so_arm_perception/share/so_arm_perception/hook/ament_prefix_path.ps1'
[0.285s] INFO:colcon.colcon_core.shell:Creating environment descriptor '/home/remii/Projects/so-arm/install/so_arm_perception/share/so_arm_perception/hook/ament_prefix_path.dsv'
[0.286s] INFO:colcon.colcon_core.shell:Creating environment hook '/home/remii/Projects/so-arm/install/so_arm_perception/share/so_arm_perception/hook/ament_prefix_path.sh'
[0.286s] INFO:colcon.colcon_core.shell:Skip shell extension 'powershell' for command environment: Not usable outside of PowerShell
[0.286s] DEBUG:colcon.colcon_core.shell:Skip shell extension 'dsv' for command environment
[0.293s] DEBUG:colcon.colcon_core.event_handler.log_command:Invoking command in '/home/remii/Projects/so-arm/build/feetech_ros2_driver': CMAKE_PREFIX_PATH=${CMAKE_PREFIX_PATH}:/opt/ros/jazzy DEBUGINFOD_URLS=https://debuginfod.ubuntu.com /usr/bin/cmake --build /home/remii/Projects/so-arm/build/feetech_ros2_driver -- -j8 -l8
[0.294s] DEBUG:colcon.colcon_core.event_handler.log_command:Invoking command in '/home/remii/Projects/so-arm/build/so_arm_utils': CMAKE_PREFIX_PATH=${CMAKE_PREFIX_PATH}:/opt/ros/jazzy DEBUGINFOD_URLS=https://debuginfod.ubuntu.com /usr/bin/cmake --build /home/remii/Projects/so-arm/build/so_arm_utils -- -j8 -l8
[0.490s] INFO:colcon.colcon_core.task.python.build:Building Python package in '/home/remii/Projects/so-arm/src/ros2_so_arm100/so_arm_perception'
[0.490s] INFO:colcon.colcon_core.shell:Skip shell extension 'powershell' for command environment: Not usable outside of PowerShell
[0.490s] DEBUG:colcon.colcon_core.shell:Skip shell extension 'dsv' for command environment
[0.494s] DEBUG:colcon.colcon_core.event_handler.log_command:Invoked command in '/home/remii/Projects/so-arm/build/feetech_ros2_driver' returned '0': CMAKE_PREFIX_PATH=${CMAKE_PREFIX_PATH}:/opt/ros/jazzy DEBUGINFOD_URLS=https://debuginfod.ubuntu.com /usr/bin/cmake --build /home/remii/Projects/so-arm/build/feetech_ros2_driver -- -j8 -l8
[0.502s] DEBUG:colcon.colcon_core.event_handler.log_command:Invoking command in '/home/remii/Projects/so-arm/build/feetech_ros2_driver': CMAKE_PREFIX_PATH=${CMAKE_PREFIX_PATH}:/opt/ros/jazzy DEBUGINFOD_URLS=https://debuginfod.ubuntu.com /usr/bin/cmake --install /home/remii/Projects/so-arm/build/feetech_ros2_driver
[0.528s] Level 1:colcon.colcon_core.environment:create_environment_scripts_only(feetech_ros2_driver)
[0.528s] DEBUG:colcon.colcon_core.event_handler.log_command:Invoked command in '/home/remii/Projects/so-arm/build/feetech_ros2_driver' returned '0': CMAKE_PREFIX_PATH=${CMAKE_PREFIX_PATH}:/opt/ros/jazzy DEBUGINFOD_URLS=https://debuginfod.ubuntu.com /usr/bin/cmake --install /home/remii/Projects/so-arm/build/feetech_ros2_driver
[0.531s] Level 1:colcon.colcon_core.environment:checking '/home/remii/Projects/so-arm/install/feetech_ros2_driver' for CMake module files
[0.531s] Level 1:colcon.colcon_core.environment:checking '/home/remii/Projects/so-arm/install/feetech_ros2_driver' for CMake config files
[0.532s] Level 1:colcon.colcon_core.shell:create_environment_hook('feetech_ros2_driver', 'cmake_prefix_path')
[0.532s] INFO:colcon.colcon_core.shell:Creating environment hook '/home/remii/Projects/so-arm/install/feetech_ros2_driver/share/feetech_ros2_driver/hook/cmake_prefix_path.ps1'
[0.532s] INFO:colcon.colcon_core.shell:Creating environment descriptor '/home/remii/Projects/so-arm/install/feetech_ros2_driver/share/feetech_ros2_driver/hook/cmake_prefix_path.dsv'
[0.532s] INFO:colcon.colcon_core.shell:Creating environment hook '/home/remii/Projects/so-arm/install/feetech_ros2_driver/share/feetech_ros2_driver/hook/cmake_prefix_path.sh'
[0.533s] Level 1:colcon.colcon_core.environment:checking '/home/remii/Projects/so-arm/install/feetech_ros2_driver/lib'
[0.533s] Level 1:colcon.colcon_core.shell:create_environment_hook('feetech_ros2_driver', 'ld_library_path_lib')
[0.533s] INFO:colcon.colcon_core.shell:Creating environment hook '/home/remii/Projects/so-arm/install/feetech_ros2_driver/share/feetech_ros2_driver/hook/ld_library_path_lib.ps1'
[0.533s] INFO:colcon.colcon_core.shell:Creating environment descriptor '/home/remii/Projects/so-arm/install/feetech_ros2_driver/share/feetech_ros2_driver/hook/ld_library_path_lib.dsv'
[0.534s] INFO:colcon.colcon_core.shell:Creating environment hook '/home/remii/Projects/so-arm/install/feetech_ros2_driver/share/feetech_ros2_driver/hook/ld_library_path_lib.sh'
[0.534s] Level 1:colcon.colcon_core.environment:checking '/home/remii/Projects/so-arm/install/feetech_ros2_driver/bin'
[0.534s] Level 1:colcon.colcon_core.shell:create_environment_hook('feetech_ros2_driver', 'path')
[0.534s] INFO:colcon.colcon_core.shell:Creating environment hook '/home/remii/Projects/so-arm/install/feetech_ros2_driver/share/feetech_ros2_driver/hook/path.ps1'
[0.534s] INFO:colcon.colcon_core.shell:Creating environment descriptor '/home/remii/Projects/so-arm/install/feetech_ros2_driver/share/feetech_ros2_driver/hook/path.dsv'
[0.535s] INFO:colcon.colcon_core.shell:Creating environment hook '/home/remii/Projects/so-arm/install/feetech_ros2_driver/share/feetech_ros2_driver/hook/path.sh'
[0.535s] Level 1:colcon.colcon_core.environment:checking '/home/remii/Projects/so-arm/install/feetech_ros2_driver/lib/pkgconfig/feetech_ros2_driver.pc'
[0.535s] Level 1:colcon.colcon_core.environment:checking '/home/remii/Projects/so-arm/install/feetech_ros2_driver/lib/python3.12/site-packages'
[0.535s] Level 1:colcon.colcon_core.environment:checking '/home/remii/Projects/so-arm/install/feetech_ros2_driver/bin'
[0.536s] Level 1:colcon.colcon_core.shell:create_environment_hook('feetech_ros2_driver', 'pythonscriptspath')
[0.536s] INFO:colcon.colcon_core.shell:Creating environment hook '/home/remii/Projects/so-arm/install/feetech_ros2_driver/share/feetech_ros2_driver/hook/pythonscriptspath.ps1'
[0.536s] INFO:colcon.colcon_core.shell:Creating environment descriptor '/home/remii/Projects/so-arm/install/feetech_ros2_driver/share/feetech_ros2_driver/hook/pythonscriptspath.dsv'
[0.536s] INFO:colcon.colcon_core.shell:Creating environment hook '/home/remii/Projects/so-arm/install/feetech_ros2_driver/share/feetech_ros2_driver/hook/pythonscriptspath.sh'
[0.537s] INFO:colcon.colcon_core.shell:Creating package script '/home/remii/Projects/so-arm/install/feetech_ros2_driver/share/feetech_ros2_driver/package.ps1'
[0.538s] INFO:colcon.colcon_core.shell:Creating package descriptor '/home/remii/Projects/so-arm/install/feetech_ros2_driver/share/feetech_ros2_driver/package.dsv'
[0.538s] INFO:colcon.colcon_core.shell:Creating package script '/home/remii/Projects/so-arm/install/feetech_ros2_driver/share/feetech_ros2_driver/package.sh'
[0.539s] INFO:colcon.colcon_core.shell:Creating package script '/home/remii/Projects/so-arm/install/feetech_ros2_driver/share/feetech_ros2_driver/package.bash'
[0.540s] INFO:colcon.colcon_core.shell:Creating package script '/home/remii/Projects/so-arm/install/feetech_ros2_driver/share/feetech_ros2_driver/package.zsh'
[0.540s] Level 1:colcon.colcon_core.environment:create_file_with_runtime_dependencies(/home/remii/Projects/so-arm/install/feetech_ros2_driver/share/colcon-core/packages/feetech_ros2_driver)
[0.541s] Level 1:colcon.colcon_core.environment:create_environment_scripts_only(feetech_ros2_driver)
[0.541s] Level 1:colcon.colcon_core.environment:checking '/home/remii/Projects/so-arm/install/feetech_ros2_driver' for CMake module files
[0.541s] Level 1:colcon.colcon_core.environment:checking '/home/remii/Projects/so-arm/install/feetech_ros2_driver' for CMake config files
[0.541s] Level 1:colcon.colcon_core.shell:create_environment_hook('feetech_ros2_driver', 'cmake_prefix_path')
[0.541s] INFO:colcon.colcon_core.shell:Creating environment hook '/home/remii/Projects/so-arm/install/feetech_ros2_driver/share/feetech_ros2_driver/hook/cmake_prefix_path.ps1'
[0.542s] INFO:colcon.colcon_core.shell:Creating environment descriptor '/home/remii/Projects/so-arm/install/feetech_ros2_driver/share/feetech_ros2_driver/hook/cmake_prefix_path.dsv'
[0.542s] INFO:colcon.colcon_core.shell:Creating environment hook '/home/remii/Projects/so-arm/install/feetech_ros2_driver/share/feetech_ros2_driver/hook/cmake_prefix_path.sh'
[0.543s] Level 1:colcon.colcon_core.environment:checking '/home/remii/Projects/so-arm/install/feetech_ros2_driver/lib'
[0.543s] Level 1:colcon.colcon_core.shell:create_environment_hook('feetech_ros2_driver', 'ld_library_path_lib')
[0.543s] INFO:colcon.colcon_core.shell:Creating environment hook '/home/remii/Projects/so-arm/install/feetech_ros2_driver/share/feetech_ros2_driver/hook/ld_library_path_lib.ps1'
[0.543s] INFO:colcon.colcon_core.shell:Creating environment descriptor '/home/remii/Projects/so-arm/install/feetech_ros2_driver/share/feetech_ros2_driver/hook/ld_library_path_lib.dsv'
[0.543s] INFO:colcon.colcon_core.shell:Creating environment hook '/home/remii/Projects/so-arm/install/feetech_ros2_driver/share/feetech_ros2_driver/hook/ld_library_path_lib.sh'
[0.544s] Level 1:colcon.colcon_core.environment:checking '/home/remii/Projects/so-arm/install/feetech_ros2_driver/bin'
[0.544s] Level 1:colcon.colcon_core.shell:create_environment_hook('feetech_ros2_driver', 'path')
[0.544s] INFO:colcon.colcon_core.shell:Creating environment hook '/home/remii/Projects/so-arm/install/feetech_ros2_driver/share/feetech_ros2_driver/hook/path.ps1'
[0.544s] INFO:colcon.colcon_core.shell:Creating environment descriptor '/home/remii/Projects/so-arm/install/feetech_ros2_driver/share/feetech_ros2_driver/hook/path.dsv'
[0.544s] INFO:colcon.colcon_core.shell:Creating environment hook '/home/remii/Projects/so-arm/install/feetech_ros2_driver/share/feetech_ros2_driver/hook/path.sh'
[0.545s] Level 1:colcon.colcon_core.environment:checking '/home/remii/Projects/so-arm/install/feetech_ros2_driver/lib/pkgconfig/feetech_ros2_driver.pc'
[0.545s] Level 1:colcon.colcon_core.environment:checking '/home/remii/Projects/so-arm/install/feetech_ros2_driver/lib/python3.12/site-packages'
[0.545s] Level 1:colcon.colcon_core.environment:checking '/home/remii/Projects/so-arm/install/feetech_ros2_driver/bin'
[0.545s] Level 1:colcon.colcon_core.shell:create_environment_hook('feetech_ros2_driver', 'pythonscriptspath')
[0.545s] INFO:colcon.colcon_core.shell:Creating environment hook '/home/remii/Projects/so-arm/install/feetech_ros2_driver/share/feetech_ros2_driver/hook/pythonscriptspath.ps1'
[0.546s] INFO:colcon.colcon_core.shell:Creating environment descriptor '/home/remii/Projects/so-arm/install/feetech_ros2_driver/share/feetech_ros2_driver/hook/pythonscriptspath.dsv'
[0.546s] INFO:colcon.colcon_core.shell:Creating environment hook '/home/remii/Projects/so-arm/install/feetech_ros2_driver/share/feetech_ros2_driver/hook/pythonscriptspath.sh'
[0.546s] INFO:colcon.colcon_core.shell:Creating package script '/home/remii/Projects/so-arm/install/feetech_ros2_driver/share/feetech_ros2_driver/package.ps1'
[0.547s] INFO:colcon.colcon_core.shell:Creating package descriptor '/home/remii/Projects/so-arm/install/feetech_ros2_driver/share/feetech_ros2_driver/package.dsv'
[0.548s] INFO:colcon.colcon_core.shell:Creating package script '/home/remii/Projects/so-arm/install/feetech_ros2_driver/share/feetech_ros2_driver/package.sh'
[0.548s] INFO:colcon.colcon_core.shell:Creating package script '/home/remii/Projects/so-arm/install/feetech_ros2_driver/share/feetech_ros2_driver/package.bash'
[0.548s] INFO:colcon.colcon_core.shell:Creating package script '/home/remii/Projects/so-arm/install/feetech_ros2_driver/share/feetech_ros2_driver/package.zsh'
[0.549s] Level 1:colcon.colcon_core.environment:create_file_with_runtime_dependencies(/home/remii/Projects/so-arm/install/feetech_ros2_driver/share/colcon-core/packages/feetech_ros2_driver)
[0.912s] DEBUG:colcon.colcon_core.event_handler.log_command:Invoked command in '/home/remii/Projects/so-arm/build/so_arm_utils' returned '0': CMAKE_PREFIX_PATH=${CMAKE_PREFIX_PATH}:/opt/ros/jazzy DEBUGINFOD_URLS=https://debuginfod.ubuntu.com /usr/bin/cmake --build /home/remii/Projects/so-arm/build/so_arm_utils -- -j8 -l8
[0.913s] DEBUG:colcon.colcon_core.event_handler.log_command:Invoking command in '/home/remii/Projects/so-arm/build/so_arm_utils': CMAKE_PREFIX_PATH=${CMAKE_PREFIX_PATH}:/opt/ros/jazzy DEBUGINFOD_URLS=https://debuginfod.ubuntu.com /usr/bin/cmake --install /home/remii/Projects/so-arm/build/so_arm_utils
[0.969s] Level 1:colcon.colcon_core.environment:create_environment_scripts_only(so_arm_utils)
[0.969s] Level 1:colcon.colcon_core.environment:checking '/home/remii/Projects/so-arm/install/so_arm_utils' for CMake module files
[0.970s] DEBUG:colcon.colcon_core.event_handler.log_command:Invoked command in '/home/remii/Projects/so-arm/build/so_arm_utils' returned '0': CMAKE_PREFIX_PATH=${CMAKE_PREFIX_PATH}:/opt/ros/jazzy DEBUGINFOD_URLS=https://debuginfod.ubuntu.com /usr/bin/cmake --install /home/remii/Projects/so-arm/build/so_arm_utils
[0.970s] Level 1:colcon.colcon_core.environment:checking '/home/remii/Projects/so-arm/install/so_arm_utils' for CMake config files
[0.970s] Level 1:colcon.colcon_core.shell:create_environment_hook('so_arm_utils', 'cmake_prefix_path')
[0.971s] INFO:colcon.colcon_core.shell:Creating environment hook '/home/remii/Projects/so-arm/install/so_arm_utils/share/so_arm_utils/hook/cmake_prefix_path.ps1'
[0.971s] INFO:colcon.colcon_core.shell:Creating environment descriptor '/home/remii/Projects/so-arm/install/so_arm_utils/share/so_arm_utils/hook/cmake_prefix_path.dsv'
[0.971s] INFO:colcon.colcon_core.shell:Creating environment hook '/home/remii/Projects/so-arm/install/so_arm_utils/share/so_arm_utils/hook/cmake_prefix_path.sh'
[0.972s] Level 1:colcon.colcon_core.environment:checking '/home/remii/Projects/so-arm/install/so_arm_utils/lib'
[0.972s] Level 1:colcon.colcon_core.environment:checking '/home/remii/Projects/so-arm/install/so_arm_utils/bin'
[0.972s] Level 1:colcon.colcon_core.environment:checking '/home/remii/Projects/so-arm/install/so_arm_utils/lib/pkgconfig/so_arm_utils.pc'
[0.972s] Level 1:colcon.colcon_core.environment:checking '/home/remii/Projects/so-arm/install/so_arm_utils/lib/python3.12/site-packages'
[0.972s] Level 1:colcon.colcon_core.shell:create_environment_hook('so_arm_utils', 'pythonpath')
[0.972s] INFO:colcon.colcon_core.shell:Creating environment hook '/home/remii/Projects/so-arm/install/so_arm_utils/share/so_arm_utils/hook/pythonpath.ps1'
[0.973s] INFO:colcon.colcon_core.shell:Creating environment descriptor '/home/remii/Projects/so-arm/install/so_arm_utils/share/so_arm_utils/hook/pythonpath.dsv'
[0.973s] INFO:colcon.colcon_core.shell:Creating environment hook '/home/remii/Projects/so-arm/install/so_arm_utils/share/so_arm_utils/hook/pythonpath.sh'
[0.974s] Level 1:colcon.colcon_core.environment:checking '/home/remii/Projects/so-arm/install/so_arm_utils/bin'
[0.974s] INFO:colcon.colcon_core.shell:Creating package script '/home/remii/Projects/so-arm/install/so_arm_utils/share/so_arm_utils/package.ps1'
[0.974s] INFO:colcon.colcon_core.shell:Creating package descriptor '/home/remii/Projects/so-arm/install/so_arm_utils/share/so_arm_utils/package.dsv'
[0.975s] INFO:colcon.colcon_core.shell:Creating package script '/home/remii/Projects/so-arm/install/so_arm_utils/share/so_arm_utils/package.sh'
[0.975s] INFO:colcon.colcon_core.shell:Creating package script '/home/remii/Projects/so-arm/install/so_arm_utils/share/so_arm_utils/package.bash'
[0.975s] INFO:colcon.colcon_core.shell:Creating package script '/home/remii/Projects/so-arm/install/so_arm_utils/share/so_arm_utils/package.zsh'
[0.976s] Level 1:colcon.colcon_core.environment:create_file_with_runtime_dependencies(/home/remii/Projects/so-arm/install/so_arm_utils/share/colcon-core/packages/so_arm_utils)
[0.976s] Level 1:colcon.colcon_core.environment:create_environment_scripts_only(so_arm_utils)
[0.976s] Level 1:colcon.colcon_core.environment:checking '/home/remii/Projects/so-arm/install/so_arm_utils' for CMake module files
[0.977s] Level 1:colcon.colcon_core.environment:checking '/home/remii/Projects/so-arm/install/so_arm_utils' for CMake config files
[0.977s] Level 1:colcon.colcon_core.shell:create_environment_hook('so_arm_utils', 'cmake_prefix_path')
[0.977s] INFO:colcon.colcon_core.shell:Creating environment hook '/home/remii/Projects/so-arm/install/so_arm_utils/share/so_arm_utils/hook/cmake_prefix_path.ps1'
[0.977s] INFO:colcon.colcon_core.shell:Creating environment descriptor '/home/remii/Projects/so-arm/install/so_arm_utils/share/so_arm_utils/hook/cmake_prefix_path.dsv'
[0.978s] INFO:colcon.colcon_core.shell:Creating environment hook '/home/remii/Projects/so-arm/install/so_arm_utils/share/so_arm_utils/hook/cmake_prefix_path.sh'
[0.978s] Level 1:colcon.colcon_core.environment:checking '/home/remii/Projects/so-arm/install/so_arm_utils/lib'
[0.978s] Level 1:colcon.colcon_core.environment:checking '/home/remii/Projects/so-arm/install/so_arm_utils/bin'
[0.978s] Level 1:colcon.colcon_core.environment:checking '/home/remii/Projects/so-arm/install/so_arm_utils/lib/pkgconfig/so_arm_utils.pc'
[0.979s] Level 1:colcon.colcon_core.environment:checking '/home/remii/Projects/so-arm/install/so_arm_utils/lib/python3.12/site-packages'
[0.979s] Level 1:colcon.colcon_core.shell:create_environment_hook('so_arm_utils', 'pythonpath')
[0.979s] INFO:colcon.colcon_core.shell:Creating environment hook '/home/remii/Projects/so-arm/install/so_arm_utils/share/so_arm_utils/hook/pythonpath.ps1'
[0.979s] INFO:colcon.colcon_core.shell:Creating environment descriptor '/home/remii/Projects/so-arm/install/so_arm_utils/share/so_arm_utils/hook/pythonpath.dsv'
[0.979s] INFO:colcon.colcon_core.shell:Creating environment hook '/home/remii/Projects/so-arm/install/so_arm_utils/share/so_arm_utils/hook/pythonpath.sh'
[0.980s] Level 1:colcon.colcon_core.environment:checking '/home/remii/Projects/so-arm/install/so_arm_utils/bin'
[0.980s] INFO:colcon.colcon_core.shell:Creating package script '/home/remii/Projects/so-arm/install/so_arm_utils/share/so_arm_utils/package.ps1'
[0.981s] INFO:colcon.colcon_core.shell:Creating package descriptor '/home/remii/Projects/so-arm/install/so_arm_utils/share/so_arm_utils/package.dsv'
[0.981s] INFO:colcon.colcon_core.shell:Creating package script '/home/remii/Projects/so-arm/install/so_arm_utils/share/so_arm_utils/package.sh'
[0.982s] INFO:colcon.colcon_core.shell:Creating package script '/home/remii/Projects/so-arm/install/so_arm_utils/share/so_arm_utils/package.bash'
[0.982s] INFO:colcon.colcon_core.shell:Creating package script '/home/remii/Projects/so-arm/install/so_arm_utils/share/so_arm_utils/package.zsh'
[0.982s] Level 1:colcon.colcon_core.environment:create_file_with_runtime_dependencies(/home/remii/Projects/so-arm/install/so_arm_utils/share/colcon-core/packages/so_arm_utils)
[0.983s] INFO:colcon.colcon_ros.task.ament_cmake.build:Building ROS package in '/home/remii/Projects/so-arm/src/ros2_so_arm100/so_arm100_description' with build type 'ament_cmake'
[0.983s] INFO:colcon.colcon_cmake.task.cmake.build:Building CMake package in '/home/remii/Projects/so-arm/src/ros2_so_arm100/so_arm100_description'
[0.983s] INFO:colcon.colcon_core.shell:Skip shell extension 'powershell' for command environment: Not usable outside of PowerShell
[0.983s] DEBUG:colcon.colcon_core.shell:Skip shell extension 'dsv' for command environment
[0.986s] INFO:colcon.colcon_ros.task.ament_cmake.build:Building ROS package in '/home/remii/Projects/so-arm/src/ros2_so_arm100/so_arm101_description' with build type 'ament_cmake'
[0.986s] INFO:colcon.colcon_cmake.task.cmake.build:Building CMake package in '/home/remii/Projects/so-arm/src/ros2_so_arm100/so_arm101_description'
[0.987s] INFO:colcon.colcon_core.shell:Skip shell extension 'powershell' for command environment: Not usable outside of PowerShell
[0.987s] DEBUG:colcon.colcon_core.shell:Skip shell extension 'dsv' for command environment
[0.993s] DEBUG:colcon.colcon_core.event_handler.log_command:Invoking command in '/home/remii/Projects/so-arm/build/so_arm100_description': CMAKE_PREFIX_PATH=/home/remii/Projects/so-arm/install/so_arm_utils:/home/remii/Projects/so-arm/install/feetech_ros2_driver:/home/remii/Projects/so-arm/install/so_arm_gz:/home/remii/Projects/so-arm/install/so_arm101_moveit_config:/home/remii/Projects/so-arm/install/so_arm101_description:/home/remii/Projects/so-arm/install/so_arm100_moveit_config:/home/remii/Projects/so-arm/install/so_arm100_description:/opt/ros/jazzy/opt/gz_sim_vendor:/opt/ros/jazzy/opt/gz_sensors_vendor:/opt/ros/jazzy/opt/gz_physics_vendor:/opt/ros/jazzy/opt/sdformat_vendor:/opt/ros/jazzy/opt/gz_gui_vendor:/opt/ros/jazzy/opt/gz_transport_vendor:/opt/ros/jazzy/opt/gz_rendering_vendor:/opt/ros/jazzy/opt/gz_plugin_vendor:/opt/ros/jazzy/opt/gz_fuel_tools_vendor:/opt/ros/jazzy/opt/gz_msgs_vendor:/opt/ros/jazzy/opt/gz_common_vendor:/opt/ros/jazzy/opt/gz_math_vendor:/opt/ros/jazzy/opt/gz_utils_vendor:/opt/ros/jazzy/opt/gz_tools_vendor:/opt/ros/jazzy/opt/gz_ogre_next_vendor:/opt/ros/jazzy/opt/gz_dartsim_vendor:/opt/ros/jazzy/opt/gz_cmake_vendor:/opt/ros/jazzy DEBUGINFOD_URLS=https://debuginfod.ubuntu.com /usr/bin/cmake --build /home/remii/Projects/so-arm/build/so_arm100_description -- -j8 -l8
[0.995s] DEBUG:colcon.colcon_core.event_handler.log_command:Invoking command in '/home/remii/Projects/so-arm/build/so_arm101_description': CMAKE_PREFIX_PATH=/home/remii/Projects/so-arm/install/so_arm_utils:/home/remii/Projects/so-arm/install/feetech_ros2_driver:/home/remii/Projects/so-arm/install/so_arm_gz:/home/remii/Projects/so-arm/install/so_arm101_moveit_config:/home/remii/Projects/so-arm/install/so_arm101_description:/home/remii/Projects/so-arm/install/so_arm100_moveit_config:/home/remii/Projects/so-arm/install/so_arm100_description:/opt/ros/jazzy/opt/gz_sim_vendor:/opt/ros/jazzy/opt/gz_sensors_vendor:/opt/ros/jazzy/opt/gz_physics_vendor:/opt/ros/jazzy/opt/sdformat_vendor:/opt/ros/jazzy/opt/gz_gui_vendor:/opt/ros/jazzy/opt/gz_transport_vendor:/opt/ros/jazzy/opt/gz_rendering_vendor:/opt/ros/jazzy/opt/gz_plugin_vendor:/opt/ros/jazzy/opt/gz_fuel_tools_vendor:/opt/ros/jazzy/opt/gz_msgs_vendor:/opt/ros/jazzy/opt/gz_common_vendor:/opt/ros/jazzy/opt/gz_math_vendor:/opt/ros/jazzy/opt/gz_utils_vendor:/opt/ros/jazzy/opt/gz_tools_vendor:/opt/ros/jazzy/opt/gz_ogre_next_vendor:/opt/ros/jazzy/opt/gz_dartsim_vendor:/opt/ros/jazzy/opt/gz_cmake_vendor:/opt/ros/jazzy DEBUGINFOD_URLS=https://debuginfod.ubuntu.com /usr/bin/cmake --build /home/remii/Projects/so-arm/build/so_arm101_description -- -j8 -l8
[1.022s] DEBUG:colcon.colcon_core.event_handler.log_command:Invoked command in '/home/remii/Projects/so-arm/build/so_arm100_description' returned '0': CMAKE_PREFIX_PATH=/home/remii/Projects/so-arm/install/so_arm_utils:/home/remii/Projects/so-arm/install/feetech_ros2_driver:/home/remii/Projects/so-arm/install/so_arm_gz:/home/remii/Projects/so-arm/install/so_arm101_moveit_config:/home/remii/Projects/so-arm/install/so_arm101_description:/home/remii/Projects/so-arm/install/so_arm100_moveit_config:/home/remii/Projects/so-arm/install/so_arm100_description:/opt/ros/jazzy/opt/gz_sim_vendor:/opt/ros/jazzy/opt/gz_sensors_vendor:/opt/ros/jazzy/opt/gz_physics_vendor:/opt/ros/jazzy/opt/sdformat_vendor:/opt/ros/jazzy/opt/gz_gui_vendor:/opt/ros/jazzy/opt/gz_transport_vendor:/opt/ros/jazzy/opt/gz_rendering_vendor:/opt/ros/jazzy/opt/gz_plugin_vendor:/opt/ros/jazzy/opt/gz_fuel_tools_vendor:/opt/ros/jazzy/opt/gz_msgs_vendor:/opt/ros/jazzy/opt/gz_common_vendor:/opt/ros/jazzy/opt/gz_math_vendor:/opt/ros/jazzy/opt/gz_utils_vendor:/opt/ros/jazzy/opt/gz_tools_vendor:/opt/ros/jazzy/opt/gz_ogre_next_vendor:/opt/ros/jazzy/opt/gz_dartsim_vendor:/opt/ros/jazzy/opt/gz_cmake_vendor:/opt/ros/jazzy DEBUGINFOD_URLS=https://debuginfod.ubuntu.com /usr/bin/cmake --build /home/remii/Projects/so-arm/build/so_arm100_description -- -j8 -l8
[1.022s] DEBUG:colcon.colcon_core.event_handler.log_command:Invoking command in '/home/remii/Projects/so-arm/build/so_arm100_description': CMAKE_PREFIX_PATH=/home/remii/Projects/so-arm/install/so_arm_utils:/home/remii/Projects/so-arm/install/feetech_ros2_driver:/home/remii/Projects/so-arm/install/so_arm_gz:/home/remii/Projects/so-arm/install/so_arm101_moveit_config:/home/remii/Projects/so-arm/install/so_arm101_description:/home/remii/Projects/so-arm/install/so_arm100_moveit_config:/home/remii/Projects/so-arm/install/so_arm100_description:/opt/ros/jazzy/opt/gz_sim_vendor:/opt/ros/jazzy/opt/gz_sensors_vendor:/opt/ros/jazzy/opt/gz_physics_vendor:/opt/ros/jazzy/opt/sdformat_vendor:/opt/ros/jazzy/opt/gz_gui_vendor:/opt/ros/jazzy/opt/gz_transport_vendor:/opt/ros/jazzy/opt/gz_rendering_vendor:/opt/ros/jazzy/opt/gz_plugin_vendor:/opt/ros/jazzy/opt/gz_fuel_tools_vendor:/opt/ros/jazzy/opt/gz_msgs_vendor:/opt/ros/jazzy/opt/gz_common_vendor:/opt/ros/jazzy/opt/gz_math_vendor:/opt/ros/jazzy/opt/gz_utils_vendor:/opt/ros/jazzy/opt/gz_tools_vendor:/opt/ros/jazzy/opt/gz_ogre_next_vendor:/opt/ros/jazzy/opt/gz_dartsim_vendor:/opt/ros/jazzy/opt/gz_cmake_vendor:/opt/ros/jazzy DEBUGINFOD_URLS=https://debuginfod.ubuntu.com /usr/bin/cmake --install /home/remii/Projects/so-arm/build/so_arm100_description
[1.023s] DEBUG:colcon.colcon_core.event_handler.log_command:Invoked command in '/home/remii/Projects/so-arm/build/so_arm101_description' returned '0': CMAKE_PREFIX_PATH=/home/remii/Projects/so-arm/install/so_arm_utils:/home/remii/Projects/so-arm/install/feetech_ros2_driver:/home/remii/Projects/so-arm/install/so_arm_gz:/home/remii/Projects/so-arm/install/so_arm101_moveit_config:/home/remii/Projects/so-arm/install/so_arm101_description:/home/remii/Projects/so-arm/install/so_arm100_moveit_config:/home/remii/Projects/so-arm/install/so_arm100_description:/opt/ros/jazzy/opt/gz_sim_vendor:/opt/ros/jazzy/opt/gz_sensors_vendor:/opt/ros/jazzy/opt/gz_physics_vendor:/opt/ros/jazzy/opt/sdformat_vendor:/opt/ros/jazzy/opt/gz_gui_vendor:/opt/ros/jazzy/opt/gz_transport_vendor:/opt/ros/jazzy/opt/gz_rendering_vendor:/opt/ros/jazzy/opt/gz_plugin_vendor:/opt/ros/jazzy/opt/gz_fuel_tools_vendor:/opt/ros/jazzy/opt/gz_msgs_vendor:/opt/ros/jazzy/opt/gz_common_vendor:/opt/ros/jazzy/opt/gz_math_vendor:/opt/ros/jazzy/opt/gz_utils_vendor:/opt/ros/jazzy/opt/gz_tools_vendor:/opt/ros/jazzy/opt/gz_ogre_next_vendor:/opt/ros/jazzy/opt/gz_dartsim_vendor:/opt/ros/jazzy/opt/gz_cmake_vendor:/opt/ros/jazzy DEBUGINFOD_URLS=https://debuginfod.ubuntu.com /usr/bin/cmake --build /home/remii/Projects/so-arm/build/so_arm101_description -- -j8 -l8
[1.024s] DEBUG:colcon.colcon_core.event_handler.log_command:Invoking command in '/home/remii/Projects/so-arm/build/so_arm101_description': CMAKE_PREFIX_PATH=/home/remii/Projects/so-arm/install/so_arm_utils:/home/remii/Projects/so-arm/install/feetech_ros2_driver:/home/remii/Projects/so-arm/install/so_arm_gz:/home/remii/Projects/so-arm/install/so_arm101_moveit_config:/home/remii/Projects/so-arm/install/so_arm101_description:/home/remii/Projects/so-arm/install/so_arm100_moveit_config:/home/remii/Projects/so-arm/install/so_arm100_description:/opt/ros/jazzy/opt/gz_sim_vendor:/opt/ros/jazzy/opt/gz_sensors_vendor:/opt/ros/jazzy/opt/gz_physics_vendor:/opt/ros/jazzy/opt/sdformat_vendor:/opt/ros/jazzy/opt/gz_gui_vendor:/opt/ros/jazzy/opt/gz_transport_vendor:/opt/ros/jazzy/opt/gz_rendering_vendor:/opt/ros/jazzy/opt/gz_plugin_vendor:/opt/ros/jazzy/opt/gz_fuel_tools_vendor:/opt/ros/jazzy/opt/gz_msgs_vendor:/opt/ros/jazzy/opt/gz_common_vendor:/opt/ros/jazzy/opt/gz_math_vendor:/opt/ros/jazzy/opt/gz_utils_vendor:/opt/ros/jazzy/opt/gz_tools_vendor:/opt/ros/jazzy/opt/gz_ogre_next_vendor:/opt/ros/jazzy/opt/gz_dartsim_vendor:/opt/ros/jazzy/opt/gz_cmake_vendor:/opt/ros/jazzy DEBUGINFOD_URLS=https://debuginfod.ubuntu.com /usr/bin/cmake --install /home/remii/Projects/so-arm/build/so_arm101_description
[1.046s] Level 1:colcon.colcon_core.environment:create_environment_scripts_only(so_arm100_description)
[1.046s] Level 1:colcon.colcon_core.environment:checking '/home/remii/Projects/so-arm/install/so_arm100_description' for CMake module files
[1.047s] DEBUG:colcon.colcon_core.event_handler.log_command:Invoked command in '/home/remii/Projects/so-arm/build/so_arm100_description' returned '0': CMAKE_PREFIX_PATH=/home/remii/Projects/so-arm/install/so_arm_utils:/home/remii/Projects/so-arm/install/feetech_ros2_driver:/home/remii/Projects/so-arm/install/so_arm_gz:/home/remii/Projects/so-arm/install/so_arm101_moveit_config:/home/remii/Projects/so-arm/install/so_arm101_description:/home/remii/Projects/so-arm/install/so_arm100_moveit_config:/home/remii/Projects/so-arm/install/so_arm100_description:/opt/ros/jazzy/opt/gz_sim_vendor:/opt/ros/jazzy/opt/gz_sensors_vendor:/opt/ros/jazzy/opt/gz_physics_vendor:/opt/ros/jazzy/opt/sdformat_vendor:/opt/ros/jazzy/opt/gz_gui_vendor:/opt/ros/jazzy/opt/gz_transport_vendor:/opt/ros/jazzy/opt/gz_rendering_vendor:/opt/ros/jazzy/opt/gz_plugin_vendor:/opt/ros/jazzy/opt/gz_fuel_tools_vendor:/opt/ros/jazzy/opt/gz_msgs_vendor:/opt/ros/jazzy/opt/gz_common_vendor:/opt/ros/jazzy/opt/gz_math_vendor:/opt/ros/jazzy/opt/gz_utils_vendor:/opt/ros/jazzy/opt/gz_tools_vendor:/opt/ros/jazzy/opt/gz_ogre_next_vendor:/opt/ros/jazzy/opt/gz_dartsim_vendor:/opt/ros/jazzy/opt/gz_cmake_vendor:/opt/ros/jazzy DEBUGINFOD_URLS=https://debuginfod.ubuntu.com /usr/bin/cmake --install /home/remii/Projects/so-arm/build/so_arm100_description
[1.047s] Level 1:colcon.colcon_core.environment:checking '/home/remii/Projects/so-arm/install/so_arm100_description' for CMake config files
[1.047s] Level 1:colcon.colcon_core.shell:create_environment_hook('so_arm100_description', 'cmake_prefix_path')
[1.048s] INFO:colcon.colcon_core.shell:Creating environment hook '/home/remii/Projects/so-arm/install/so_arm100_description/share/so_arm100_description/hook/cmake_prefix_path.ps1'
[1.048s] INFO:colcon.colcon_core.shell:Creating environment descriptor '/home/remii/Projects/so-arm/install/so_arm100_description/share/so_arm100_description/hook/cmake_prefix_path.dsv'
[1.048s] INFO:colcon.colcon_core.shell:Creating environment hook '/home/remii/Projects/so-arm/install/so_arm100_description/share/so_arm100_description/hook/cmake_prefix_path.sh'
[1.049s] Level 1:colcon.colcon_core.environment:checking '/home/remii/Projects/so-arm/install/so_arm100_description/bin'
[1.049s] Level 1:colcon.colcon_core.environment:checking '/home/remii/Projects/so-arm/install/so_arm100_description/lib/pkgconfig/so_arm100_description.pc'
[1.049s] Level 1:colcon.colcon_core.environment:checking '/home/remii/Projects/so-arm/install/so_arm100_description/lib/python3.12/site-packages'
[1.049s] Level 1:colcon.colcon_core.environment:checking '/home/remii/Projects/so-arm/install/so_arm100_description/bin'
[1.049s] INFO:colcon.colcon_core.shell:Creating package script '/home/remii/Projects/so-arm/install/so_arm100_description/share/so_arm100_description/package.ps1'
[1.050s] INFO:colcon.colcon_core.shell:Creating package descriptor '/home/remii/Projects/so-arm/install/so_arm100_description/share/so_arm100_description/package.dsv'
[1.050s] INFO:colcon.colcon_core.shell:Creating package script '/home/remii/Projects/so-arm/install/so_arm100_description/share/so_arm100_description/package.sh'
[1.050s] INFO:colcon.colcon_core.shell:Creating package script '/home/remii/Projects/so-arm/install/so_arm100_description/share/so_arm100_description/package.bash'
[1.051s] INFO:colcon.colcon_core.shell:Creating package script '/home/remii/Projects/so-arm/install/so_arm100_description/share/so_arm100_description/package.zsh'
[1.051s] Level 1:colcon.colcon_core.environment:create_file_with_runtime_dependencies(/home/remii/Projects/so-arm/install/so_arm100_description/share/colcon-core/packages/so_arm100_description)
[1.052s] Level 1:colcon.colcon_core.environment:create_environment_scripts_only(so_arm100_description)
[1.052s] Level 1:colcon.colcon_core.environment:checking '/home/remii/Projects/so-arm/install/so_arm100_description' for CMake module files
[1.052s] Level 1:colcon.colcon_core.environment:checking '/home/remii/Projects/so-arm/install/so_arm100_description' for CMake config files
[1.053s] Level 1:colcon.colcon_core.shell:create_environment_hook('so_arm100_description', 'cmake_prefix_path')
[1.053s] INFO:colcon.colcon_core.shell:Creating environment hook '/home/remii/Projects/so-arm/install/so_arm100_description/share/so_arm100_description/hook/cmake_prefix_path.ps1'
[1.053s] INFO:colcon.colcon_core.shell:Creating environment descriptor '/home/remii/Projects/so-arm/install/so_arm100_description/share/so_arm100_description/hook/cmake_prefix_path.dsv'
[1.053s] INFO:colcon.colcon_core.shell:Creating environment hook '/home/remii/Projects/so-arm/install/so_arm100_description/share/so_arm100_description/hook/cmake_prefix_path.sh'
[1.054s] Level 1:colcon.colcon_core.environment:checking '/home/remii/Projects/so-arm/install/so_arm100_description/bin'
[1.054s] Level 1:colcon.colcon_core.environment:checking '/home/remii/Projects/so-arm/install/so_arm100_description/lib/pkgconfig/so_arm100_description.pc'
[1.054s] Level 1:colcon.colcon_core.environment:checking '/home/remii/Projects/so-arm/install/so_arm100_description/lib/python3.12/site-packages'
[1.054s] Level 1:colcon.colcon_core.environment:checking '/home/remii/Projects/so-arm/install/so_arm100_description/bin'
[1.054s] INFO:colcon.colcon_core.shell:Creating package script '/home/remii/Projects/so-arm/install/so_arm100_description/share/so_arm100_description/package.ps1'
[1.055s] INFO:colcon.colcon_core.shell:Creating package descriptor '/home/remii/Projects/so-arm/install/so_arm100_description/share/so_arm100_description/package.dsv'
[1.055s] INFO:colcon.colcon_core.shell:Creating package script '/home/remii/Projects/so-arm/install/so_arm100_description/share/so_arm100_description/package.sh'
[1.056s] INFO:colcon.colcon_core.shell:Creating package script '/home/remii/Projects/so-arm/install/so_arm100_description/share/so_arm100_description/package.bash'
[1.056s] INFO:colcon.colcon_core.shell:Creating package script '/home/remii/Projects/so-arm/install/so_arm100_description/share/so_arm100_description/package.zsh'
[1.056s] Level 1:colcon.colcon_core.environment:create_file_with_runtime_dependencies(/home/remii/Projects/so-arm/install/so_arm100_description/share/colcon-core/packages/so_arm100_description)
[1.056s] INFO:colcon.colcon_ros.task.ament_cmake.build:Building ROS package in '/home/remii/Projects/so-arm/src/ros2_so_arm100/so_arm100_moveit_config' with build type 'ament_cmake'
[1.057s] INFO:colcon.colcon_cmake.task.cmake.build:Building CMake package in '/home/remii/Projects/so-arm/src/ros2_so_arm100/so_arm100_moveit_config'
[1.057s] INFO:colcon.colcon_core.shell:Skip shell extension 'powershell' for command environment: Not usable outside of PowerShell
[1.057s] DEBUG:colcon.colcon_core.shell:Skip shell extension 'dsv' for command environment
[1.061s] Level 1:colcon.colcon_core.environment:create_environment_scripts_only(so_arm101_description)
[1.061s] Level 1:colcon.colcon_core.environment:checking '/home/remii/Projects/so-arm/install/so_arm101_description' for CMake module files
[1.061s] DEBUG:colcon.colcon_core.event_handler.log_command:Invoked command in '/home/remii/Projects/so-arm/build/so_arm101_description' returned '0': CMAKE_PREFIX_PATH=/home/remii/Projects/so-arm/install/so_arm_utils:/home/remii/Projects/so-arm/install/feetech_ros2_driver:/home/remii/Projects/so-arm/install/so_arm_gz:/home/remii/Projects/so-arm/install/so_arm101_moveit_config:/home/remii/Projects/so-arm/install/so_arm101_description:/home/remii/Projects/so-arm/install/so_arm100_moveit_config:/home/remii/Projects/so-arm/install/so_arm100_description:/opt/ros/jazzy/opt/gz_sim_vendor:/opt/ros/jazzy/opt/gz_sensors_vendor:/opt/ros/jazzy/opt/gz_physics_vendor:/opt/ros/jazzy/opt/sdformat_vendor:/opt/ros/jazzy/opt/gz_gui_vendor:/opt/ros/jazzy/opt/gz_transport_vendor:/opt/ros/jazzy/opt/gz_rendering_vendor:/opt/ros/jazzy/opt/gz_plugin_vendor:/opt/ros/jazzy/opt/gz_fuel_tools_vendor:/opt/ros/jazzy/opt/gz_msgs_vendor:/opt/ros/jazzy/opt/gz_common_vendor:/opt/ros/jazzy/opt/gz_math_vendor:/opt/ros/jazzy/opt/gz_utils_vendor:/opt/ros/jazzy/opt/gz_tools_vendor:/opt/ros/jazzy/opt/gz_ogre_next_vendor:/opt/ros/jazzy/opt/gz_dartsim_vendor:/opt/ros/jazzy/opt/gz_cmake_vendor:/opt/ros/jazzy DEBUGINFOD_URLS=https://debuginfod.ubuntu.com /usr/bin/cmake --install /home/remii/Projects/so-arm/build/so_arm101_description
[1.062s] Level 1:colcon.colcon_core.environment:checking '/home/remii/Projects/so-arm/install/so_arm101_description' for CMake config files
[1.062s] Level 1:colcon.colcon_core.shell:create_environment_hook('so_arm101_description', 'cmake_prefix_path')
[1.062s] INFO:colcon.colcon_core.shell:Creating environment hook '/home/remii/Projects/so-arm/install/so_arm101_description/share/so_arm101_description/hook/cmake_prefix_path.ps1'
[1.062s] INFO:colcon.colcon_core.shell:Creating environment descriptor '/home/remii/Projects/so-arm/install/so_arm101_description/share/so_arm101_description/hook/cmake_prefix_path.dsv'
[1.063s] INFO:colcon.colcon_core.shell:Creating environment hook '/home/remii/Projects/so-arm/install/so_arm101_description/share/so_arm101_description/hook/cmake_prefix_path.sh'
[1.063s] Level 1:colcon.colcon_core.environment:checking '/home/remii/Projects/so-arm/install/so_arm101_description/bin'
[1.063s] Level 1:colcon.colcon_core.environment:checking '/home/remii/Projects/so-arm/install/so_arm101_description/lib/pkgconfig/so_arm101_description.pc'
[1.063s] Level 1:colcon.colcon_core.environment:checking '/home/remii/Projects/so-arm/install/so_arm101_description/lib/python3.12/site-packages'
[1.064s] Level 1:colcon.colcon_core.environment:checking '/home/remii/Projects/so-arm/install/so_arm101_description/bin'
[1.064s] INFO:colcon.colcon_core.shell:Creating package script '/home/remii/Projects/so-arm/install/so_arm101_description/share/so_arm101_description/package.ps1'
[1.064s] INFO:colcon.colcon_core.shell:Creating package descriptor '/home/remii/Projects/so-arm/install/so_arm101_description/share/so_arm101_description/package.dsv'
[1.065s] INFO:colcon.colcon_core.shell:Creating package script '/home/remii/Projects/so-arm/install/so_arm101_description/share/so_arm101_description/package.sh'
[1.065s] INFO:colcon.colcon_core.shell:Creating package script '/home/remii/Projects/so-arm/install/so_arm101_description/share/so_arm101_description/package.bash'
[1.065s] INFO:colcon.colcon_core.shell:Creating package script '/home/remii/Projects/so-arm/install/so_arm101_description/share/so_arm101_description/package.zsh'
[1.066s] Level 1:colcon.colcon_core.environment:create_file_with_runtime_dependencies(/home/remii/Projects/so-arm/install/so_arm101_description/share/colcon-core/packages/so_arm101_description)
[1.066s] Level 1:colcon.colcon_core.environment:create_environment_scripts_only(so_arm101_description)
[1.066s] Level 1:colcon.colcon_core.environment:checking '/home/remii/Projects/so-arm/install/so_arm101_description' for CMake module files
[1.066s] Level 1:colcon.colcon_core.environment:checking '/home/remii/Projects/so-arm/install/so_arm101_description' for CMake config files
[1.067s] Level 1:colcon.colcon_core.shell:create_environment_hook('so_arm101_description', 'cmake_prefix_path')
[1.067s] INFO:colcon.colcon_core.shell:Creating environment hook '/home/remii/Projects/so-arm/install/so_arm101_description/share/so_arm101_description/hook/cmake_prefix_path.ps1'
[1.067s] INFO:colcon.colcon_core.shell:Creating environment descriptor '/home/remii/Projects/so-arm/install/so_arm101_description/share/so_arm101_description/hook/cmake_prefix_path.dsv'
[1.067s] INFO:colcon.colcon_core.shell:Creating environment hook '/home/remii/Projects/so-arm/install/so_arm101_description/share/so_arm101_description/hook/cmake_prefix_path.sh'
[1.068s] Level 1:colcon.colcon_core.environment:checking '/home/remii/Projects/so-arm/install/so_arm101_description/bin'
[1.068s] Level 1:colcon.colcon_core.environment:checking '/home/remii/Projects/so-arm/install/so_arm101_description/lib/pkgconfig/so_arm101_description.pc'
[1.068s] Level 1:colcon.colcon_core.environment:checking '/home/remii/Projects/so-arm/install/so_arm101_description/lib/python3.12/site-packages'
[1.069s] Level 1:colcon.colcon_core.environment:checking '/home/remii/Projects/so-arm/install/so_arm101_description/bin'
[1.069s] INFO:colcon.colcon_core.shell:Creating package script '/home/remii/Projects/so-arm/install/so_arm101_description/share/so_arm101_description/package.ps1'
[1.069s] INFO:colcon.colcon_core.shell:Creating package descriptor '/home/remii/Projects/so-arm/install/so_arm101_description/share/so_arm101_description/package.dsv'
[1.070s] INFO:colcon.colcon_core.shell:Creating package script '/home/remii/Projects/so-arm/install/so_arm101_description/share/so_arm101_description/package.sh'
[1.070s] INFO:colcon.colcon_core.shell:Creating package script '/home/remii/Projects/so-arm/install/so_arm101_description/share/so_arm101_description/package.bash'
[1.070s] INFO:colcon.colcon_core.shell:Creating package script '/home/remii/Projects/so-arm/install/so_arm101_description/share/so_arm101_description/package.zsh'
[1.070s] Level 1:colcon.colcon_core.environment:create_file_with_runtime_dependencies(/home/remii/Projects/so-arm/install/so_arm101_description/share/colcon-core/packages/so_arm101_description)
[1.071s] INFO:colcon.colcon_ros.task.ament_cmake.build:Building ROS package in '/home/remii/Projects/so-arm/src/ros2_so_arm100/so_arm101_moveit_config' with build type 'ament_cmake'
[1.071s] INFO:colcon.colcon_cmake.task.cmake.build:Building CMake package in '/home/remii/Projects/so-arm/src/ros2_so_arm100/so_arm101_moveit_config'
[1.071s] INFO:colcon.colcon_core.shell:Skip shell extension 'powershell' for command environment: Not usable outside of PowerShell
[1.071s] DEBUG:colcon.colcon_core.shell:Skip shell extension 'dsv' for command environment
[1.074s] INFO:colcon.colcon_ros.task.ament_cmake.build:Building ROS package in '/home/remii/Projects/so-arm/src/ros2_so_arm100/so_arm_gz' with build type 'ament_cmake'
[1.074s] INFO:colcon.colcon_cmake.task.cmake.build:Building CMake package in '/home/remii/Projects/so-arm/src/ros2_so_arm100/so_arm_gz'
[1.074s] INFO:colcon.colcon_core.shell:Skip shell extension 'powershell' for command environment: Not usable outside of PowerShell
[1.075s] DEBUG:colcon.colcon_core.shell:Skip shell extension 'dsv' for command environment
[1.080s] DEBUG:colcon.colcon_core.event_handler.log_command:Invoking command in '/home/remii/Projects/so-arm/build/so_arm100_moveit_config': CMAKE_PREFIX_PATH=/home/remii/Projects/so-arm/install/so_arm100_description:/home/remii/Projects/so-arm/install/so_arm_utils:/home/remii/Projects/so-arm/install/feetech_ros2_driver:/home/remii/Projects/so-arm/install/so_arm_gz:/home/remii/Projects/so-arm/install/so_arm101_moveit_config:/home/remii/Projects/so-arm/install/so_arm101_description:/home/remii/Projects/so-arm/install/so_arm100_moveit_config:/opt/ros/jazzy/opt/gz_sim_vendor:/opt/ros/jazzy/opt/gz_sensors_vendor:/opt/ros/jazzy/opt/gz_physics_vendor:/opt/ros/jazzy/opt/sdformat_vendor:/opt/ros/jazzy/opt/gz_gui_vendor:/opt/ros/jazzy/opt/gz_transport_vendor:/opt/ros/jazzy/opt/gz_rendering_vendor:/opt/ros/jazzy/opt/gz_plugin_vendor:/opt/ros/jazzy/opt/gz_fuel_tools_vendor:/opt/ros/jazzy/opt/gz_msgs_vendor:/opt/ros/jazzy/opt/gz_common_vendor:/opt/ros/jazzy/opt/gz_math_vendor:/opt/ros/jazzy/opt/gz_utils_vendor:/opt/ros/jazzy/opt/gz_tools_vendor:/opt/ros/jazzy/opt/gz_ogre_next_vendor:/opt/ros/jazzy/opt/gz_dartsim_vendor:/opt/ros/jazzy/opt/gz_cmake_vendor:/opt/ros/jazzy DEBUGINFOD_URLS=https://debuginfod.ubuntu.com /usr/bin/cmake --build /home/remii/Projects/so-arm/build/so_arm100_moveit_config -- -j8 -l8
[1.081s] DEBUG:colcon.colcon_core.event_handler.log_command:Invoking command in '/home/remii/Projects/so-arm/build/so_arm101_moveit_config': CMAKE_PREFIX_PATH=/home/remii/Projects/so-arm/install/so_arm101_description:/home/remii/Projects/so-arm/install/so_arm_utils:/home/remii/Projects/so-arm/install/feetech_ros2_driver:/home/remii/Projects/so-arm/install/so_arm_gz:/home/remii/Projects/so-arm/install/so_arm101_moveit_config:/home/remii/Projects/so-arm/install/so_arm100_moveit_config:/home/remii/Projects/so-arm/install/so_arm100_description:/opt/ros/jazzy/opt/gz_sim_vendor:/opt/ros/jazzy/opt/gz_sensors_vendor:/opt/ros/jazzy/opt/gz_physics_vendor:/opt/ros/jazzy/opt/sdformat_vendor:/opt/ros/jazzy/opt/gz_gui_vendor:/opt/ros/jazzy/opt/gz_transport_vendor:/opt/ros/jazzy/opt/gz_rendering_vendor:/opt/ros/jazzy/opt/gz_plugin_vendor:/opt/ros/jazzy/opt/gz_fuel_tools_vendor:/opt/ros/jazzy/opt/gz_msgs_vendor:/opt/ros/jazzy/opt/gz_common_vendor:/opt/ros/jazzy/opt/gz_math_vendor:/opt/ros/jazzy/opt/gz_utils_vendor:/opt/ros/jazzy/opt/gz_tools_vendor:/opt/ros/jazzy/opt/gz_ogre_next_vendor:/opt/ros/jazzy/opt/gz_dartsim_vendor:/opt/ros/jazzy/opt/gz_cmake_vendor:/opt/ros/jazzy DEBUGINFOD_URLS=https://debuginfod.ubuntu.com /usr/bin/cmake --build /home/remii/Projects/so-arm/build/so_arm101_moveit_config -- -j8 -l8
[1.084s] DEBUG:colcon.colcon_core.event_handler.log_command:Invoking command in '/home/remii/Projects/so-arm/build/so_arm_gz': CMAKE_PREFIX_PATH=/home/remii/Projects/so-arm/install/so_arm101_description:/home/remii/Projects/so-arm/install/so_arm100_description:/home/remii/Projects/so-arm/install/so_arm_utils:/home/remii/Projects/so-arm/install/feetech_ros2_driver:/home/remii/Projects/so-arm/install/so_arm_gz:/home/remii/Projects/so-arm/install/so_arm101_moveit_config:/home/remii/Projects/so-arm/install/so_arm100_moveit_config:/opt/ros/jazzy/opt/gz_sim_vendor:/opt/ros/jazzy/opt/gz_sensors_vendor:/opt/ros/jazzy/opt/gz_physics_vendor:/opt/ros/jazzy/opt/sdformat_vendor:/opt/ros/jazzy/opt/gz_gui_vendor:/opt/ros/jazzy/opt/gz_transport_vendor:/opt/ros/jazzy/opt/gz_rendering_vendor:/opt/ros/jazzy/opt/gz_plugin_vendor:/opt/ros/jazzy/opt/gz_fuel_tools_vendor:/opt/ros/jazzy/opt/gz_msgs_vendor:/opt/ros/jazzy/opt/gz_common_vendor:/opt/ros/jazzy/opt/gz_math_vendor:/opt/ros/jazzy/opt/gz_utils_vendor:/opt/ros/jazzy/opt/gz_tools_vendor:/opt/ros/jazzy/opt/gz_ogre_next_vendor:/opt/ros/jazzy/opt/gz_dartsim_vendor:/opt/ros/jazzy/opt/gz_cmake_vendor:/opt/ros/jazzy DEBUGINFOD_URLS=https://debuginfod.ubuntu.com /usr/bin/cmake --build /home/remii/Projects/so-arm/build/so_arm_gz -- -j8 -l8
[1.108s] DEBUG:colcon.colcon_core.event_handler.log_command:Invoked command in '/home/remii/Projects/so-arm/build/so_arm100_moveit_config' returned '0': CMAKE_PREFIX_PATH=/home/remii/Projects/so-arm/install/so_arm100_description:/home/remii/Projects/so-arm/install/so_arm_utils:/home/remii/Projects/so-arm/install/feetech_ros2_driver:/home/remii/Projects/so-arm/install/so_arm_gz:/home/remii/Projects/so-arm/install/so_arm101_moveit_config:/home/remii/Projects/so-arm/install/so_arm101_description:/home/remii/Projects/so-arm/install/so_arm100_moveit_config:/opt/ros/jazzy/opt/gz_sim_vendor:/opt/ros/jazzy/opt/gz_sensors_vendor:/opt/ros/jazzy/opt/gz_physics_vendor:/opt/ros/jazzy/opt/sdformat_vendor:/opt/ros/jazzy/opt/gz_gui_vendor:/opt/ros/jazzy/opt/gz_transport_vendor:/opt/ros/jazzy/opt/gz_rendering_vendor:/opt/ros/jazzy/opt/gz_plugin_vendor:/opt/ros/jazzy/opt/gz_fuel_tools_vendor:/opt/ros/jazzy/opt/gz_msgs_vendor:/opt/ros/jazzy/opt/gz_common_vendor:/opt/ros/jazzy/opt/gz_math_vendor:/opt/ros/jazzy/opt/gz_utils_vendor:/opt/ros/jazzy/opt/gz_tools_vendor:/opt/ros/jazzy/opt/gz_ogre_next_vendor:/opt/ros/jazzy/opt/gz_dartsim_vendor:/opt/ros/jazzy/opt/gz_cmake_vendor:/opt/ros/jazzy DEBUGINFOD_URLS=https://debuginfod.ubuntu.com /usr/bin/cmake --build /home/remii/Projects/so-arm/build/so_arm100_moveit_config -- -j8 -l8
[1.109s] DEBUG:colcon.colcon_core.event_handler.log_command:Invoking command in '/home/remii/Projects/so-arm/build/so_arm100_moveit_config': CMAKE_PREFIX_PATH=/home/remii/Projects/so-arm/install/so_arm100_description:/home/remii/Projects/so-arm/install/so_arm_utils:/home/remii/Projects/so-arm/install/feetech_ros2_driver:/home/remii/Projects/so-arm/install/so_arm_gz:/home/remii/Projects/so-arm/install/so_arm101_moveit_config:/home/remii/Projects/so-arm/install/so_arm101_description:/home/remii/Projects/so-arm/install/so_arm100_moveit_config:/opt/ros/jazzy/opt/gz_sim_vendor:/opt/ros/jazzy/opt/gz_sensors_vendor:/opt/ros/jazzy/opt/gz_physics_vendor:/opt/ros/jazzy/opt/sdformat_vendor:/opt/ros/jazzy/opt/gz_gui_vendor:/opt/ros/jazzy/opt/gz_transport_vendor:/opt/ros/jazzy/opt/gz_rendering_vendor:/opt/ros/jazzy/opt/gz_plugin_vendor:/opt/ros/jazzy/opt/gz_fuel_tools_vendor:/opt/ros/jazzy/opt/gz_msgs_vendor:/opt/ros/jazzy/opt/gz_common_vendor:/opt/ros/jazzy/opt/gz_math_vendor:/opt/ros/jazzy/opt/gz_utils_vendor:/opt/ros/jazzy/opt/gz_tools_vendor:/opt/ros/jazzy/opt/gz_ogre_next_vendor:/opt/ros/jazzy/opt/gz_dartsim_vendor:/opt/ros/jazzy/opt/gz_cmake_vendor:/opt/ros/jazzy DEBUGINFOD_URLS=https://debuginfod.ubuntu.com /usr/bin/cmake --install /home/remii/Projects/so-arm/build/so_arm100_moveit_config
[1.110s] DEBUG:colcon.colcon_core.event_handler.log_command:Invoked command in '/home/remii/Projects/so-arm/build/so_arm101_moveit_config' returned '0': CMAKE_PREFIX_PATH=/home/remii/Projects/so-arm/install/so_arm101_description:/home/remii/Projects/so-arm/install/so_arm_utils:/home/remii/Projects/so-arm/install/feetech_ros2_driver:/home/remii/Projects/so-arm/install/so_arm_gz:/home/remii/Projects/so-arm/install/so_arm101_moveit_config:/home/remii/Projects/so-arm/install/so_arm100_moveit_config:/home/remii/Projects/so-arm/install/so_arm100_description:/opt/ros/jazzy/opt/gz_sim_vendor:/opt/ros/jazzy/opt/gz_sensors_vendor:/opt/ros/jazzy/opt/gz_physics_vendor:/opt/ros/jazzy/opt/sdformat_vendor:/opt/ros/jazzy/opt/gz_gui_vendor:/opt/ros/jazzy/opt/gz_transport_vendor:/opt/ros/jazzy/opt/gz_rendering_vendor:/opt/ros/jazzy/opt/gz_plugin_vendor:/opt/ros/jazzy/opt/gz_fuel_tools_vendor:/opt/ros/jazzy/opt/gz_msgs_vendor:/opt/ros/jazzy/opt/gz_common_vendor:/opt/ros/jazzy/opt/gz_math_vendor:/opt/ros/jazzy/opt/gz_utils_vendor:/opt/ros/jazzy/opt/gz_tools_vendor:/opt/ros/jazzy/opt/gz_ogre_next_vendor:/opt/ros/jazzy/opt/gz_dartsim_vendor:/opt/ros/jazzy/opt/gz_cmake_vendor:/opt/ros/jazzy DEBUGINFOD_URLS=https://debuginfod.ubuntu.com /usr/bin/cmake --build /home/remii/Projects/so-arm/build/so_arm101_moveit_config -- -j8 -l8
[1.110s] DEBUG:colcon.colcon_core.event_handler.log_command:Invoking command in '/home/remii/Projects/so-arm/build/so_arm101_moveit_config': CMAKE_PREFIX_PATH=/home/remii/Projects/so-arm/install/so_arm101_description:/home/remii/Projects/so-arm/install/so_arm_utils:/home/remii/Projects/so-arm/install/feetech_ros2_driver:/home/remii/Projects/so-arm/install/so_arm_gz:/home/remii/Projects/so-arm/install/so_arm101_moveit_config:/home/remii/Projects/so-arm/install/so_arm100_moveit_config:/home/remii/Projects/so-arm/install/so_arm100_description:/opt/ros/jazzy/opt/gz_sim_vendor:/opt/ros/jazzy/opt/gz_sensors_vendor:/opt/ros/jazzy/opt/gz_physics_vendor:/opt/ros/jazzy/opt/sdformat_vendor:/opt/ros/jazzy/opt/gz_gui_vendor:/opt/ros/jazzy/opt/gz_transport_vendor:/opt/ros/jazzy/opt/gz_rendering_vendor:/opt/ros/jazzy/opt/gz_plugin_vendor:/opt/ros/jazzy/opt/gz_fuel_tools_vendor:/opt/ros/jazzy/opt/gz_msgs_vendor:/opt/ros/jazzy/opt/gz_common_vendor:/opt/ros/jazzy/opt/gz_math_vendor:/opt/ros/jazzy/opt/gz_utils_vendor:/opt/ros/jazzy/opt/gz_tools_vendor:/opt/ros/jazzy/opt/gz_ogre_next_vendor:/opt/ros/jazzy/opt/gz_dartsim_vendor:/opt/ros/jazzy/opt/gz_cmake_vendor:/opt/ros/jazzy DEBUGINFOD_URLS=https://debuginfod.ubuntu.com /usr/bin/cmake --install /home/remii/Projects/so-arm/build/so_arm101_moveit_config
[1.114s] DEBUG:colcon.colcon_core.event_handler.log_command:Invoked command in '/home/remii/Projects/so-arm/build/so_arm_gz' returned '0': CMAKE_PREFIX_PATH=/home/remii/Projects/so-arm/install/so_arm101_description:/home/remii/Projects/so-arm/install/so_arm100_description:/home/remii/Projects/so-arm/install/so_arm_utils:/home/remii/Projects/so-arm/install/feetech_ros2_driver:/home/remii/Projects/so-arm/install/so_arm_gz:/home/remii/Projects/so-arm/install/so_arm101_moveit_config:/home/remii/Projects/so-arm/install/so_arm100_moveit_config:/opt/ros/jazzy/opt/gz_sim_vendor:/opt/ros/jazzy/opt/gz_sensors_vendor:/opt/ros/jazzy/opt/gz_physics_vendor:/opt/ros/jazzy/opt/sdformat_vendor:/opt/ros/jazzy/opt/gz_gui_vendor:/opt/ros/jazzy/opt/gz_transport_vendor:/opt/ros/jazzy/opt/gz_rendering_vendor:/opt/ros/jazzy/opt/gz_plugin_vendor:/opt/ros/jazzy/opt/gz_fuel_tools_vendor:/opt/ros/jazzy/opt/gz_msgs_vendor:/opt/ros/jazzy/opt/gz_common_vendor:/opt/ros/jazzy/opt/gz_math_vendor:/opt/ros/jazzy/opt/gz_utils_vendor:/opt/ros/jazzy/opt/gz_tools_vendor:/opt/ros/jazzy/opt/gz_ogre_next_vendor:/opt/ros/jazzy/opt/gz_dartsim_vendor:/opt/ros/jazzy/opt/gz_cmake_vendor:/opt/ros/jazzy DEBUGINFOD_URLS=https://debuginfod.ubuntu.com /usr/bin/cmake --build /home/remii/Projects/so-arm/build/so_arm_gz -- -j8 -l8
[1.115s] DEBUG:colcon.colcon_core.event_handler.log_command:Invoking command in '/home/remii/Projects/so-arm/build/so_arm_gz': CMAKE_PREFIX_PATH=/home/remii/Projects/so-arm/install/so_arm101_description:/home/remii/Projects/so-arm/install/so_arm100_description:/home/remii/Projects/so-arm/install/so_arm_utils:/home/remii/Projects/so-arm/install/feetech_ros2_driver:/home/remii/Projects/so-arm/install/so_arm_gz:/home/remii/Projects/so-arm/install/so_arm101_moveit_config:/home/remii/Projects/so-arm/install/so_arm100_moveit_config:/opt/ros/jazzy/opt/gz_sim_vendor:/opt/ros/jazzy/opt/gz_sensors_vendor:/opt/ros/jazzy/opt/gz_physics_vendor:/opt/ros/jazzy/opt/sdformat_vendor:/opt/ros/jazzy/opt/gz_gui_vendor:/opt/ros/jazzy/opt/gz_transport_vendor:/opt/ros/jazzy/opt/gz_rendering_vendor:/opt/ros/jazzy/opt/gz_plugin_vendor:/opt/ros/jazzy/opt/gz_fuel_tools_vendor:/opt/ros/jazzy/opt/gz_msgs_vendor:/opt/ros/jazzy/opt/gz_common_vendor:/opt/ros/jazzy/opt/gz_math_vendor:/opt/ros/jazzy/opt/gz_utils_vendor:/opt/ros/jazzy/opt/gz_tools_vendor:/opt/ros/jazzy/opt/gz_ogre_next_vendor:/opt/ros/jazzy/opt/gz_dartsim_vendor:/opt/ros/jazzy/opt/gz_cmake_vendor:/opt/ros/jazzy DEBUGINFOD_URLS=https://debuginfod.ubuntu.com /usr/bin/cmake --install /home/remii/Projects/so-arm/build/so_arm_gz
[1.130s] Level 1:colcon.colcon_core.environment:create_environment_scripts_only(so_arm100_moveit_config)
[1.130s] Level 1:colcon.colcon_core.environment:checking '/home/remii/Projects/so-arm/install/so_arm100_moveit_config' for CMake module files
[1.131s] DEBUG:colcon.colcon_core.event_handler.log_command:Invoked command in '/home/remii/Projects/so-arm/build/so_arm100_moveit_config' returned '0': CMAKE_PREFIX_PATH=/home/remii/Projects/so-arm/install/so_arm100_description:/home/remii/Projects/so-arm/install/so_arm_utils:/home/remii/Projects/so-arm/install/feetech_ros2_driver:/home/remii/Projects/so-arm/install/so_arm_gz:/home/remii/Projects/so-arm/install/so_arm101_moveit_config:/home/remii/Projects/so-arm/install/so_arm101_description:/home/remii/Projects/so-arm/install/so_arm100_moveit_config:/opt/ros/jazzy/opt/gz_sim_vendor:/opt/ros/jazzy/opt/gz_sensors_vendor:/opt/ros/jazzy/opt/gz_physics_vendor:/opt/ros/jazzy/opt/sdformat_vendor:/opt/ros/jazzy/opt/gz_gui_vendor:/opt/ros/jazzy/opt/gz_transport_vendor:/opt/ros/jazzy/opt/gz_rendering_vendor:/opt/ros/jazzy/opt/gz_plugin_vendor:/opt/ros/jazzy/opt/gz_fuel_tools_vendor:/opt/ros/jazzy/opt/gz_msgs_vendor:/opt/ros/jazzy/opt/gz_common_vendor:/opt/ros/jazzy/opt/gz_math_vendor:/opt/ros/jazzy/opt/gz_utils_vendor:/opt/ros/jazzy/opt/gz_tools_vendor:/opt/ros/jazzy/opt/gz_ogre_next_vendor:/opt/ros/jazzy/opt/gz_dartsim_vendor:/opt/ros/jazzy/opt/gz_cmake_vendor:/opt/ros/jazzy DEBUGINFOD_URLS=https://debuginfod.ubuntu.com /usr/bin/cmake --install /home/remii/Projects/so-arm/build/so_arm100_moveit_config
[1.131s] Level 1:colcon.colcon_core.environment:checking '/home/remii/Projects/so-arm/install/so_arm100_moveit_config' for CMake config files
[1.131s] Level 1:colcon.colcon_core.shell:create_environment_hook('so_arm100_moveit_config', 'cmake_prefix_path')
[1.132s] INFO:colcon.colcon_core.shell:Creating environment hook '/home/remii/Projects/so-arm/install/so_arm100_moveit_config/share/so_arm100_moveit_config/hook/cmake_prefix_path.ps1'
[1.132s] INFO:colcon.colcon_core.shell:Creating environment descriptor '/home/remii/Projects/so-arm/install/so_arm100_moveit_config/share/so_arm100_moveit_config/hook/cmake_prefix_path.dsv'
[1.132s] INFO:colcon.colcon_core.shell:Creating environment hook '/home/remii/Projects/so-arm/install/so_arm100_moveit_config/share/so_arm100_moveit_config/hook/cmake_prefix_path.sh'
[1.133s] Level 1:colcon.colcon_core.environment:checking '/home/remii/Projects/so-arm/install/so_arm100_moveit_config/bin'
[1.133s] Level 1:colcon.colcon_core.environment:checking '/home/remii/Projects/so-arm/install/so_arm100_moveit_config/lib/pkgconfig/so_arm100_moveit_config.pc'
[1.133s] Level 1:colcon.colcon_core.environment:checking '/home/remii/Projects/so-arm/install/so_arm100_moveit_config/lib/python3.12/site-packages'
[1.133s] Level 1:colcon.colcon_core.environment:checking '/home/remii/Projects/so-arm/install/so_arm100_moveit_config/bin'
[1.134s] INFO:colcon.colcon_core.shell:Creating package script '/home/remii/Projects/so-arm/install/so_arm100_moveit_config/share/so_arm100_moveit_config/package.ps1'
[1.134s] INFO:colcon.colcon_core.shell:Creating package descriptor '/home/remii/Projects/so-arm/install/so_arm100_moveit_config/share/so_arm100_moveit_config/package.dsv'
[1.134s] INFO:colcon.colcon_core.shell:Creating package script '/home/remii/Projects/so-arm/install/so_arm100_moveit_config/share/so_arm100_moveit_config/package.sh'
[1.135s] INFO:colcon.colcon_core.shell:Creating package script '/home/remii/Projects/so-arm/install/so_arm100_moveit_config/share/so_arm100_moveit_config/package.bash'
[1.135s] INFO:colcon.colcon_core.shell:Creating package script '/home/remii/Projects/so-arm/install/so_arm100_moveit_config/share/so_arm100_moveit_config/package.zsh'
[1.135s] Level 1:colcon.colcon_core.environment:create_file_with_runtime_dependencies(/home/remii/Projects/so-arm/install/so_arm100_moveit_config/share/colcon-core/packages/so_arm100_moveit_config)
[1.135s] Level 1:colcon.colcon_core.environment:create_environment_scripts_only(so_arm100_moveit_config)
[1.136s] Level 1:colcon.colcon_core.environment:checking '/home/remii/Projects/so-arm/install/so_arm100_moveit_config' for CMake module files
[1.136s] Level 1:colcon.colcon_core.environment:checking '/home/remii/Projects/so-arm/install/so_arm100_moveit_config' for CMake config files
[1.136s] Level 1:colcon.colcon_core.shell:create_environment_hook('so_arm100_moveit_config', 'cmake_prefix_path')
[1.136s] INFO:colcon.colcon_core.shell:Creating environment hook '/home/remii/Projects/so-arm/install/so_arm100_moveit_config/share/so_arm100_moveit_config/hook/cmake_prefix_path.ps1'
[1.137s] INFO:colcon.colcon_core.shell:Creating environment descriptor '/home/remii/Projects/so-arm/install/so_arm100_moveit_config/share/so_arm100_moveit_config/hook/cmake_prefix_path.dsv'
[1.137s] INFO:colcon.colcon_core.shell:Creating environment hook '/home/remii/Projects/so-arm/install/so_arm100_moveit_config/share/so_arm100_moveit_config/hook/cmake_prefix_path.sh'
[1.137s] Level 1:colcon.colcon_core.environment:checking '/home/remii/Projects/so-arm/install/so_arm100_moveit_config/bin'
[1.137s] Level 1:colcon.colcon_core.environment:checking '/home/remii/Projects/so-arm/install/so_arm100_moveit_config/lib/pkgconfig/so_arm100_moveit_config.pc'
[1.137s] Level 1:colcon.colcon_core.environment:checking '/home/remii/Projects/so-arm/install/so_arm100_moveit_config/lib/python3.12/site-packages'
[1.138s] Level 1:colcon.colcon_core.environment:checking '/home/remii/Projects/so-arm/install/so_arm100_moveit_config/bin'
[1.138s] INFO:colcon.colcon_core.shell:Creating package script '/home/remii/Projects/so-arm/install/so_arm100_moveit_config/share/so_arm100_moveit_config/package.ps1'
[1.138s] INFO:colcon.colcon_core.shell:Creating package descriptor '/home/remii/Projects/so-arm/install/so_arm100_moveit_config/share/so_arm100_moveit_config/package.dsv'
[1.139s] INFO:colcon.colcon_core.shell:Creating package script '/home/remii/Projects/so-arm/install/so_arm100_moveit_config/share/so_arm100_moveit_config/package.sh'
[1.139s] INFO:colcon.colcon_core.shell:Creating package script '/home/remii/Projects/so-arm/install/so_arm100_moveit_config/share/so_arm100_moveit_config/package.bash'
[1.139s] INFO:colcon.colcon_core.shell:Creating package script '/home/remii/Projects/so-arm/install/so_arm100_moveit_config/share/so_arm100_moveit_config/package.zsh'
[1.140s] Level 1:colcon.colcon_core.environment:create_file_with_runtime_dependencies(/home/remii/Projects/so-arm/install/so_arm100_moveit_config/share/colcon-core/packages/so_arm100_moveit_config)
[1.141s] Level 1:colcon.colcon_core.environment:create_environment_scripts_only(so_arm101_moveit_config)
[1.141s] Level 1:colcon.colcon_core.environment:checking '/home/remii/Projects/so-arm/install/so_arm101_moveit_config' for CMake module files
[1.141s] DEBUG:colcon.colcon_core.event_handler.log_command:Invoked command in '/home/remii/Projects/so-arm/build/so_arm101_moveit_config' returned '0': CMAKE_PREFIX_PATH=/home/remii/Projects/so-arm/install/so_arm101_description:/home/remii/Projects/so-arm/install/so_arm_utils:/home/remii/Projects/so-arm/install/feetech_ros2_driver:/home/remii/Projects/so-arm/install/so_arm_gz:/home/remii/Projects/so-arm/install/so_arm101_moveit_config:/home/remii/Projects/so-arm/install/so_arm100_moveit_config:/home/remii/Projects/so-arm/install/so_arm100_description:/opt/ros/jazzy/opt/gz_sim_vendor:/opt/ros/jazzy/opt/gz_sensors_vendor:/opt/ros/jazzy/opt/gz_physics_vendor:/opt/ros/jazzy/opt/sdformat_vendor:/opt/ros/jazzy/opt/gz_gui_vendor:/opt/ros/jazzy/opt/gz_transport_vendor:/opt/ros/jazzy/opt/gz_rendering_vendor:/opt/ros/jazzy/opt/gz_plugin_vendor:/opt/ros/jazzy/opt/gz_fuel_tools_vendor:/opt/ros/jazzy/opt/gz_msgs_vendor:/opt/ros/jazzy/opt/gz_common_vendor:/opt/ros/jazzy/opt/gz_math_vendor:/opt/ros/jazzy/opt/gz_utils_vendor:/opt/ros/jazzy/opt/gz_tools_vendor:/opt/ros/jazzy/opt/gz_ogre_next_vendor:/opt/ros/jazzy/opt/gz_dartsim_vendor:/opt/ros/jazzy/opt/gz_cmake_vendor:/opt/ros/jazzy DEBUGINFOD_URLS=https://debuginfod.ubuntu.com /usr/bin/cmake --install /home/remii/Projects/so-arm/build/so_arm101_moveit_config
[1.142s] Level 1:colcon.colcon_core.environment:checking '/home/remii/Projects/so-arm/install/so_arm101_moveit_config' for CMake config files
[1.142s] Level 1:colcon.colcon_core.shell:create_environment_hook('so_arm101_moveit_config', 'cmake_prefix_path')
[1.142s] INFO:colcon.colcon_core.shell:Creating environment hook '/home/remii/Projects/so-arm/install/so_arm101_moveit_config/share/so_arm101_moveit_config/hook/cmake_prefix_path.ps1'
[1.142s] INFO:colcon.colcon_core.shell:Creating environment descriptor '/home/remii/Projects/so-arm/install/so_arm101_moveit_config/share/so_arm101_moveit_config/hook/cmake_prefix_path.dsv'
[1.142s] INFO:colcon.colcon_core.shell:Creating environment hook '/home/remii/Projects/so-arm/install/so_arm101_moveit_config/share/so_arm101_moveit_config/hook/cmake_prefix_path.sh'
[1.143s] Level 1:colcon.colcon_core.environment:checking '/home/remii/Projects/so-arm/install/so_arm101_moveit_config/bin'
[1.143s] Level 1:colcon.colcon_core.environment:checking '/home/remii/Projects/so-arm/install/so_arm101_moveit_config/lib/pkgconfig/so_arm101_moveit_config.pc'
[1.143s] Level 1:colcon.colcon_core.environment:checking '/home/remii/Projects/so-arm/install/so_arm101_moveit_config/lib/python3.12/site-packages'
[1.143s] Level 1:colcon.colcon_core.environment:checking '/home/remii/Projects/so-arm/install/so_arm101_moveit_config/bin'
[1.144s] INFO:colcon.colcon_core.shell:Creating package script '/home/remii/Projects/so-arm/install/so_arm101_moveit_config/share/so_arm101_moveit_config/package.ps1'
[1.144s] INFO:colcon.colcon_core.shell:Creating package descriptor '/home/remii/Projects/so-arm/install/so_arm101_moveit_config/share/so_arm101_moveit_config/package.dsv'
[1.144s] INFO:colcon.colcon_core.shell:Creating package script '/home/remii/Projects/so-arm/install/so_arm101_moveit_config/share/so_arm101_moveit_config/package.sh'
[1.145s] INFO:colcon.colcon_core.shell:Creating package script '/home/remii/Projects/so-arm/install/so_arm101_moveit_config/share/so_arm101_moveit_config/package.bash'
[1.145s] INFO:colcon.colcon_core.shell:Creating package script '/home/remii/Projects/so-arm/install/so_arm101_moveit_config/share/so_arm101_moveit_config/package.zsh'
[1.145s] Level 1:colcon.colcon_core.environment:create_file_with_runtime_dependencies(/home/remii/Projects/so-arm/install/so_arm101_moveit_config/share/colcon-core/packages/so_arm101_moveit_config)
[1.145s] Level 1:colcon.colcon_core.environment:create_environment_scripts_only(so_arm101_moveit_config)
[1.145s] Level 1:colcon.colcon_core.environment:checking '/home/remii/Projects/so-arm/install/so_arm101_moveit_config' for CMake module files
[1.146s] Level 1:colcon.colcon_core.environment:checking '/home/remii/Projects/so-arm/install/so_arm101_moveit_config' for CMake config files
[1.146s] Level 1:colcon.colcon_core.shell:create_environment_hook('so_arm101_moveit_config', 'cmake_prefix_path')
[1.146s] INFO:colcon.colcon_core.shell:Creating environment hook '/home/remii/Projects/so-arm/install/so_arm101_moveit_config/share/so_arm101_moveit_config/hook/cmake_prefix_path.ps1'
[1.146s] INFO:colcon.colcon_core.shell:Creating environment descriptor '/home/remii/Projects/so-arm/install/so_arm101_moveit_config/share/so_arm101_moveit_config/hook/cmake_prefix_path.dsv'
[1.147s] INFO:colcon.colcon_core.shell:Creating environment hook '/home/remii/Projects/so-arm/install/so_arm101_moveit_config/share/so_arm101_moveit_config/hook/cmake_prefix_path.sh'
[1.147s] Level 1:colcon.colcon_core.environment:checking '/home/remii/Projects/so-arm/install/so_arm101_moveit_config/bin'
[1.147s] Level 1:colcon.colcon_core.environment:checking '/home/remii/Projects/so-arm/install/so_arm101_moveit_config/lib/pkgconfig/so_arm101_moveit_config.pc'
[1.147s] Level 1:colcon.colcon_core.environment:checking '/home/remii/Projects/so-arm/install/so_arm101_moveit_config/lib/python3.12/site-packages'
[1.148s] Level 1:colcon.colcon_core.environment:checking '/home/remii/Projects/so-arm/install/so_arm101_moveit_config/bin'
[1.148s] INFO:colcon.colcon_core.shell:Creating package script '/home/remii/Projects/so-arm/install/so_arm101_moveit_config/share/so_arm101_moveit_config/package.ps1'
[1.148s] INFO:colcon.colcon_core.shell:Creating package descriptor '/home/remii/Projects/so-arm/install/so_arm101_moveit_config/share/so_arm101_moveit_config/package.dsv'
[1.149s] INFO:colcon.colcon_core.shell:Creating package script '/home/remii/Projects/so-arm/install/so_arm101_moveit_config/share/so_arm101_moveit_config/package.sh'
[1.149s] INFO:colcon.colcon_core.shell:Creating package script '/home/remii/Projects/so-arm/install/so_arm101_moveit_config/share/so_arm101_moveit_config/package.bash'
[1.149s] INFO:colcon.colcon_core.shell:Creating package script '/home/remii/Projects/so-arm/install/so_arm101_moveit_config/share/so_arm101_moveit_config/package.zsh'
[1.149s] Level 1:colcon.colcon_core.environment:create_file_with_runtime_dependencies(/home/remii/Projects/so-arm/install/so_arm101_moveit_config/share/colcon-core/packages/so_arm101_moveit_config)
[1.150s] DEBUG:colcon.colcon_core.task.python.build:Available setuptools commands: install_egg_info, install_scripts, setopt, install_headers, compile_catalog, check, easy_install, bdist_rpm, bdist_egg, alias, symlink_data, bdist_dumb, register, build, build_py, build_clib, install_lib, sdist, bdist, develop, install_data, editable_wheel, build_ext, upload, install, build_scripts, extract_messages, update_catalog, rotate, saveopts, init_catalog, test, upload_docs, egg_info, dist_info, clean
[1.150s] Level 1:colcon.colcon_core.environment:create_environment_scripts_only(so_arm_gz)
[1.150s] Level 1:colcon.colcon_core.environment:checking '/home/remii/Projects/so-arm/install/so_arm_gz' for CMake module files
[1.151s] DEBUG:colcon.colcon_core.event_handler.log_command:Invoked command in '/home/remii/Projects/so-arm/build/so_arm_gz' returned '0': CMAKE_PREFIX_PATH=/home/remii/Projects/so-arm/install/so_arm101_description:/home/remii/Projects/so-arm/install/so_arm100_description:/home/remii/Projects/so-arm/install/so_arm_utils:/home/remii/Projects/so-arm/install/feetech_ros2_driver:/home/remii/Projects/so-arm/install/so_arm_gz:/home/remii/Projects/so-arm/install/so_arm101_moveit_config:/home/remii/Projects/so-arm/install/so_arm100_moveit_config:/opt/ros/jazzy/opt/gz_sim_vendor:/opt/ros/jazzy/opt/gz_sensors_vendor:/opt/ros/jazzy/opt/gz_physics_vendor:/opt/ros/jazzy/opt/sdformat_vendor:/opt/ros/jazzy/opt/gz_gui_vendor:/opt/ros/jazzy/opt/gz_transport_vendor:/opt/ros/jazzy/opt/gz_rendering_vendor:/opt/ros/jazzy/opt/gz_plugin_vendor:/opt/ros/jazzy/opt/gz_fuel_tools_vendor:/opt/ros/jazzy/opt/gz_msgs_vendor:/opt/ros/jazzy/opt/gz_common_vendor:/opt/ros/jazzy/opt/gz_math_vendor:/opt/ros/jazzy/opt/gz_utils_vendor:/opt/ros/jazzy/opt/gz_tools_vendor:/opt/ros/jazzy/opt/gz_ogre_next_vendor:/opt/ros/jazzy/opt/gz_dartsim_vendor:/opt/ros/jazzy/opt/gz_cmake_vendor:/opt/ros/jazzy DEBUGINFOD_URLS=https://debuginfod.ubuntu.com /usr/bin/cmake --install /home/remii/Projects/so-arm/build/so_arm_gz
[1.151s] Level 1:colcon.colcon_core.environment:checking '/home/remii/Projects/so-arm/install/so_arm_gz' for CMake config files
[1.151s] Level 1:colcon.colcon_core.shell:create_environment_hook('so_arm_gz', 'cmake_prefix_path')
[1.151s] INFO:colcon.colcon_core.shell:Creating environment hook '/home/remii/Projects/so-arm/install/so_arm_gz/share/so_arm_gz/hook/cmake_prefix_path.ps1'
[1.152s] INFO:colcon.colcon_core.shell:Creating environment descriptor '/home/remii/Projects/so-arm/install/so_arm_gz/share/so_arm_gz/hook/cmake_prefix_path.dsv'
[1.152s] INFO:colcon.colcon_core.shell:Creating environment hook '/home/remii/Projects/so-arm/install/so_arm_gz/share/so_arm_gz/hook/cmake_prefix_path.sh'
[1.153s] Level 1:colcon.colcon_core.environment:checking '/home/remii/Projects/so-arm/install/so_arm_gz/bin'
[1.153s] Level 1:colcon.colcon_core.environment:checking '/home/remii/Projects/so-arm/install/so_arm_gz/lib/pkgconfig/so_arm_gz.pc'
[1.153s] Level 1:colcon.colcon_core.environment:checking '/home/remii/Projects/so-arm/install/so_arm_gz/lib/python3.12/site-packages'
[1.153s] Level 1:colcon.colcon_core.environment:checking '/home/remii/Projects/so-arm/install/so_arm_gz/bin'
[1.153s] INFO:colcon.colcon_core.shell:Creating package script '/home/remii/Projects/so-arm/install/so_arm_gz/share/so_arm_gz/package.ps1'
[1.154s] INFO:colcon.colcon_core.shell:Creating package descriptor '/home/remii/Projects/so-arm/install/so_arm_gz/share/so_arm_gz/package.dsv'
[1.154s] INFO:colcon.colcon_core.shell:Creating package script '/home/remii/Projects/so-arm/install/so_arm_gz/share/so_arm_gz/package.sh'
[1.154s] INFO:colcon.colcon_core.shell:Creating package script '/home/remii/Projects/so-arm/install/so_arm_gz/share/so_arm_gz/package.bash'
[1.154s] INFO:colcon.colcon_core.shell:Creating package script '/home/remii/Projects/so-arm/install/so_arm_gz/share/so_arm_gz/package.zsh'
[1.155s] Level 1:colcon.colcon_core.environment:create_file_with_runtime_dependencies(/home/remii/Projects/so-arm/install/so_arm_gz/share/colcon-core/packages/so_arm_gz)
[1.155s] Level 1:colcon.colcon_core.environment:create_environment_scripts_only(so_arm_gz)
[1.155s] Level 1:colcon.colcon_core.environment:checking '/home/remii/Projects/so-arm/install/so_arm_gz' for CMake module files
[1.155s] Level 1:colcon.colcon_core.environment:checking '/home/remii/Projects/so-arm/install/so_arm_gz' for CMake config files
[1.156s] Level 1:colcon.colcon_core.shell:create_environment_hook('so_arm_gz', 'cmake_prefix_path')
[1.156s] INFO:colcon.colcon_core.shell:Creating environment hook '/home/remii/Projects/so-arm/install/so_arm_gz/share/so_arm_gz/hook/cmake_prefix_path.ps1'
[1.156s] INFO:colcon.colcon_core.shell:Creating environment descriptor '/home/remii/Projects/so-arm/install/so_arm_gz/share/so_arm_gz/hook/cmake_prefix_path.dsv'
[1.156s] INFO:colcon.colcon_core.shell:Creating environment hook '/home/remii/Projects/so-arm/install/so_arm_gz/share/so_arm_gz/hook/cmake_prefix_path.sh'
[1.157s] Level 1:colcon.colcon_core.environment:checking '/home/remii/Projects/so-arm/install/so_arm_gz/bin'
[1.157s] Level 1:colcon.colcon_core.environment:checking '/home/remii/Projects/so-arm/install/so_arm_gz/lib/pkgconfig/so_arm_gz.pc'
[1.157s] Level 1:colcon.colcon_core.environment:checking '/home/remii/Projects/so-arm/install/so_arm_gz/lib/python3.12/site-packages'
[1.157s] Level 1:colcon.colcon_core.environment:checking '/home/remii/Projects/so-arm/install/so_arm_gz/bin'
[1.157s] INFO:colcon.colcon_core.shell:Creating package script '/home/remii/Projects/so-arm/install/so_arm_gz/share/so_arm_gz/package.ps1'
[1.158s] INFO:colcon.colcon_core.shell:Creating package descriptor '/home/remii/Projects/so-arm/install/so_arm_gz/share/so_arm_gz/package.dsv'
[1.158s] INFO:colcon.colcon_core.shell:Creating package script '/home/remii/Projects/so-arm/install/so_arm_gz/share/so_arm_gz/package.sh'
[1.158s] INFO:colcon.colcon_core.shell:Creating package script '/home/remii/Projects/so-arm/install/so_arm_gz/share/so_arm_gz/package.bash'
[1.159s] INFO:colcon.colcon_core.shell:Creating package script '/home/remii/Projects/so-arm/install/so_arm_gz/share/so_arm_gz/package.zsh'
[1.159s] Level 1:colcon.colcon_core.environment:create_file_with_runtime_dependencies(/home/remii/Projects/so-arm/install/so_arm_gz/share/colcon-core/packages/so_arm_gz)
[1.434s] DEBUG:colcon.colcon_core.task.python.build:Available setuptools 'develop' options: --install-layout, --find-links, --site-dirs, --optimize, --force-installation-into-system-dir, --index-url, --script-dir, --help, --dry-run, --egg-path, --version, --no-deps, --uninstall, --local-snapshots-ok, --zip-ok, --always-copy, --install-dir, --prefix, --multi-version, --quiet, --upgrade, --build-directory, --verbose, --record, --no-find-links, --exclude-scripts, --user, --allow-hosts, --always-unzip, --editable, --no-user-cfg
[1.436s] DEBUG:colcon.colcon_core.event_handler.log_command:Invoking command in '/home/remii/Projects/so-arm/build/so_arm_perception': DEBUGINFOD_URLS=https://debuginfod.ubuntu.com PYTHONPATH=/home/remii/Projects/so-arm/build/so_arm_perception/prefix_override:/usr/lib/python3/dist-packages/colcon_core/task/python/colcon_distutils_commands:/home/remii/Projects/so-arm/install/so_arm_perception/lib/python3.12/site-packages:${PYTHONPATH} /usr/bin/python3 -W ignore:setup.py install is deprecated -W ignore:easy_install command is deprecated setup.py develop --editable --build-directory /home/remii/Projects/so-arm/build/so_arm_perception/build --no-deps symlink_data
[2.003s] Level 1:colcon.colcon_core.shell:create_environment_hook('so_arm_perception', 'pythonpath_develop')
[2.004s] INFO:colcon.colcon_core.shell:Creating environment hook '/home/remii/Projects/so-arm/build/so_arm_perception/share/so_arm_perception/hook/pythonpath_develop.ps1'
[2.004s] DEBUG:colcon.colcon_core.event_handler.log_command:Invoked command in '/home/remii/Projects/so-arm/build/so_arm_perception' returned '0': DEBUGINFOD_URLS=https://debuginfod.ubuntu.com PYTHONPATH=/home/remii/Projects/so-arm/build/so_arm_perception/prefix_override:/usr/lib/python3/dist-packages/colcon_core/task/python/colcon_distutils_commands:/home/remii/Projects/so-arm/install/so_arm_perception/lib/python3.12/site-packages:${PYTHONPATH} /usr/bin/python3 -W ignore:setup.py install is deprecated -W ignore:easy_install command is deprecated setup.py develop --editable --build-directory /home/remii/Projects/so-arm/build/so_arm_perception/build --no-deps symlink_data
[2.004s] INFO:colcon.colcon_core.shell:Creating environment descriptor '/home/remii/Projects/so-arm/build/so_arm_perception/share/so_arm_perception/hook/pythonpath_develop.dsv'
[2.005s] INFO:colcon.colcon_core.shell:Creating environment hook '/home/remii/Projects/so-arm/build/so_arm_perception/share/so_arm_perception/hook/pythonpath_develop.sh'
[2.005s] Level 1:colcon.colcon_core.environment:checking '/home/remii/Projects/so-arm/install/so_arm_perception' for CMake module files
[2.006s] Level 1:colcon.colcon_core.environment:checking '/home/remii/Projects/so-arm/install/so_arm_perception' for CMake config files
[2.006s] Level 1:colcon.colcon_core.environment:checking '/home/remii/Projects/so-arm/install/so_arm_perception/lib'
[2.006s] Level 1:colcon.colcon_core.environment:checking '/home/remii/Projects/so-arm/install/so_arm_perception/bin'
[2.006s] Level 1:colcon.colcon_core.environment:checking '/home/remii/Projects/so-arm/install/so_arm_perception/lib/pkgconfig/so_arm_perception.pc'
[2.006s] Level 1:colcon.colcon_core.environment:checking '/home/remii/Projects/so-arm/install/so_arm_perception/lib/python3.12/site-packages'
[2.006s] Level 1:colcon.colcon_core.shell:create_environment_hook('so_arm_perception', 'pythonpath')
[2.007s] INFO:colcon.colcon_core.shell:Creating environment hook '/home/remii/Projects/so-arm/install/so_arm_perception/share/so_arm_perception/hook/pythonpath.ps1'
[2.007s] INFO:colcon.colcon_core.shell:Creating environment descriptor '/home/remii/Projects/so-arm/install/so_arm_perception/share/so_arm_perception/hook/pythonpath.dsv'
[2.007s] INFO:colcon.colcon_core.shell:Creating environment hook '/home/remii/Projects/so-arm/install/so_arm_perception/share/so_arm_perception/hook/pythonpath.sh'
[2.008s] Level 1:colcon.colcon_core.environment:checking '/home/remii/Projects/so-arm/install/so_arm_perception/bin'
[2.008s] Level 1:colcon.colcon_core.environment:create_environment_scripts_only(so_arm_perception)
[2.008s] INFO:colcon.colcon_core.shell:Creating package script '/home/remii/Projects/so-arm/install/so_arm_perception/share/so_arm_perception/package.ps1'
[2.008s] INFO:colcon.colcon_core.shell:Creating package descriptor '/home/remii/Projects/so-arm/install/so_arm_perception/share/so_arm_perception/package.dsv'
[2.009s] INFO:colcon.colcon_core.shell:Creating package script '/home/remii/Projects/so-arm/install/so_arm_perception/share/so_arm_perception/package.sh'
[2.009s] INFO:colcon.colcon_core.shell:Creating package script '/home/remii/Projects/so-arm/install/so_arm_perception/share/so_arm_perception/package.bash'
[2.009s] INFO:colcon.colcon_core.shell:Creating package script '/home/remii/Projects/so-arm/install/so_arm_perception/share/so_arm_perception/package.zsh'
[2.010s] Level 1:colcon.colcon_core.environment:create_file_with_runtime_dependencies(/home/remii/Projects/so-arm/install/so_arm_perception/share/colcon-core/packages/so_arm_perception)
[2.010s] DEBUG:colcon.colcon_parallel_executor.executor.parallel:closing loop
[2.010s] DEBUG:colcon.colcon_parallel_executor.executor.parallel:loop closed
[2.011s] DEBUG:colcon.colcon_parallel_executor.executor.parallel:run_until_complete finished with '0'
[2.011s] DEBUG:colcon.colcon_core.event_reactor:joining thread
[2.016s] INFO:colcon.colcon_core.plugin_system:Skipping extension 'colcon_notification.desktop_notification.terminal_notifier': Not used on non-Darwin systems
[2.016s] INFO:colcon.colcon_core.plugin_system:Skipping extension 'colcon_notification.desktop_notification.win32': Not used on non-Windows systems
[2.016s] INFO:colcon.colcon_notification.desktop_notification:Sending desktop notification using 'notify2'
[2.039s] DEBUG:colcon.colcon_core.event_reactor:joined thread
[2.039s] INFO:colcon.colcon_core.shell:Creating prefix script '/home/remii/Projects/so-arm/install/local_setup.ps1'
[2.040s] INFO:colcon.colcon_core.shell:Creating prefix util module '/home/remii/Projects/so-arm/install/_local_setup_util_ps1.py'
[2.041s] INFO:colcon.colcon_core.shell:Creating prefix chain script '/home/remii/Projects/so-arm/install/setup.ps1'
[2.042s] INFO:colcon.colcon_core.shell:Creating prefix script '/home/remii/Projects/so-arm/install/local_setup.sh'
[2.043s] INFO:colcon.colcon_core.shell:Creating prefix util module '/home/remii/Projects/so-arm/install/_local_setup_util_sh.py'
[2.043s] INFO:colcon.colcon_core.shell:Creating prefix chain script '/home/remii/Projects/so-arm/install/setup.sh'
[2.044s] INFO:colcon.colcon_core.shell:Creating prefix script '/home/remii/Projects/so-arm/install/local_setup.bash'
[2.045s] INFO:colcon.colcon_core.shell:Creating prefix chain script '/home/remii/Projects/so-arm/install/setup.bash'
[2.055s] INFO:colcon.colcon_core.shell:Creating prefix script '/home/remii/Projects/so-arm/install/local_setup.zsh'
[2.055s] INFO:colcon.colcon_core.shell:Creating prefix chain script '/home/remii/Projects/so-arm/install/setup.zsh'
