[0.088s] DEBUG:colcon:Command line arguments: ['/usr/bin/colcon', 'build', '--symlink-install']
[0.088s] DEBUG:colcon:Parsed command line arguments: Namespace(log_base=None, log_level=None, verb_name='build', build_base='build', install_base='install', merge_install=False, symlink_install=True, test_result_base=None, continue_on_error=False, executor='parallel', parallel_workers=8, event_handlers=None, ignore_user_meta=False, metas=['./colcon.meta'], base_paths=['.'], packages_ignore=None, packages_ignore_regex=None, paths=None, packages_up_to=None, packages_up_to_regex=None, packages_above=None, packages_above_and_dependencies=None, packages_above_depth=None, packages_select_by_dep=None, packages_skip_by_dep=None, packages_skip_up_to=None, packages_select_build_failed=False, packages_skip_build_finished=False, packages_select_test_failures=False, packages_skip_test_passed=False, packages_select=None, packages_skip=None, packages_select_regex=None, packages_skip_regex=None, packages_start=None, packages_end=None, allow_overriding=[], cmake_args=None, cmake_target=None, cmake_target_skip_unavailable=False, cmake_clean_cache=False, cmake_clean_first=False, cmake_force_configure=False, ament_cmake_args=None, catkin_cmake_args=None, catkin_skip_building_tests=False, mixin_files=None, mixin=None, verb_parser=<colcon_mixin.mixin.mixin_argument.MixinArgumentDecorator object at 0x7e5d659a0380>, verb_extension=<colcon_core.verb.build.BuildVerb object at 0x7e5d65ac4e00>, main=<bound method BuildVerb.main of <colcon_core.verb.build.BuildVerb object at 0x7e5d65ac4e00>>, mixin_verb=('build',))
[0.117s] Level 1:colcon.colcon_core.package_discovery:discover_packages(colcon_meta) check parameters
[0.117s] Level 1:colcon.colcon_core.package_discovery:discover_packages(recursive) check parameters
[0.118s] Level 1:colcon.colcon_core.package_discovery:discover_packages(ignore) check parameters
[0.118s] Level 1:colcon.colcon_core.package_discovery:discover_packages(path) check parameters
[0.118s] Level 1:colcon.colcon_core.package_discovery:discover_packages(colcon_meta) discover
[0.118s] Level 1:colcon.colcon_core.package_discovery:discover_packages(recursive) discover
[0.118s] INFO:colcon.colcon_core.package_discovery:Crawling recursively for packages in '/home/remii/Projects/so-arm'
[0.118s] Level 1:colcon.colcon_core.package_identification:_identify(.) by extensions ['ignore', 'ignore_ament_install']
[0.118s] Level 1:colcon.colcon_core.package_identification:_identify(.) by extension 'ignore'
[0.118s] Level 1:colcon.colcon_core.package_identification:_identify(.) by extension 'ignore_ament_install'
[0.118s] Level 1:colcon.colcon_core.package_identification:_identify(.) by extensions ['colcon_pkg']
[0.118s] Level 1:colcon.colcon_core.package_identification:_identify(.) by extension 'colcon_pkg'
[0.118s] Level 1:colcon.colcon_core.package_identification:_identify(.) by extensions ['colcon_meta']
[0.118s] Level 1:colcon.colcon_core.package_identification:_identify(.) by extension 'colcon_meta'
[0.118s] Level 1:colcon.colcon_core.package_identification:_identify(.) by extensions ['ros']
[0.118s] Level 1:colcon.colcon_core.package_identification:_identify(.) by extension 'ros'
[0.138s] Level 1:colcon.colcon_core.package_identification:_identify(.) by extensions ['cmake', 'python']
[0.138s] Level 1:colcon.colcon_core.package_identification:_identify(.) by extension 'cmake'
[0.138s] Level 1:colcon.colcon_core.package_identification:_identify(.) by extension 'python'
[0.138s] Level 1:colcon.colcon_core.package_identification:_identify(.) by extensions ['python_setup_py']
[0.138s] Level 1:colcon.colcon_core.package_identification:_identify(.) by extension 'python_setup_py'
[0.138s] Level 1:colcon.colcon_core.package_identification:_identify(build) by extensions ['ignore', 'ignore_ament_install']
[0.138s] Level 1:colcon.colcon_core.package_identification:_identify(build) by extension 'ignore'
[0.138s] Level 1:colcon.colcon_core.package_identification:_identify(build) ignored
[0.138s] Level 1:colcon.colcon_core.package_identification:_identify(install) by extensions ['ignore', 'ignore_ament_install']
[0.139s] Level 1:colcon.colcon_core.package_identification:_identify(install) by extension 'ignore'
[0.139s] Level 1:colcon.colcon_core.package_identification:_identify(install) ignored
[0.139s] Level 1:colcon.colcon_core.package_identification:_identify(log) by extensions ['ignore', 'ignore_ament_install']
[0.139s] Level 1:colcon.colcon_core.package_identification:_identify(log) by extension 'ignore'
[0.139s] Level 1:colcon.colcon_core.package_identification:_identify(log) ignored
[0.139s] Level 1:colcon.colcon_core.package_identification:_identify(src) by extensions ['ignore', 'ignore_ament_install']
[0.139s] Level 1:colcon.colcon_core.package_identification:_identify(src) by extension 'ignore'
[0.139s] Level 1:colcon.colcon_core.package_identification:_identify(src) by extension 'ignore_ament_install'
[0.139s] Level 1:colcon.colcon_core.package_identification:_identify(src) by extensions ['colcon_pkg']
[0.139s] Level 1:colcon.colcon_core.package_identification:_identify(src) by extension 'colcon_pkg'
[0.139s] Level 1:colcon.colcon_core.package_identification:_identify(src) by extensions ['colcon_meta']
[0.139s] Level 1:colcon.colcon_core.package_identification:_identify(src) by extension 'colcon_meta'
[0.139s] Level 1:colcon.colcon_core.package_identification:_identify(src) by extensions ['ros']
[0.139s] Level 1:colcon.colcon_core.package_identification:_identify(src) by extension 'ros'
[0.139s] Level 1:colcon.colcon_core.package_identification:_identify(src) by extensions ['cmake', 'python']
[0.139s] Level 1:colcon.colcon_core.package_identification:_identify(src) by extension 'cmake'
[0.139s] Level 1:colcon.colcon_core.package_identification:_identify(src) by extension 'python'
[0.139s] Level 1:colcon.colcon_core.package_identification:_identify(src) by extensions ['python_setup_py']
[0.139s] Level 1:colcon.colcon_core.package_identification:_identify(src) by extension 'python_setup_py'
[0.139s] Level 1:colcon.colcon_core.package_identification:_identify(src/feetech_ros2_driver) by extensions ['ignore', 'ignore_ament_install']
[0.140s] Level 1:colcon.colcon_core.package_identification:_identify(src/feetech_ros2_driver) by extension 'ignore'
[0.140s] Level 1:colcon.colcon_core.package_identification:_identify(src/feetech_ros2_driver) by extension 'ignore_ament_install'
[0.140s] Level 1:colcon.colcon_core.package_identification:_identify(src/feetech_ros2_driver) by extensions ['colcon_pkg']
[0.140s] Level 1:colcon.colcon_core.package_identification:_identify(src/feetech_ros2_driver) by extension 'colcon_pkg'
[0.140s] Level 1:colcon.colcon_core.package_identification:_identify(src/feetech_ros2_driver) by extensions ['colcon_meta']
[0.140s] Level 1:colcon.colcon_core.package_identification:_identify(src/feetech_ros2_driver) by extension 'colcon_meta'
[0.140s] Level 1:colcon.colcon_core.package_identification:_identify(src/feetech_ros2_driver) by extensions ['ros']
[0.140s] Level 1:colcon.colcon_core.package_identification:_identify(src/feetech_ros2_driver) by extension 'ros'
[0.142s] DEBUG:colcon.colcon_core.package_identification:Package 'src/feetech_ros2_driver' with type 'ros.ament_cmake' and name 'feetech_ros2_driver'
[0.142s] Level 1:colcon.colcon_core.package_identification:_identify(src/ros2_so_arm100) by extensions ['ignore', 'ignore_ament_install']
[0.142s] Level 1:colcon.colcon_core.package_identification:_identify(src/ros2_so_arm100) by extension 'ignore'
[0.142s] Level 1:colcon.colcon_core.package_identification:_identify(src/ros2_so_arm100) by extension 'ignore_ament_install'
[0.142s] Level 1:colcon.colcon_core.package_identification:_identify(src/ros2_so_arm100) by extensions ['colcon_pkg']
[0.142s] Level 1:colcon.colcon_core.package_identification:_identify(src/ros2_so_arm100) by extension 'colcon_pkg'
[0.142s] Level 1:colcon.colcon_core.package_identification:_identify(src/ros2_so_arm100) by extensions ['colcon_meta']
[0.142s] Level 1:colcon.colcon_core.package_identification:_identify(src/ros2_so_arm100) by extension 'colcon_meta'
[0.142s] Level 1:colcon.colcon_core.package_identification:_identify(src/ros2_so_arm100) by extensions ['ros']
[0.143s] Level 1:colcon.colcon_core.package_identification:_identify(src/ros2_so_arm100) by extension 'ros'
[0.143s] Level 1:colcon.colcon_core.package_identification:_identify(src/ros2_so_arm100) by extensions ['cmake', 'python']
[0.143s] Level 1:colcon.colcon_core.package_identification:_identify(src/ros2_so_arm100) by extension 'cmake'
[0.143s] Level 1:colcon.colcon_core.package_identification:_identify(src/ros2_so_arm100) by extension 'python'
[0.143s] Level 1:colcon.colcon_core.package_identification:_identify(src/ros2_so_arm100) by extensions ['python_setup_py']
[0.143s] Level 1:colcon.colcon_core.package_identification:_identify(src/ros2_so_arm100) by extension 'python_setup_py'
[0.143s] Level 1:colcon.colcon_core.package_identification:_identify(src/ros2_so_arm100/so_arm100_description) by extensions ['ignore', 'ignore_ament_install']
[0.143s] Level 1:colcon.colcon_core.package_identification:_identify(src/ros2_so_arm100/so_arm100_description) by extension 'ignore'
[0.143s] Level 1:colcon.colcon_core.package_identification:_identify(src/ros2_so_arm100/so_arm100_description) by extension 'ignore_ament_install'
[0.143s] Level 1:colcon.colcon_core.package_identification:_identify(src/ros2_so_arm100/so_arm100_description) by extensions ['colcon_pkg']
[0.143s] Level 1:colcon.colcon_core.package_identification:_identify(src/ros2_so_arm100/so_arm100_description) by extension 'colcon_pkg'
[0.143s] Level 1:colcon.colcon_core.package_identification:_identify(src/ros2_so_arm100/so_arm100_description) by extensions ['colcon_meta']
[0.143s] Level 1:colcon.colcon_core.package_identification:_identify(src/ros2_so_arm100/so_arm100_description) by extension 'colcon_meta'
[0.143s] Level 1:colcon.colcon_core.package_identification:_identify(src/ros2_so_arm100/so_arm100_description) by extensions ['ros']
[0.143s] Level 1:colcon.colcon_core.package_identification:_identify(src/ros2_so_arm100/so_arm100_description) by extension 'ros'
[0.144s] DEBUG:colcon.colcon_core.package_identification:Package 'src/ros2_so_arm100/so_arm100_description' with type 'ros.ament_cmake' and name 'so_arm100_description'
[0.144s] Level 1:colcon.colcon_core.package_identification:_identify(src/ros2_so_arm100/so_arm100_moveit_config) by extensions ['ignore', 'ignore_ament_install']
[0.144s] Level 1:colcon.colcon_core.package_identification:_identify(src/ros2_so_arm100/so_arm100_moveit_config) by extension 'ignore'
[0.144s] Level 1:colcon.colcon_core.package_identification:_identify(src/ros2_so_arm100/so_arm100_moveit_config) by extension 'ignore_ament_install'
[0.144s] Level 1:colcon.colcon_core.package_identification:_identify(src/ros2_so_arm100/so_arm100_moveit_config) by extensions ['colcon_pkg']
[0.144s] Level 1:colcon.colcon_core.package_identification:_identify(src/ros2_so_arm100/so_arm100_moveit_config) by extension 'colcon_pkg'
[0.144s] Level 1:colcon.colcon_core.package_identification:_identify(src/ros2_so_arm100/so_arm100_moveit_config) by extensions ['colcon_meta']
[0.144s] Level 1:colcon.colcon_core.package_identification:_identify(src/ros2_so_arm100/so_arm100_moveit_config) by extension 'colcon_meta'
[0.144s] Level 1:colcon.colcon_core.package_identification:_identify(src/ros2_so_arm100/so_arm100_moveit_config) by extensions ['ros']
[0.144s] Level 1:colcon.colcon_core.package_identification:_identify(src/ros2_so_arm100/so_arm100_moveit_config) by extension 'ros'
[0.145s] DEBUG:colcon.colcon_core.package_identification:Package 'src/ros2_so_arm100/so_arm100_moveit_config' with type 'ros.ament_cmake' and name 'so_arm100_moveit_config'
[0.145s] Level 1:colcon.colcon_core.package_identification:_identify(src/ros2_so_arm100/so_arm101_description) by extensions ['ignore', 'ignore_ament_install']
[0.145s] Level 1:colcon.colcon_core.package_identification:_identify(src/ros2_so_arm100/so_arm101_description) by extension 'ignore'
[0.145s] Level 1:colcon.colcon_core.package_identification:_identify(src/ros2_so_arm100/so_arm101_description) by extension 'ignore_ament_install'
[0.145s] Level 1:colcon.colcon_core.package_identification:_identify(src/ros2_so_arm100/so_arm101_description) by extensions ['colcon_pkg']
[0.145s] Level 1:colcon.colcon_core.package_identification:_identify(src/ros2_so_arm100/so_arm101_description) by extension 'colcon_pkg'
[0.145s] Level 1:colcon.colcon_core.package_identification:_identify(src/ros2_so_arm100/so_arm101_description) by extensions ['colcon_meta']
[0.145s] Level 1:colcon.colcon_core.package_identification:_identify(src/ros2_so_arm100/so_arm101_description) by extension 'colcon_meta'
[0.145s] Level 1:colcon.colcon_core.package_identification:_identify(src/ros2_so_arm100/so_arm101_description) by extensions ['ros']
[0.145s] Level 1:colcon.colcon_core.package_identification:_identify(src/ros2_so_arm100/so_arm101_description) by extension 'ros'
[0.146s] DEBUG:colcon.colcon_core.package_identification:Package 'src/ros2_so_arm100/so_arm101_description' with type 'ros.ament_cmake' and name 'so_arm101_description'
[0.146s] Level 1:colcon.colcon_core.package_identification:_identify(src/ros2_so_arm100/so_arm101_moveit_config) by extensions ['ignore', 'ignore_ament_install']
[0.146s] Level 1:colcon.colcon_core.package_identification:_identify(src/ros2_so_arm100/so_arm101_moveit_config) by extension 'ignore'
[0.146s] Level 1:colcon.colcon_core.package_identification:_identify(src/ros2_so_arm100/so_arm101_moveit_config) by extension 'ignore_ament_install'
[0.146s] Level 1:colcon.colcon_core.package_identification:_identify(src/ros2_so_arm100/so_arm101_moveit_config) by extensions ['colcon_pkg']
[0.146s] Level 1:colcon.colcon_core.package_identification:_identify(src/ros2_so_arm100/so_arm101_moveit_config) by extension 'colcon_pkg'
[0.146s] Level 1:colcon.colcon_core.package_identification:_identify(src/ros2_so_arm100/so_arm101_moveit_config) by extensions ['colcon_meta']
[0.146s] Level 1:colcon.colcon_core.package_identification:_identify(src/ros2_so_arm100/so_arm101_moveit_config) by extension 'colcon_meta'
[0.146s] Level 1:colcon.colcon_core.package_identification:_identify(src/ros2_so_arm100/so_arm101_moveit_config) by extensions ['ros']
[0.146s] Level 1:colcon.colcon_core.package_identification:_identify(src/ros2_so_arm100/so_arm101_moveit_config) by extension 'ros'
[0.147s] DEBUG:colcon.colcon_core.package_identification:Package 'src/ros2_so_arm100/so_arm101_moveit_config' with type 'ros.ament_cmake' and name 'so_arm101_moveit_config'
[0.147s] Level 1:colcon.colcon_core.package_identification:_identify(src/ros2_so_arm100/so_arm_gz) by extensions ['ignore', 'ignore_ament_install']
[0.147s] Level 1:colcon.colcon_core.package_identification:_identify(src/ros2_so_arm100/so_arm_gz) by extension 'ignore'
[0.147s] Level 1:colcon.colcon_core.package_identification:_identify(src/ros2_so_arm100/so_arm_gz) by extension 'ignore_ament_install'
[0.147s] Level 1:colcon.colcon_core.package_identification:_identify(src/ros2_so_arm100/so_arm_gz) by extensions ['colcon_pkg']
[0.147s] Level 1:colcon.colcon_core.package_identification:_identify(src/ros2_so_arm100/so_arm_gz) by extension 'colcon_pkg'
[0.147s] Level 1:colcon.colcon_core.package_identification:_identify(src/ros2_so_arm100/so_arm_gz) by extensions ['colcon_meta']
[0.147s] Level 1:colcon.colcon_core.package_identification:_identify(src/ros2_so_arm100/so_arm_gz) by extension 'colcon_meta'
[0.147s] Level 1:colcon.colcon_core.package_identification:_identify(src/ros2_so_arm100/so_arm_gz) by extensions ['ros']
[0.147s] Level 1:colcon.colcon_core.package_identification:_identify(src/ros2_so_arm100/so_arm_gz) by extension 'ros'
[0.148s] DEBUG:colcon.colcon_core.package_identification:Package 'src/ros2_so_arm100/so_arm_gz' with type 'ros.ament_cmake' and name 'so_arm_gz'
[0.148s] Level 1:colcon.colcon_core.package_identification:_identify(src/ros2_so_arm100/so_arm_utils) by extensions ['ignore', 'ignore_ament_install']
[0.148s] Level 1:colcon.colcon_core.package_identification:_identify(src/ros2_so_arm100/so_arm_utils) by extension 'ignore'
[0.148s] Level 1:colcon.colcon_core.package_identification:_identify(src/ros2_so_arm100/so_arm_utils) by extension 'ignore_ament_install'
[0.148s] Level 1:colcon.colcon_core.package_identification:_identify(src/ros2_so_arm100/so_arm_utils) by extensions ['colcon_pkg']
[0.148s] Level 1:colcon.colcon_core.package_identification:_identify(src/ros2_so_arm100/so_arm_utils) by extension 'colcon_pkg'
[0.148s] Level 1:colcon.colcon_core.package_identification:_identify(src/ros2_so_arm100/so_arm_utils) by extensions ['colcon_meta']
[0.148s] Level 1:colcon.colcon_core.package_identification:_identify(src/ros2_so_arm100/so_arm_utils) by extension 'colcon_meta'
[0.148s] Level 1:colcon.colcon_core.package_identification:_identify(src/ros2_so_arm100/so_arm_utils) by extensions ['ros']
[0.148s] Level 1:colcon.colcon_core.package_identification:_identify(src/ros2_so_arm100/so_arm_utils) by extension 'ros'
[0.148s] DEBUG:colcon.colcon_core.package_identification:Package 'src/ros2_so_arm100/so_arm_utils' with type 'ros.ament_cmake' and name 'so_arm_utils'
[0.148s] Level 1:colcon.colcon_core.package_discovery:discover_packages(recursive) using defaults
[0.148s] Level 1:colcon.colcon_core.package_discovery:discover_packages(ignore) discover
[0.149s] Level 1:colcon.colcon_core.package_discovery:discover_packages(ignore) using defaults
[0.149s] Level 1:colcon.colcon_core.package_discovery:discover_packages(path) discover
[0.149s] Level 1:colcon.colcon_core.package_discovery:discover_packages(path) using defaults
[0.164s] Level 1:colcon.colcon_core.package_discovery:discover_packages(prefix_path) check parameters
[0.164s] Level 1:colcon.colcon_core.package_discovery:discover_packages(prefix_path) discover
[0.166s] DEBUG:colcon.colcon_installed_package_information.package_discovery:Found 7 installed packages in /home/remii/Projects/so-arm/install
[0.167s] DEBUG:colcon.colcon_installed_package_information.package_discovery:Found 378 installed packages in /opt/ros/jazzy
[0.169s] Level 1:colcon.colcon_core.package_discovery:discover_packages(prefix_path) using defaults
[0.216s] Level 5:colcon.colcon_core.verb:set package 'feetech_ros2_driver' build argument 'cmake_args' from command line to 'None'
[0.216s] Level 5:colcon.colcon_core.verb:set package 'feetech_ros2_driver' build argument 'cmake_target' from command line to 'None'
[0.216s] Level 5:colcon.colcon_core.verb:set package 'feetech_ros2_driver' build argument 'cmake_target_skip_unavailable' from command line to 'False'
[0.216s] Level 5:colcon.colcon_core.verb:set package 'feetech_ros2_driver' build argument 'cmake_clean_cache' from command line to 'False'
[0.216s] Level 5:colcon.colcon_core.verb:set package 'feetech_ros2_driver' build argument 'cmake_clean_first' from command line to 'False'
[0.216s] Level 5:colcon.colcon_core.verb:set package 'feetech_ros2_driver' build argument 'cmake_force_configure' from command line to 'False'
[0.216s] Level 5:colcon.colcon_core.verb:set package 'feetech_ros2_driver' build argument 'ament_cmake_args' from command line to 'None'
[0.216s] Level 5:colcon.colcon_core.verb:set package 'feetech_ros2_driver' build argument 'catkin_cmake_args' from command line to 'None'
[0.216s] Level 5:colcon.colcon_core.verb:set package 'feetech_ros2_driver' build argument 'catkin_skip_building_tests' from command line to 'False'
[0.216s] DEBUG:colcon.colcon_core.verb:Building package 'feetech_ros2_driver' with the following arguments: {'ament_cmake_args': None, 'build_base': '/home/remii/Projects/so-arm/build/feetech_ros2_driver', 'catkin_cmake_args': None, 'catkin_skip_building_tests': False, 'cmake_args': None, 'cmake_clean_cache': False, 'cmake_clean_first': False, 'cmake_force_configure': False, 'cmake_target': None, 'cmake_target_skip_unavailable': False, 'install_base': '/home/remii/Projects/so-arm/install/feetech_ros2_driver', 'merge_install': False, 'path': '/home/remii/Projects/so-arm/src/feetech_ros2_driver', 'symlink_install': True, 'test_result_base': None}
[0.217s] Level 5:colcon.colcon_core.verb:set package 'so_arm_utils' build argument 'cmake_args' from command line to 'None'
[0.217s] Level 5:colcon.colcon_core.verb:set package 'so_arm_utils' build argument 'cmake_target' from command line to 'None'
[0.217s] Level 5:colcon.colcon_core.verb:set package 'so_arm_utils' build argument 'cmake_target_skip_unavailable' from command line to 'False'
[0.217s] Level 5:colcon.colcon_core.verb:set package 'so_arm_utils' build argument 'cmake_clean_cache' from command line to 'False'
[0.217s] Level 5:colcon.colcon_core.verb:set package 'so_arm_utils' build argument 'cmake_clean_first' from command line to 'False'
[0.217s] Level 5:colcon.colcon_core.verb:set package 'so_arm_utils' build argument 'cmake_force_configure' from command line to 'False'
[0.217s] Level 5:colcon.colcon_core.verb:set package 'so_arm_utils' build argument 'ament_cmake_args' from command line to 'None'
[0.217s] Level 5:colcon.colcon_core.verb:set package 'so_arm_utils' build argument 'catkin_cmake_args' from command line to 'None'
[0.217s] Level 5:colcon.colcon_core.verb:set package 'so_arm_utils' build argument 'catkin_skip_building_tests' from command line to 'False'
[0.217s] DEBUG:colcon.colcon_core.verb:Building package 'so_arm_utils' with the following arguments: {'ament_cmake_args': None, 'build_base': '/home/remii/Projects/so-arm/build/so_arm_utils', 'catkin_cmake_args': None, 'catkin_skip_building_tests': False, 'cmake_args': None, 'cmake_clean_cache': False, 'cmake_clean_first': False, 'cmake_force_configure': False, 'cmake_target': None, 'cmake_target_skip_unavailable': False, 'install_base': '/home/remii/Projects/so-arm/install/so_arm_utils', 'merge_install': False, 'path': '/home/remii/Projects/so-arm/src/ros2_so_arm100/so_arm_utils', 'symlink_install': True, 'test_result_base': None}
[0.217s] Level 5:colcon.colcon_core.verb:set package 'so_arm100_description' build argument 'cmake_args' from command line to 'None'
[0.217s] Level 5:colcon.colcon_core.verb:set package 'so_arm100_description' build argument 'cmake_target' from command line to 'None'
[0.217s] Level 5:colcon.colcon_core.verb:set package 'so_arm100_description' build argument 'cmake_target_skip_unavailable' from command line to 'False'
[0.217s] Level 5:colcon.colcon_core.verb:set package 'so_arm100_description' build argument 'cmake_clean_cache' from command line to 'False'
[0.217s] Level 5:colcon.colcon_core.verb:set package 'so_arm100_description' build argument 'cmake_clean_first' from command line to 'False'
[0.217s] Level 5:colcon.colcon_core.verb:set package 'so_arm100_description' build argument 'cmake_force_configure' from command line to 'False'
[0.217s] Level 5:colcon.colcon_core.verb:set package 'so_arm100_description' build argument 'ament_cmake_args' from command line to 'None'
[0.217s] Level 5:colcon.colcon_core.verb:set package 'so_arm100_description' build argument 'catkin_cmake_args' from command line to 'None'
[0.217s] Level 5:colcon.colcon_core.verb:set package 'so_arm100_description' build argument 'catkin_skip_building_tests' from command line to 'False'
[0.217s] DEBUG:colcon.colcon_core.verb:Building package 'so_arm100_description' with the following arguments: {'ament_cmake_args': None, 'build_base': '/home/remii/Projects/so-arm/build/so_arm100_description', 'catkin_cmake_args': None, 'catkin_skip_building_tests': False, 'cmake_args': None, 'cmake_clean_cache': False, 'cmake_clean_first': False, 'cmake_force_configure': False, 'cmake_target': None, 'cmake_target_skip_unavailable': False, 'install_base': '/home/remii/Projects/so-arm/install/so_arm100_description', 'merge_install': False, 'path': '/home/remii/Projects/so-arm/src/ros2_so_arm100/so_arm100_description', 'symlink_install': True, 'test_result_base': None}
[0.218s] Level 5:colcon.colcon_core.verb:set package 'so_arm101_description' build argument 'cmake_args' from command line to 'None'
[0.218s] Level 5:colcon.colcon_core.verb:set package 'so_arm101_description' build argument 'cmake_target' from command line to 'None'
[0.218s] Level 5:colcon.colcon_core.verb:set package 'so_arm101_description' build argument 'cmake_target_skip_unavailable' from command line to 'False'
[0.218s] Level 5:colcon.colcon_core.verb:set package 'so_arm101_description' build argument 'cmake_clean_cache' from command line to 'False'
[0.218s] Level 5:colcon.colcon_core.verb:set package 'so_arm101_description' build argument 'cmake_clean_first' from command line to 'False'
[0.218s] Level 5:colcon.colcon_core.verb:set package 'so_arm101_description' build argument 'cmake_force_configure' from command line to 'False'
[0.218s] Level 5:colcon.colcon_core.verb:set package 'so_arm101_description' build argument 'ament_cmake_args' from command line to 'None'
[0.218s] Level 5:colcon.colcon_core.verb:set package 'so_arm101_description' build argument 'catkin_cmake_args' from command line to 'None'
[0.218s] Level 5:colcon.colcon_core.verb:set package 'so_arm101_description' build argument 'catkin_skip_building_tests' from command line to 'False'
[0.218s] DEBUG:colcon.colcon_core.verb:Building package 'so_arm101_description' with the following arguments: {'ament_cmake_args': None, 'build_base': '/home/remii/Projects/so-arm/build/so_arm101_description', 'catkin_cmake_args': None, 'catkin_skip_building_tests': False, 'cmake_args': None, 'cmake_clean_cache': False, 'cmake_clean_first': False, 'cmake_force_configure': False, 'cmake_target': None, 'cmake_target_skip_unavailable': False, 'install_base': '/home/remii/Projects/so-arm/install/so_arm101_description', 'merge_install': False, 'path': '/home/remii/Projects/so-arm/src/ros2_so_arm100/so_arm101_description', 'symlink_install': True, 'test_result_base': None}
[0.218s] Level 5:colcon.colcon_core.verb:set package 'so_arm100_moveit_config' build argument 'cmake_args' from command line to 'None'
[0.218s] Level 5:colcon.colcon_core.verb:set package 'so_arm100_moveit_config' build argument 'cmake_target' from command line to 'None'
[0.218s] Level 5:colcon.colcon_core.verb:set package 'so_arm100_moveit_config' build argument 'cmake_target_skip_unavailable' from command line to 'False'
[0.218s] Level 5:colcon.colcon_core.verb:set package 'so_arm100_moveit_config' build argument 'cmake_clean_cache' from command line to 'False'
[0.218s] Level 5:colcon.colcon_core.verb:set package 'so_arm100_moveit_config' build argument 'cmake_clean_first' from command line to 'False'
[0.218s] Level 5:colcon.colcon_core.verb:set package 'so_arm100_moveit_config' build argument 'cmake_force_configure' from command line to 'False'
[0.218s] Level 5:colcon.colcon_core.verb:set package 'so_arm100_moveit_config' build argument 'ament_cmake_args' from command line to 'None'
[0.218s] Level 5:colcon.colcon_core.verb:set package 'so_arm100_moveit_config' build argument 'catkin_cmake_args' from command line to 'None'
[0.218s] Level 5:colcon.colcon_core.verb:set package 'so_arm100_moveit_config' build argument 'catkin_skip_building_tests' from command line to 'False'
[0.218s] DEBUG:colcon.colcon_core.verb:Building package 'so_arm100_moveit_config' with the following arguments: {'ament_cmake_args': None, 'build_base': '/home/remii/Projects/so-arm/build/so_arm100_moveit_config', 'catkin_cmake_args': None, 'catkin_skip_building_tests': False, 'cmake_args': None, 'cmake_clean_cache': False, 'cmake_clean_first': False, 'cmake_force_configure': False, 'cmake_target': None, 'cmake_target_skip_unavailable': False, 'install_base': '/home/remii/Projects/so-arm/install/so_arm100_moveit_config', 'merge_install': False, 'path': '/home/remii/Projects/so-arm/src/ros2_so_arm100/so_arm100_moveit_config', 'symlink_install': True, 'test_result_base': None}
[0.218s] Level 5:colcon.colcon_core.verb:set package 'so_arm101_moveit_config' build argument 'cmake_args' from command line to 'None'
[0.218s] Level 5:colcon.colcon_core.verb:set package 'so_arm101_moveit_config' build argument 'cmake_target' from command line to 'None'
[0.218s] Level 5:colcon.colcon_core.verb:set package 'so_arm101_moveit_config' build argument 'cmake_target_skip_unavailable' from command line to 'False'
[0.218s] Level 5:colcon.colcon_core.verb:set package 'so_arm101_moveit_config' build argument 'cmake_clean_cache' from command line to 'False'
[0.218s] Level 5:colcon.colcon_core.verb:set package 'so_arm101_moveit_config' build argument 'cmake_clean_first' from command line to 'False'
[0.218s] Level 5:colcon.colcon_core.verb:set package 'so_arm101_moveit_config' build argument 'cmake_force_configure' from command line to 'False'
[0.218s] Level 5:colcon.colcon_core.verb:set package 'so_arm101_moveit_config' build argument 'ament_cmake_args' from command line to 'None'
[0.218s] Level 5:colcon.colcon_core.verb:set package 'so_arm101_moveit_config' build argument 'catkin_cmake_args' from command line to 'None'
[0.219s] Level 5:colcon.colcon_core.verb:set package 'so_arm101_moveit_config' build argument 'catkin_skip_building_tests' from command line to 'False'
[0.219s] DEBUG:colcon.colcon_core.verb:Building package 'so_arm101_moveit_config' with the following arguments: {'ament_cmake_args': None, 'build_base': '/home/remii/Projects/so-arm/build/so_arm101_moveit_config', 'catkin_cmake_args': None, 'catkin_skip_building_tests': False, 'cmake_args': None, 'cmake_clean_cache': False, 'cmake_clean_first': False, 'cmake_force_configure': False, 'cmake_target': None, 'cmake_target_skip_unavailable': False, 'install_base': '/home/remii/Projects/so-arm/install/so_arm101_moveit_config', 'merge_install': False, 'path': '/home/remii/Projects/so-arm/src/ros2_so_arm100/so_arm101_moveit_config', 'symlink_install': True, 'test_result_base': None}
[0.219s] Level 5:colcon.colcon_core.verb:set package 'so_arm_gz' build argument 'cmake_args' from command line to 'None'
[0.219s] Level 5:colcon.colcon_core.verb:set package 'so_arm_gz' build argument 'cmake_target' from command line to 'None'
[0.219s] Level 5:colcon.colcon_core.verb:set package 'so_arm_gz' build argument 'cmake_target_skip_unavailable' from command line to 'False'
[0.219s] Level 5:colcon.colcon_core.verb:set package 'so_arm_gz' build argument 'cmake_clean_cache' from command line to 'False'
[0.219s] Level 5:colcon.colcon_core.verb:set package 'so_arm_gz' build argument 'cmake_clean_first' from command line to 'False'
[0.219s] Level 5:colcon.colcon_core.verb:set package 'so_arm_gz' build argument 'cmake_force_configure' from command line to 'False'
[0.219s] Level 5:colcon.colcon_core.verb:set package 'so_arm_gz' build argument 'ament_cmake_args' from command line to 'None'
[0.219s] Level 5:colcon.colcon_core.verb:set package 'so_arm_gz' build argument 'catkin_cmake_args' from command line to 'None'
[0.219s] Level 5:colcon.colcon_core.verb:set package 'so_arm_gz' build argument 'catkin_skip_building_tests' from command line to 'False'
[0.219s] DEBUG:colcon.colcon_core.verb:Building package 'so_arm_gz' with the following arguments: {'ament_cmake_args': None, 'build_base': '/home/remii/Projects/so-arm/build/so_arm_gz', 'catkin_cmake_args': None, 'catkin_skip_building_tests': False, 'cmake_args': None, 'cmake_clean_cache': False, 'cmake_clean_first': False, 'cmake_force_configure': False, 'cmake_target': None, 'cmake_target_skip_unavailable': False, 'install_base': '/home/remii/Projects/so-arm/install/so_arm_gz', 'merge_install': False, 'path': '/home/remii/Projects/so-arm/src/ros2_so_arm100/so_arm_gz', 'symlink_install': True, 'test_result_base': None}
[0.219s] INFO:colcon.colcon_core.executor:Executing jobs using 'parallel' executor
[0.220s] DEBUG:colcon.colcon_parallel_executor.executor.parallel:run_until_complete
[0.220s] INFO:colcon.colcon_ros.task.ament_cmake.build:Building ROS package in '/home/remii/Projects/so-arm/src/feetech_ros2_driver' with build type 'ament_cmake'
[0.220s] INFO:colcon.colcon_cmake.task.cmake.build:Building CMake package in '/home/remii/Projects/so-arm/src/feetech_ros2_driver'
[0.222s] INFO:colcon.colcon_core.plugin_system:Skipping extension 'colcon_core.shell.bat': Not used on non-Windows systems
[0.222s] INFO:colcon.colcon_core.shell:Skip shell extension 'powershell' for command environment: Not usable outside of PowerShell
[0.222s] DEBUG:colcon.colcon_core.shell:Skip shell extension 'dsv' for command environment
[0.225s] INFO:colcon.colcon_ros.task.ament_cmake.build:Building ROS package in '/home/remii/Projects/so-arm/src/ros2_so_arm100/so_arm_utils' with build type 'ament_cmake'
[0.226s] INFO:colcon.colcon_cmake.task.cmake.build:Building CMake package in '/home/remii/Projects/so-arm/src/ros2_so_arm100/so_arm_utils'
[0.226s] INFO:colcon.colcon_core.shell:Skip shell extension 'powershell' for command environment: Not usable outside of PowerShell
[0.226s] DEBUG:colcon.colcon_core.shell:Skip shell extension 'dsv' for command environment
[0.232s] DEBUG:colcon.colcon_core.event_handler.log_command:Invoking command in '/home/remii/Projects/so-arm/build/feetech_ros2_driver': CMAKE_PREFIX_PATH=${CMAKE_PREFIX_PATH}:/opt/ros/jazzy DEBUGINFOD_URLS=https://debuginfod.ubuntu.com /usr/bin/cmake --build /home/remii/Projects/so-arm/build/feetech_ros2_driver -- -j8 -l8
[0.235s] DEBUG:colcon.colcon_core.event_handler.log_command:Invoking command in '/home/remii/Projects/so-arm/build/so_arm_utils': CMAKE_PREFIX_PATH=${CMAKE_PREFIX_PATH}:/opt/ros/jazzy DEBUGINFOD_URLS=https://debuginfod.ubuntu.com /usr/bin/cmake --build /home/remii/Projects/so-arm/build/so_arm_utils -- -j8 -l8
[0.323s] DEBUG:colcon.colcon_core.event_handler.log_command:Invoked command in '/home/remii/Projects/so-arm/build/feetech_ros2_driver' returned '0': CMAKE_PREFIX_PATH=${CMAKE_PREFIX_PATH}:/opt/ros/jazzy DEBUGINFOD_URLS=https://debuginfod.ubuntu.com /usr/bin/cmake --build /home/remii/Projects/so-arm/build/feetech_ros2_driver -- -j8 -l8
[0.330s] DEBUG:colcon.colcon_core.event_handler.log_command:Invoking command in '/home/remii/Projects/so-arm/build/feetech_ros2_driver': CMAKE_PREFIX_PATH=${CMAKE_PREFIX_PATH}:/opt/ros/jazzy DEBUGINFOD_URLS=https://debuginfod.ubuntu.com /usr/bin/cmake --install /home/remii/Projects/so-arm/build/feetech_ros2_driver
[0.348s] Level 1:colcon.colcon_core.environment:create_environment_scripts_only(feetech_ros2_driver)
[0.349s] DEBUG:colcon.colcon_core.event_handler.log_command:Invoked command in '/home/remii/Projects/so-arm/build/feetech_ros2_driver' returned '0': CMAKE_PREFIX_PATH=${CMAKE_PREFIX_PATH}:/opt/ros/jazzy DEBUGINFOD_URLS=https://debuginfod.ubuntu.com /usr/bin/cmake --install /home/remii/Projects/so-arm/build/feetech_ros2_driver
[0.350s] Level 1:colcon.colcon_core.environment:checking '/home/remii/Projects/so-arm/install/feetech_ros2_driver' for CMake module files
[0.351s] Level 1:colcon.colcon_core.environment:checking '/home/remii/Projects/so-arm/install/feetech_ros2_driver' for CMake config files
[0.351s] Level 1:colcon.colcon_core.shell:create_environment_hook('feetech_ros2_driver', 'cmake_prefix_path')
[0.351s] INFO:colcon.colcon_core.shell:Creating environment hook '/home/remii/Projects/so-arm/install/feetech_ros2_driver/share/feetech_ros2_driver/hook/cmake_prefix_path.ps1'
[0.351s] INFO:colcon.colcon_core.shell:Creating environment descriptor '/home/remii/Projects/so-arm/install/feetech_ros2_driver/share/feetech_ros2_driver/hook/cmake_prefix_path.dsv'
[0.352s] INFO:colcon.colcon_core.shell:Creating environment hook '/home/remii/Projects/so-arm/install/feetech_ros2_driver/share/feetech_ros2_driver/hook/cmake_prefix_path.sh'
[0.352s] Level 1:colcon.colcon_core.environment:checking '/home/remii/Projects/so-arm/install/feetech_ros2_driver/lib'
[0.353s] Level 1:colcon.colcon_core.shell:create_environment_hook('feetech_ros2_driver', 'ld_library_path_lib')
[0.353s] INFO:colcon.colcon_core.shell:Creating environment hook '/home/remii/Projects/so-arm/install/feetech_ros2_driver/share/feetech_ros2_driver/hook/ld_library_path_lib.ps1'
[0.353s] INFO:colcon.colcon_core.shell:Creating environment descriptor '/home/remii/Projects/so-arm/install/feetech_ros2_driver/share/feetech_ros2_driver/hook/ld_library_path_lib.dsv'
[0.353s] INFO:colcon.colcon_core.shell:Creating environment hook '/home/remii/Projects/so-arm/install/feetech_ros2_driver/share/feetech_ros2_driver/hook/ld_library_path_lib.sh'
[0.354s] Level 1:colcon.colcon_core.environment:checking '/home/remii/Projects/so-arm/install/feetech_ros2_driver/bin'
[0.354s] Level 1:colcon.colcon_core.shell:create_environment_hook('feetech_ros2_driver', 'path')
[0.354s] INFO:colcon.colcon_core.shell:Creating environment hook '/home/remii/Projects/so-arm/install/feetech_ros2_driver/share/feetech_ros2_driver/hook/path.ps1'
[0.354s] INFO:colcon.colcon_core.shell:Creating environment descriptor '/home/remii/Projects/so-arm/install/feetech_ros2_driver/share/feetech_ros2_driver/hook/path.dsv'
[0.354s] INFO:colcon.colcon_core.shell:Creating environment hook '/home/remii/Projects/so-arm/install/feetech_ros2_driver/share/feetech_ros2_driver/hook/path.sh'
[0.355s] Level 1:colcon.colcon_core.environment:checking '/home/remii/Projects/so-arm/install/feetech_ros2_driver/lib/pkgconfig/feetech_ros2_driver.pc'
[0.355s] Level 1:colcon.colcon_core.environment:checking '/home/remii/Projects/so-arm/install/feetech_ros2_driver/lib/python3.12/site-packages'
[0.355s] Level 1:colcon.colcon_core.environment:checking '/home/remii/Projects/so-arm/install/feetech_ros2_driver/bin'
[0.355s] Level 1:colcon.colcon_core.shell:create_environment_hook('feetech_ros2_driver', 'pythonscriptspath')
[0.356s] INFO:colcon.colcon_core.shell:Creating environment hook '/home/remii/Projects/so-arm/install/feetech_ros2_driver/share/feetech_ros2_driver/hook/pythonscriptspath.ps1'
[0.356s] INFO:colcon.colcon_core.shell:Creating environment descriptor '/home/remii/Projects/so-arm/install/feetech_ros2_driver/share/feetech_ros2_driver/hook/pythonscriptspath.dsv'
[0.356s] INFO:colcon.colcon_core.shell:Creating environment hook '/home/remii/Projects/so-arm/install/feetech_ros2_driver/share/feetech_ros2_driver/hook/pythonscriptspath.sh'
[0.357s] INFO:colcon.colcon_core.shell:Creating package script '/home/remii/Projects/so-arm/install/feetech_ros2_driver/share/feetech_ros2_driver/package.ps1'
[0.358s] INFO:colcon.colcon_core.shell:Creating package descriptor '/home/remii/Projects/so-arm/install/feetech_ros2_driver/share/feetech_ros2_driver/package.dsv'
[0.358s] INFO:colcon.colcon_core.shell:Creating package script '/home/remii/Projects/so-arm/install/feetech_ros2_driver/share/feetech_ros2_driver/package.sh'
[0.359s] INFO:colcon.colcon_core.shell:Creating package script '/home/remii/Projects/so-arm/install/feetech_ros2_driver/share/feetech_ros2_driver/package.bash'
[0.359s] INFO:colcon.colcon_core.shell:Creating package script '/home/remii/Projects/so-arm/install/feetech_ros2_driver/share/feetech_ros2_driver/package.zsh'
[0.360s] Level 1:colcon.colcon_core.environment:create_file_with_runtime_dependencies(/home/remii/Projects/so-arm/install/feetech_ros2_driver/share/colcon-core/packages/feetech_ros2_driver)
[0.360s] Level 1:colcon.colcon_core.environment:create_environment_scripts_only(feetech_ros2_driver)
[0.360s] Level 1:colcon.colcon_core.environment:checking '/home/remii/Projects/so-arm/install/feetech_ros2_driver' for CMake module files
[0.361s] Level 1:colcon.colcon_core.environment:checking '/home/remii/Projects/so-arm/install/feetech_ros2_driver' for CMake config files
[0.361s] Level 1:colcon.colcon_core.shell:create_environment_hook('feetech_ros2_driver', 'cmake_prefix_path')
[0.361s] INFO:colcon.colcon_core.shell:Creating environment hook '/home/remii/Projects/so-arm/install/feetech_ros2_driver/share/feetech_ros2_driver/hook/cmake_prefix_path.ps1'
[0.361s] INFO:colcon.colcon_core.shell:Creating environment descriptor '/home/remii/Projects/so-arm/install/feetech_ros2_driver/share/feetech_ros2_driver/hook/cmake_prefix_path.dsv'
[0.362s] INFO:colcon.colcon_core.shell:Creating environment hook '/home/remii/Projects/so-arm/install/feetech_ros2_driver/share/feetech_ros2_driver/hook/cmake_prefix_path.sh'
[0.362s] Level 1:colcon.colcon_core.environment:checking '/home/remii/Projects/so-arm/install/feetech_ros2_driver/lib'
[0.362s] Level 1:colcon.colcon_core.shell:create_environment_hook('feetech_ros2_driver', 'ld_library_path_lib')
[0.362s] INFO:colcon.colcon_core.shell:Creating environment hook '/home/remii/Projects/so-arm/install/feetech_ros2_driver/share/feetech_ros2_driver/hook/ld_library_path_lib.ps1'
[0.363s] INFO:colcon.colcon_core.shell:Creating environment descriptor '/home/remii/Projects/so-arm/install/feetech_ros2_driver/share/feetech_ros2_driver/hook/ld_library_path_lib.dsv'
[0.363s] INFO:colcon.colcon_core.shell:Creating environment hook '/home/remii/Projects/so-arm/install/feetech_ros2_driver/share/feetech_ros2_driver/hook/ld_library_path_lib.sh'
[0.363s] Level 1:colcon.colcon_core.environment:checking '/home/remii/Projects/so-arm/install/feetech_ros2_driver/bin'
[0.363s] Level 1:colcon.colcon_core.shell:create_environment_hook('feetech_ros2_driver', 'path')
[0.363s] INFO:colcon.colcon_core.shell:Creating environment hook '/home/remii/Projects/so-arm/install/feetech_ros2_driver/share/feetech_ros2_driver/hook/path.ps1'
[0.364s] INFO:colcon.colcon_core.shell:Creating environment descriptor '/home/remii/Projects/so-arm/install/feetech_ros2_driver/share/feetech_ros2_driver/hook/path.dsv'
[0.364s] INFO:colcon.colcon_core.shell:Creating environment hook '/home/remii/Projects/so-arm/install/feetech_ros2_driver/share/feetech_ros2_driver/hook/path.sh'
[0.364s] Level 1:colcon.colcon_core.environment:checking '/home/remii/Projects/so-arm/install/feetech_ros2_driver/lib/pkgconfig/feetech_ros2_driver.pc'
[0.365s] Level 1:colcon.colcon_core.environment:checking '/home/remii/Projects/so-arm/install/feetech_ros2_driver/lib/python3.12/site-packages'
[0.365s] Level 1:colcon.colcon_core.environment:checking '/home/remii/Projects/so-arm/install/feetech_ros2_driver/bin'
[0.365s] Level 1:colcon.colcon_core.shell:create_environment_hook('feetech_ros2_driver', 'pythonscriptspath')
[0.365s] INFO:colcon.colcon_core.shell:Creating environment hook '/home/remii/Projects/so-arm/install/feetech_ros2_driver/share/feetech_ros2_driver/hook/pythonscriptspath.ps1'
[0.365s] INFO:colcon.colcon_core.shell:Creating environment descriptor '/home/remii/Projects/so-arm/install/feetech_ros2_driver/share/feetech_ros2_driver/hook/pythonscriptspath.dsv'
[0.366s] INFO:colcon.colcon_core.shell:Creating environment hook '/home/remii/Projects/so-arm/install/feetech_ros2_driver/share/feetech_ros2_driver/hook/pythonscriptspath.sh'
[0.366s] INFO:colcon.colcon_core.shell:Creating package script '/home/remii/Projects/so-arm/install/feetech_ros2_driver/share/feetech_ros2_driver/package.ps1'
[0.367s] INFO:colcon.colcon_core.shell:Creating package descriptor '/home/remii/Projects/so-arm/install/feetech_ros2_driver/share/feetech_ros2_driver/package.dsv'
[0.367s] INFO:colcon.colcon_core.shell:Creating package script '/home/remii/Projects/so-arm/install/feetech_ros2_driver/share/feetech_ros2_driver/package.sh'
[0.368s] INFO:colcon.colcon_core.shell:Creating package script '/home/remii/Projects/so-arm/install/feetech_ros2_driver/share/feetech_ros2_driver/package.bash'
[0.368s] INFO:colcon.colcon_core.shell:Creating package script '/home/remii/Projects/so-arm/install/feetech_ros2_driver/share/feetech_ros2_driver/package.zsh'
[0.368s] Level 1:colcon.colcon_core.environment:create_file_with_runtime_dependencies(/home/remii/Projects/so-arm/install/feetech_ros2_driver/share/colcon-core/packages/feetech_ros2_driver)
[0.716s] DEBUG:colcon.colcon_core.event_handler.log_command:Invoked command in '/home/remii/Projects/so-arm/build/so_arm_utils' returned '0': CMAKE_PREFIX_PATH=${CMAKE_PREFIX_PATH}:/opt/ros/jazzy DEBUGINFOD_URLS=https://debuginfod.ubuntu.com /usr/bin/cmake --build /home/remii/Projects/so-arm/build/so_arm_utils -- -j8 -l8
[0.717s] DEBUG:colcon.colcon_core.event_handler.log_command:Invoking command in '/home/remii/Projects/so-arm/build/so_arm_utils': CMAKE_PREFIX_PATH=${CMAKE_PREFIX_PATH}:/opt/ros/jazzy DEBUGINFOD_URLS=https://debuginfod.ubuntu.com /usr/bin/cmake --install /home/remii/Projects/so-arm/build/so_arm_utils
[0.766s] Level 1:colcon.colcon_core.environment:create_environment_scripts_only(so_arm_utils)
[0.766s] Level 1:colcon.colcon_core.environment:checking '/home/remii/Projects/so-arm/install/so_arm_utils' for CMake module files
[0.767s] DEBUG:colcon.colcon_core.event_handler.log_command:Invoked command in '/home/remii/Projects/so-arm/build/so_arm_utils' returned '0': CMAKE_PREFIX_PATH=${CMAKE_PREFIX_PATH}:/opt/ros/jazzy DEBUGINFOD_URLS=https://debuginfod.ubuntu.com /usr/bin/cmake --install /home/remii/Projects/so-arm/build/so_arm_utils
[0.767s] Level 1:colcon.colcon_core.environment:checking '/home/remii/Projects/so-arm/install/so_arm_utils' for CMake config files
[0.767s] Level 1:colcon.colcon_core.shell:create_environment_hook('so_arm_utils', 'cmake_prefix_path')
[0.768s] INFO:colcon.colcon_core.shell:Creating environment hook '/home/remii/Projects/so-arm/install/so_arm_utils/share/so_arm_utils/hook/cmake_prefix_path.ps1'
[0.768s] INFO:colcon.colcon_core.shell:Creating environment descriptor '/home/remii/Projects/so-arm/install/so_arm_utils/share/so_arm_utils/hook/cmake_prefix_path.dsv'
[0.768s] INFO:colcon.colcon_core.shell:Creating environment hook '/home/remii/Projects/so-arm/install/so_arm_utils/share/so_arm_utils/hook/cmake_prefix_path.sh'
[0.769s] Level 1:colcon.colcon_core.environment:checking '/home/remii/Projects/so-arm/install/so_arm_utils/lib'
[0.769s] Level 1:colcon.colcon_core.environment:checking '/home/remii/Projects/so-arm/install/so_arm_utils/bin'
[0.769s] Level 1:colcon.colcon_core.environment:checking '/home/remii/Projects/so-arm/install/so_arm_utils/lib/pkgconfig/so_arm_utils.pc'
[0.769s] Level 1:colcon.colcon_core.environment:checking '/home/remii/Projects/so-arm/install/so_arm_utils/lib/python3.12/site-packages'
[0.769s] Level 1:colcon.colcon_core.shell:create_environment_hook('so_arm_utils', 'pythonpath')
[0.769s] INFO:colcon.colcon_core.shell:Creating environment hook '/home/remii/Projects/so-arm/install/so_arm_utils/share/so_arm_utils/hook/pythonpath.ps1'
[0.769s] INFO:colcon.colcon_core.shell:Creating environment descriptor '/home/remii/Projects/so-arm/install/so_arm_utils/share/so_arm_utils/hook/pythonpath.dsv'
[0.770s] INFO:colcon.colcon_core.shell:Creating environment hook '/home/remii/Projects/so-arm/install/so_arm_utils/share/so_arm_utils/hook/pythonpath.sh'
[0.770s] Level 1:colcon.colcon_core.environment:checking '/home/remii/Projects/so-arm/install/so_arm_utils/bin'
[0.770s] INFO:colcon.colcon_core.shell:Creating package script '/home/remii/Projects/so-arm/install/so_arm_utils/share/so_arm_utils/package.ps1'
[0.771s] INFO:colcon.colcon_core.shell:Creating package descriptor '/home/remii/Projects/so-arm/install/so_arm_utils/share/so_arm_utils/package.dsv'
[0.771s] INFO:colcon.colcon_core.shell:Creating package script '/home/remii/Projects/so-arm/install/so_arm_utils/share/so_arm_utils/package.sh'
[0.771s] INFO:colcon.colcon_core.shell:Creating package script '/home/remii/Projects/so-arm/install/so_arm_utils/share/so_arm_utils/package.bash'
[0.772s] INFO:colcon.colcon_core.shell:Creating package script '/home/remii/Projects/so-arm/install/so_arm_utils/share/so_arm_utils/package.zsh'
[0.772s] Level 1:colcon.colcon_core.environment:create_file_with_runtime_dependencies(/home/remii/Projects/so-arm/install/so_arm_utils/share/colcon-core/packages/so_arm_utils)
[0.772s] Level 1:colcon.colcon_core.environment:create_environment_scripts_only(so_arm_utils)
[0.772s] Level 1:colcon.colcon_core.environment:checking '/home/remii/Projects/so-arm/install/so_arm_utils' for CMake module files
[0.773s] Level 1:colcon.colcon_core.environment:checking '/home/remii/Projects/so-arm/install/so_arm_utils' for CMake config files
[0.773s] Level 1:colcon.colcon_core.shell:create_environment_hook('so_arm_utils', 'cmake_prefix_path')
[0.773s] INFO:colcon.colcon_core.shell:Creating environment hook '/home/remii/Projects/so-arm/install/so_arm_utils/share/so_arm_utils/hook/cmake_prefix_path.ps1'
[0.774s] INFO:colcon.colcon_core.shell:Creating environment descriptor '/home/remii/Projects/so-arm/install/so_arm_utils/share/so_arm_utils/hook/cmake_prefix_path.dsv'
[0.774s] INFO:colcon.colcon_core.shell:Creating environment hook '/home/remii/Projects/so-arm/install/so_arm_utils/share/so_arm_utils/hook/cmake_prefix_path.sh'
[0.774s] Level 1:colcon.colcon_core.environment:checking '/home/remii/Projects/so-arm/install/so_arm_utils/lib'
[0.774s] Level 1:colcon.colcon_core.environment:checking '/home/remii/Projects/so-arm/install/so_arm_utils/bin'
[0.774s] Level 1:colcon.colcon_core.environment:checking '/home/remii/Projects/so-arm/install/so_arm_utils/lib/pkgconfig/so_arm_utils.pc'
[0.775s] Level 1:colcon.colcon_core.environment:checking '/home/remii/Projects/so-arm/install/so_arm_utils/lib/python3.12/site-packages'
[0.775s] Level 1:colcon.colcon_core.shell:create_environment_hook('so_arm_utils', 'pythonpath')
[0.775s] INFO:colcon.colcon_core.shell:Creating environment hook '/home/remii/Projects/so-arm/install/so_arm_utils/share/so_arm_utils/hook/pythonpath.ps1'
[0.775s] INFO:colcon.colcon_core.shell:Creating environment descriptor '/home/remii/Projects/so-arm/install/so_arm_utils/share/so_arm_utils/hook/pythonpath.dsv'
[0.775s] INFO:colcon.colcon_core.shell:Creating environment hook '/home/remii/Projects/so-arm/install/so_arm_utils/share/so_arm_utils/hook/pythonpath.sh'
[0.776s] Level 1:colcon.colcon_core.environment:checking '/home/remii/Projects/so-arm/install/so_arm_utils/bin'
[0.776s] INFO:colcon.colcon_core.shell:Creating package script '/home/remii/Projects/so-arm/install/so_arm_utils/share/so_arm_utils/package.ps1'
[0.776s] INFO:colcon.colcon_core.shell:Creating package descriptor '/home/remii/Projects/so-arm/install/so_arm_utils/share/so_arm_utils/package.dsv'
[0.777s] INFO:colcon.colcon_core.shell:Creating package script '/home/remii/Projects/so-arm/install/so_arm_utils/share/so_arm_utils/package.sh'
[0.777s] INFO:colcon.colcon_core.shell:Creating package script '/home/remii/Projects/so-arm/install/so_arm_utils/share/so_arm_utils/package.bash'
[0.777s] INFO:colcon.colcon_core.shell:Creating package script '/home/remii/Projects/so-arm/install/so_arm_utils/share/so_arm_utils/package.zsh'
[0.778s] Level 1:colcon.colcon_core.environment:create_file_with_runtime_dependencies(/home/remii/Projects/so-arm/install/so_arm_utils/share/colcon-core/packages/so_arm_utils)
[0.778s] INFO:colcon.colcon_ros.task.ament_cmake.build:Building ROS package in '/home/remii/Projects/so-arm/src/ros2_so_arm100/so_arm100_description' with build type 'ament_cmake'
[0.778s] INFO:colcon.colcon_cmake.task.cmake.build:Building CMake package in '/home/remii/Projects/so-arm/src/ros2_so_arm100/so_arm100_description'
[0.778s] INFO:colcon.colcon_core.shell:Skip shell extension 'powershell' for command environment: Not usable outside of PowerShell
[0.778s] DEBUG:colcon.colcon_core.shell:Skip shell extension 'dsv' for command environment
[0.782s] INFO:colcon.colcon_ros.task.ament_cmake.build:Building ROS package in '/home/remii/Projects/so-arm/src/ros2_so_arm100/so_arm101_description' with build type 'ament_cmake'
[0.782s] INFO:colcon.colcon_cmake.task.cmake.build:Building CMake package in '/home/remii/Projects/so-arm/src/ros2_so_arm100/so_arm101_description'
[0.782s] INFO:colcon.colcon_core.shell:Skip shell extension 'powershell' for command environment: Not usable outside of PowerShell
[0.782s] DEBUG:colcon.colcon_core.shell:Skip shell extension 'dsv' for command environment
[0.787s] DEBUG:colcon.colcon_core.event_handler.log_command:Invoking command in '/home/remii/Projects/so-arm/build/so_arm100_description': CMAKE_PREFIX_PATH=/home/remii/Projects/so-arm/install/so_arm_utils:/home/remii/Projects/so-arm/install/feetech_ros2_driver:/home/remii/Projects/so-arm/install/so_arm_gz:/home/remii/Projects/so-arm/install/so_arm101_moveit_config:/home/remii/Projects/so-arm/install/so_arm101_description:/home/remii/Projects/so-arm/install/so_arm100_moveit_config:/home/remii/Projects/so-arm/install/so_arm100_description:/opt/ros/jazzy/opt/gz_sim_vendor:/opt/ros/jazzy/opt/gz_sensors_vendor:/opt/ros/jazzy/opt/gz_physics_vendor:/opt/ros/jazzy/opt/sdformat_vendor:/opt/ros/jazzy/opt/gz_gui_vendor:/opt/ros/jazzy/opt/gz_transport_vendor:/opt/ros/jazzy/opt/gz_rendering_vendor:/opt/ros/jazzy/opt/gz_plugin_vendor:/opt/ros/jazzy/opt/gz_fuel_tools_vendor:/opt/ros/jazzy/opt/gz_msgs_vendor:/opt/ros/jazzy/opt/gz_common_vendor:/opt/ros/jazzy/opt/gz_math_vendor:/opt/ros/jazzy/opt/gz_utils_vendor:/opt/ros/jazzy/opt/gz_tools_vendor:/opt/ros/jazzy/opt/gz_ogre_next_vendor:/opt/ros/jazzy/opt/gz_dartsim_vendor:/opt/ros/jazzy/opt/gz_cmake_vendor:/opt/ros/jazzy DEBUGINFOD_URLS=https://debuginfod.ubuntu.com /usr/bin/cmake --build /home/remii/Projects/so-arm/build/so_arm100_description -- -j8 -l8
[0.790s] DEBUG:colcon.colcon_core.event_handler.log_command:Invoking command in '/home/remii/Projects/so-arm/build/so_arm101_description': CMAKE_PREFIX_PATH=/home/remii/Projects/so-arm/install/so_arm_utils:/home/remii/Projects/so-arm/install/feetech_ros2_driver:/home/remii/Projects/so-arm/install/so_arm_gz:/home/remii/Projects/so-arm/install/so_arm101_moveit_config:/home/remii/Projects/so-arm/install/so_arm101_description:/home/remii/Projects/so-arm/install/so_arm100_moveit_config:/home/remii/Projects/so-arm/install/so_arm100_description:/opt/ros/jazzy/opt/gz_sim_vendor:/opt/ros/jazzy/opt/gz_sensors_vendor:/opt/ros/jazzy/opt/gz_physics_vendor:/opt/ros/jazzy/opt/sdformat_vendor:/opt/ros/jazzy/opt/gz_gui_vendor:/opt/ros/jazzy/opt/gz_transport_vendor:/opt/ros/jazzy/opt/gz_rendering_vendor:/opt/ros/jazzy/opt/gz_plugin_vendor:/opt/ros/jazzy/opt/gz_fuel_tools_vendor:/opt/ros/jazzy/opt/gz_msgs_vendor:/opt/ros/jazzy/opt/gz_common_vendor:/opt/ros/jazzy/opt/gz_math_vendor:/opt/ros/jazzy/opt/gz_utils_vendor:/opt/ros/jazzy/opt/gz_tools_vendor:/opt/ros/jazzy/opt/gz_ogre_next_vendor:/opt/ros/jazzy/opt/gz_dartsim_vendor:/opt/ros/jazzy/opt/gz_cmake_vendor:/opt/ros/jazzy DEBUGINFOD_URLS=https://debuginfod.ubuntu.com /usr/bin/cmake --build /home/remii/Projects/so-arm/build/so_arm101_description -- -j8 -l8
[0.814s] DEBUG:colcon.colcon_core.event_handler.log_command:Invoked command in '/home/remii/Projects/so-arm/build/so_arm100_description' returned '0': CMAKE_PREFIX_PATH=/home/remii/Projects/so-arm/install/so_arm_utils:/home/remii/Projects/so-arm/install/feetech_ros2_driver:/home/remii/Projects/so-arm/install/so_arm_gz:/home/remii/Projects/so-arm/install/so_arm101_moveit_config:/home/remii/Projects/so-arm/install/so_arm101_description:/home/remii/Projects/so-arm/install/so_arm100_moveit_config:/home/remii/Projects/so-arm/install/so_arm100_description:/opt/ros/jazzy/opt/gz_sim_vendor:/opt/ros/jazzy/opt/gz_sensors_vendor:/opt/ros/jazzy/opt/gz_physics_vendor:/opt/ros/jazzy/opt/sdformat_vendor:/opt/ros/jazzy/opt/gz_gui_vendor:/opt/ros/jazzy/opt/gz_transport_vendor:/opt/ros/jazzy/opt/gz_rendering_vendor:/opt/ros/jazzy/opt/gz_plugin_vendor:/opt/ros/jazzy/opt/gz_fuel_tools_vendor:/opt/ros/jazzy/opt/gz_msgs_vendor:/opt/ros/jazzy/opt/gz_common_vendor:/opt/ros/jazzy/opt/gz_math_vendor:/opt/ros/jazzy/opt/gz_utils_vendor:/opt/ros/jazzy/opt/gz_tools_vendor:/opt/ros/jazzy/opt/gz_ogre_next_vendor:/opt/ros/jazzy/opt/gz_dartsim_vendor:/opt/ros/jazzy/opt/gz_cmake_vendor:/opt/ros/jazzy DEBUGINFOD_URLS=https://debuginfod.ubuntu.com /usr/bin/cmake --build /home/remii/Projects/so-arm/build/so_arm100_description -- -j8 -l8
[0.814s] DEBUG:colcon.colcon_core.event_handler.log_command:Invoking command in '/home/remii/Projects/so-arm/build/so_arm100_description': CMAKE_PREFIX_PATH=/home/remii/Projects/so-arm/install/so_arm_utils:/home/remii/Projects/so-arm/install/feetech_ros2_driver:/home/remii/Projects/so-arm/install/so_arm_gz:/home/remii/Projects/so-arm/install/so_arm101_moveit_config:/home/remii/Projects/so-arm/install/so_arm101_description:/home/remii/Projects/so-arm/install/so_arm100_moveit_config:/home/remii/Projects/so-arm/install/so_arm100_description:/opt/ros/jazzy/opt/gz_sim_vendor:/opt/ros/jazzy/opt/gz_sensors_vendor:/opt/ros/jazzy/opt/gz_physics_vendor:/opt/ros/jazzy/opt/sdformat_vendor:/opt/ros/jazzy/opt/gz_gui_vendor:/opt/ros/jazzy/opt/gz_transport_vendor:/opt/ros/jazzy/opt/gz_rendering_vendor:/opt/ros/jazzy/opt/gz_plugin_vendor:/opt/ros/jazzy/opt/gz_fuel_tools_vendor:/opt/ros/jazzy/opt/gz_msgs_vendor:/opt/ros/jazzy/opt/gz_common_vendor:/opt/ros/jazzy/opt/gz_math_vendor:/opt/ros/jazzy/opt/gz_utils_vendor:/opt/ros/jazzy/opt/gz_tools_vendor:/opt/ros/jazzy/opt/gz_ogre_next_vendor:/opt/ros/jazzy/opt/gz_dartsim_vendor:/opt/ros/jazzy/opt/gz_cmake_vendor:/opt/ros/jazzy DEBUGINFOD_URLS=https://debuginfod.ubuntu.com /usr/bin/cmake --install /home/remii/Projects/so-arm/build/so_arm100_description
[0.816s] DEBUG:colcon.colcon_core.event_handler.log_command:Invoked command in '/home/remii/Projects/so-arm/build/so_arm101_description' returned '0': CMAKE_PREFIX_PATH=/home/remii/Projects/so-arm/install/so_arm_utils:/home/remii/Projects/so-arm/install/feetech_ros2_driver:/home/remii/Projects/so-arm/install/so_arm_gz:/home/remii/Projects/so-arm/install/so_arm101_moveit_config:/home/remii/Projects/so-arm/install/so_arm101_description:/home/remii/Projects/so-arm/install/so_arm100_moveit_config:/home/remii/Projects/so-arm/install/so_arm100_description:/opt/ros/jazzy/opt/gz_sim_vendor:/opt/ros/jazzy/opt/gz_sensors_vendor:/opt/ros/jazzy/opt/gz_physics_vendor:/opt/ros/jazzy/opt/sdformat_vendor:/opt/ros/jazzy/opt/gz_gui_vendor:/opt/ros/jazzy/opt/gz_transport_vendor:/opt/ros/jazzy/opt/gz_rendering_vendor:/opt/ros/jazzy/opt/gz_plugin_vendor:/opt/ros/jazzy/opt/gz_fuel_tools_vendor:/opt/ros/jazzy/opt/gz_msgs_vendor:/opt/ros/jazzy/opt/gz_common_vendor:/opt/ros/jazzy/opt/gz_math_vendor:/opt/ros/jazzy/opt/gz_utils_vendor:/opt/ros/jazzy/opt/gz_tools_vendor:/opt/ros/jazzy/opt/gz_ogre_next_vendor:/opt/ros/jazzy/opt/gz_dartsim_vendor:/opt/ros/jazzy/opt/gz_cmake_vendor:/opt/ros/jazzy DEBUGINFOD_URLS=https://debuginfod.ubuntu.com /usr/bin/cmake --build /home/remii/Projects/so-arm/build/so_arm101_description -- -j8 -l8
[0.817s] DEBUG:colcon.colcon_core.event_handler.log_command:Invoking command in '/home/remii/Projects/so-arm/build/so_arm101_description': CMAKE_PREFIX_PATH=/home/remii/Projects/so-arm/install/so_arm_utils:/home/remii/Projects/so-arm/install/feetech_ros2_driver:/home/remii/Projects/so-arm/install/so_arm_gz:/home/remii/Projects/so-arm/install/so_arm101_moveit_config:/home/remii/Projects/so-arm/install/so_arm101_description:/home/remii/Projects/so-arm/install/so_arm100_moveit_config:/home/remii/Projects/so-arm/install/so_arm100_description:/opt/ros/jazzy/opt/gz_sim_vendor:/opt/ros/jazzy/opt/gz_sensors_vendor:/opt/ros/jazzy/opt/gz_physics_vendor:/opt/ros/jazzy/opt/sdformat_vendor:/opt/ros/jazzy/opt/gz_gui_vendor:/opt/ros/jazzy/opt/gz_transport_vendor:/opt/ros/jazzy/opt/gz_rendering_vendor:/opt/ros/jazzy/opt/gz_plugin_vendor:/opt/ros/jazzy/opt/gz_fuel_tools_vendor:/opt/ros/jazzy/opt/gz_msgs_vendor:/opt/ros/jazzy/opt/gz_common_vendor:/opt/ros/jazzy/opt/gz_math_vendor:/opt/ros/jazzy/opt/gz_utils_vendor:/opt/ros/jazzy/opt/gz_tools_vendor:/opt/ros/jazzy/opt/gz_ogre_next_vendor:/opt/ros/jazzy/opt/gz_dartsim_vendor:/opt/ros/jazzy/opt/gz_cmake_vendor:/opt/ros/jazzy DEBUGINFOD_URLS=https://debuginfod.ubuntu.com /usr/bin/cmake --install /home/remii/Projects/so-arm/build/so_arm101_description
[0.833s] Level 1:colcon.colcon_core.environment:create_environment_scripts_only(so_arm100_description)
[0.833s] Level 1:colcon.colcon_core.environment:checking '/home/remii/Projects/so-arm/install/so_arm100_description' for CMake module files
[0.834s] DEBUG:colcon.colcon_core.event_handler.log_command:Invoked command in '/home/remii/Projects/so-arm/build/so_arm100_description' returned '0': CMAKE_PREFIX_PATH=/home/remii/Projects/so-arm/install/so_arm_utils:/home/remii/Projects/so-arm/install/feetech_ros2_driver:/home/remii/Projects/so-arm/install/so_arm_gz:/home/remii/Projects/so-arm/install/so_arm101_moveit_config:/home/remii/Projects/so-arm/install/so_arm101_description:/home/remii/Projects/so-arm/install/so_arm100_moveit_config:/home/remii/Projects/so-arm/install/so_arm100_description:/opt/ros/jazzy/opt/gz_sim_vendor:/opt/ros/jazzy/opt/gz_sensors_vendor:/opt/ros/jazzy/opt/gz_physics_vendor:/opt/ros/jazzy/opt/sdformat_vendor:/opt/ros/jazzy/opt/gz_gui_vendor:/opt/ros/jazzy/opt/gz_transport_vendor:/opt/ros/jazzy/opt/gz_rendering_vendor:/opt/ros/jazzy/opt/gz_plugin_vendor:/opt/ros/jazzy/opt/gz_fuel_tools_vendor:/opt/ros/jazzy/opt/gz_msgs_vendor:/opt/ros/jazzy/opt/gz_common_vendor:/opt/ros/jazzy/opt/gz_math_vendor:/opt/ros/jazzy/opt/gz_utils_vendor:/opt/ros/jazzy/opt/gz_tools_vendor:/opt/ros/jazzy/opt/gz_ogre_next_vendor:/opt/ros/jazzy/opt/gz_dartsim_vendor:/opt/ros/jazzy/opt/gz_cmake_vendor:/opt/ros/jazzy DEBUGINFOD_URLS=https://debuginfod.ubuntu.com /usr/bin/cmake --install /home/remii/Projects/so-arm/build/so_arm100_description
[0.834s] Level 1:colcon.colcon_core.environment:checking '/home/remii/Projects/so-arm/install/so_arm100_description' for CMake config files
[0.834s] Level 1:colcon.colcon_core.shell:create_environment_hook('so_arm100_description', 'cmake_prefix_path')
[0.835s] INFO:colcon.colcon_core.shell:Creating environment hook '/home/remii/Projects/so-arm/install/so_arm100_description/share/so_arm100_description/hook/cmake_prefix_path.ps1'
[0.835s] INFO:colcon.colcon_core.shell:Creating environment descriptor '/home/remii/Projects/so-arm/install/so_arm100_description/share/so_arm100_description/hook/cmake_prefix_path.dsv'
[0.835s] INFO:colcon.colcon_core.shell:Creating environment hook '/home/remii/Projects/so-arm/install/so_arm100_description/share/so_arm100_description/hook/cmake_prefix_path.sh'
[0.836s] Level 1:colcon.colcon_core.environment:checking '/home/remii/Projects/so-arm/install/so_arm100_description/bin'
[0.836s] Level 1:colcon.colcon_core.environment:checking '/home/remii/Projects/so-arm/install/so_arm100_description/lib/pkgconfig/so_arm100_description.pc'
[0.836s] Level 1:colcon.colcon_core.environment:checking '/home/remii/Projects/so-arm/install/so_arm100_description/lib/python3.12/site-packages'
[0.836s] Level 1:colcon.colcon_core.environment:checking '/home/remii/Projects/so-arm/install/so_arm100_description/bin'
[0.836s] INFO:colcon.colcon_core.shell:Creating package script '/home/remii/Projects/so-arm/install/so_arm100_description/share/so_arm100_description/package.ps1'
[0.837s] INFO:colcon.colcon_core.shell:Creating package descriptor '/home/remii/Projects/so-arm/install/so_arm100_description/share/so_arm100_description/package.dsv'
[0.837s] INFO:colcon.colcon_core.shell:Creating package script '/home/remii/Projects/so-arm/install/so_arm100_description/share/so_arm100_description/package.sh'
[0.837s] INFO:colcon.colcon_core.shell:Creating package script '/home/remii/Projects/so-arm/install/so_arm100_description/share/so_arm100_description/package.bash'
[0.837s] INFO:colcon.colcon_core.shell:Creating package script '/home/remii/Projects/so-arm/install/so_arm100_description/share/so_arm100_description/package.zsh'
[0.838s] Level 1:colcon.colcon_core.environment:create_file_with_runtime_dependencies(/home/remii/Projects/so-arm/install/so_arm100_description/share/colcon-core/packages/so_arm100_description)
[0.838s] Level 1:colcon.colcon_core.environment:create_environment_scripts_only(so_arm100_description)
[0.838s] Level 1:colcon.colcon_core.environment:checking '/home/remii/Projects/so-arm/install/so_arm100_description' for CMake module files
[0.839s] Level 1:colcon.colcon_core.environment:checking '/home/remii/Projects/so-arm/install/so_arm100_description' for CMake config files
[0.839s] Level 1:colcon.colcon_core.shell:create_environment_hook('so_arm100_description', 'cmake_prefix_path')
[0.839s] INFO:colcon.colcon_core.shell:Creating environment hook '/home/remii/Projects/so-arm/install/so_arm100_description/share/so_arm100_description/hook/cmake_prefix_path.ps1'
[0.839s] INFO:colcon.colcon_core.shell:Creating environment descriptor '/home/remii/Projects/so-arm/install/so_arm100_description/share/so_arm100_description/hook/cmake_prefix_path.dsv'
[0.839s] INFO:colcon.colcon_core.shell:Creating environment hook '/home/remii/Projects/so-arm/install/so_arm100_description/share/so_arm100_description/hook/cmake_prefix_path.sh'
[0.840s] Level 1:colcon.colcon_core.environment:checking '/home/remii/Projects/so-arm/install/so_arm100_description/bin'
[0.840s] Level 1:colcon.colcon_core.environment:checking '/home/remii/Projects/so-arm/install/so_arm100_description/lib/pkgconfig/so_arm100_description.pc'
[0.840s] Level 1:colcon.colcon_core.environment:checking '/home/remii/Projects/so-arm/install/so_arm100_description/lib/python3.12/site-packages'
[0.840s] Level 1:colcon.colcon_core.environment:checking '/home/remii/Projects/so-arm/install/so_arm100_description/bin'
[0.840s] INFO:colcon.colcon_core.shell:Creating package script '/home/remii/Projects/so-arm/install/so_arm100_description/share/so_arm100_description/package.ps1'
[0.841s] INFO:colcon.colcon_core.shell:Creating package descriptor '/home/remii/Projects/so-arm/install/so_arm100_description/share/so_arm100_description/package.dsv'
[0.841s] INFO:colcon.colcon_core.shell:Creating package script '/home/remii/Projects/so-arm/install/so_arm100_description/share/so_arm100_description/package.sh'
[0.842s] INFO:colcon.colcon_core.shell:Creating package script '/home/remii/Projects/so-arm/install/so_arm100_description/share/so_arm100_description/package.bash'
[0.842s] INFO:colcon.colcon_core.shell:Creating package script '/home/remii/Projects/so-arm/install/so_arm100_description/share/so_arm100_description/package.zsh'
[0.842s] Level 1:colcon.colcon_core.environment:create_file_with_runtime_dependencies(/home/remii/Projects/so-arm/install/so_arm100_description/share/colcon-core/packages/so_arm100_description)
[0.842s] INFO:colcon.colcon_ros.task.ament_cmake.build:Building ROS package in '/home/remii/Projects/so-arm/src/ros2_so_arm100/so_arm100_moveit_config' with build type 'ament_cmake'
[0.842s] INFO:colcon.colcon_cmake.task.cmake.build:Building CMake package in '/home/remii/Projects/so-arm/src/ros2_so_arm100/so_arm100_moveit_config'
[0.843s] INFO:colcon.colcon_core.shell:Skip shell extension 'powershell' for command environment: Not usable outside of PowerShell
[0.843s] DEBUG:colcon.colcon_core.shell:Skip shell extension 'dsv' for command environment
[0.846s] Level 1:colcon.colcon_core.environment:create_environment_scripts_only(so_arm101_description)
[0.846s] Level 1:colcon.colcon_core.environment:checking '/home/remii/Projects/so-arm/install/so_arm101_description' for CMake module files
[0.847s] DEBUG:colcon.colcon_core.event_handler.log_command:Invoked command in '/home/remii/Projects/so-arm/build/so_arm101_description' returned '0': CMAKE_PREFIX_PATH=/home/remii/Projects/so-arm/install/so_arm_utils:/home/remii/Projects/so-arm/install/feetech_ros2_driver:/home/remii/Projects/so-arm/install/so_arm_gz:/home/remii/Projects/so-arm/install/so_arm101_moveit_config:/home/remii/Projects/so-arm/install/so_arm101_description:/home/remii/Projects/so-arm/install/so_arm100_moveit_config:/home/remii/Projects/so-arm/install/so_arm100_description:/opt/ros/jazzy/opt/gz_sim_vendor:/opt/ros/jazzy/opt/gz_sensors_vendor:/opt/ros/jazzy/opt/gz_physics_vendor:/opt/ros/jazzy/opt/sdformat_vendor:/opt/ros/jazzy/opt/gz_gui_vendor:/opt/ros/jazzy/opt/gz_transport_vendor:/opt/ros/jazzy/opt/gz_rendering_vendor:/opt/ros/jazzy/opt/gz_plugin_vendor:/opt/ros/jazzy/opt/gz_fuel_tools_vendor:/opt/ros/jazzy/opt/gz_msgs_vendor:/opt/ros/jazzy/opt/gz_common_vendor:/opt/ros/jazzy/opt/gz_math_vendor:/opt/ros/jazzy/opt/gz_utils_vendor:/opt/ros/jazzy/opt/gz_tools_vendor:/opt/ros/jazzy/opt/gz_ogre_next_vendor:/opt/ros/jazzy/opt/gz_dartsim_vendor:/opt/ros/jazzy/opt/gz_cmake_vendor:/opt/ros/jazzy DEBUGINFOD_URLS=https://debuginfod.ubuntu.com /usr/bin/cmake --install /home/remii/Projects/so-arm/build/so_arm101_description
[0.847s] Level 1:colcon.colcon_core.environment:checking '/home/remii/Projects/so-arm/install/so_arm101_description' for CMake config files
[0.847s] Level 1:colcon.colcon_core.shell:create_environment_hook('so_arm101_description', 'cmake_prefix_path')
[0.847s] INFO:colcon.colcon_core.shell:Creating environment hook '/home/remii/Projects/so-arm/install/so_arm101_description/share/so_arm101_description/hook/cmake_prefix_path.ps1'
[0.848s] INFO:colcon.colcon_core.shell:Creating environment descriptor '/home/remii/Projects/so-arm/install/so_arm101_description/share/so_arm101_description/hook/cmake_prefix_path.dsv'
[0.848s] INFO:colcon.colcon_core.shell:Creating environment hook '/home/remii/Projects/so-arm/install/so_arm101_description/share/so_arm101_description/hook/cmake_prefix_path.sh'
[0.848s] Level 1:colcon.colcon_core.environment:checking '/home/remii/Projects/so-arm/install/so_arm101_description/bin'
[0.848s] Level 1:colcon.colcon_core.environment:checking '/home/remii/Projects/so-arm/install/so_arm101_description/lib/pkgconfig/so_arm101_description.pc'
[0.848s] Level 1:colcon.colcon_core.environment:checking '/home/remii/Projects/so-arm/install/so_arm101_description/lib/python3.12/site-packages'
[0.849s] Level 1:colcon.colcon_core.environment:checking '/home/remii/Projects/so-arm/install/so_arm101_description/bin'
[0.849s] INFO:colcon.colcon_core.shell:Creating package script '/home/remii/Projects/so-arm/install/so_arm101_description/share/so_arm101_description/package.ps1'
[0.849s] INFO:colcon.colcon_core.shell:Creating package descriptor '/home/remii/Projects/so-arm/install/so_arm101_description/share/so_arm101_description/package.dsv'
[0.850s] INFO:colcon.colcon_core.shell:Creating package script '/home/remii/Projects/so-arm/install/so_arm101_description/share/so_arm101_description/package.sh'
[0.850s] INFO:colcon.colcon_core.shell:Creating package script '/home/remii/Projects/so-arm/install/so_arm101_description/share/so_arm101_description/package.bash'
[0.850s] INFO:colcon.colcon_core.shell:Creating package script '/home/remii/Projects/so-arm/install/so_arm101_description/share/so_arm101_description/package.zsh'
[0.850s] Level 1:colcon.colcon_core.environment:create_file_with_runtime_dependencies(/home/remii/Projects/so-arm/install/so_arm101_description/share/colcon-core/packages/so_arm101_description)
[0.851s] Level 1:colcon.colcon_core.environment:create_environment_scripts_only(so_arm101_description)
[0.851s] Level 1:colcon.colcon_core.environment:checking '/home/remii/Projects/so-arm/install/so_arm101_description' for CMake module files
[0.851s] Level 1:colcon.colcon_core.environment:checking '/home/remii/Projects/so-arm/install/so_arm101_description' for CMake config files
[0.851s] Level 1:colcon.colcon_core.shell:create_environment_hook('so_arm101_description', 'cmake_prefix_path')
[0.852s] INFO:colcon.colcon_core.shell:Creating environment hook '/home/remii/Projects/so-arm/install/so_arm101_description/share/so_arm101_description/hook/cmake_prefix_path.ps1'
[0.852s] INFO:colcon.colcon_core.shell:Creating environment descriptor '/home/remii/Projects/so-arm/install/so_arm101_description/share/so_arm101_description/hook/cmake_prefix_path.dsv'
[0.852s] INFO:colcon.colcon_core.shell:Creating environment hook '/home/remii/Projects/so-arm/install/so_arm101_description/share/so_arm101_description/hook/cmake_prefix_path.sh'
[0.853s] Level 1:colcon.colcon_core.environment:checking '/home/remii/Projects/so-arm/install/so_arm101_description/bin'
[0.853s] Level 1:colcon.colcon_core.environment:checking '/home/remii/Projects/so-arm/install/so_arm101_description/lib/pkgconfig/so_arm101_description.pc'
[0.853s] Level 1:colcon.colcon_core.environment:checking '/home/remii/Projects/so-arm/install/so_arm101_description/lib/python3.12/site-packages'
[0.853s] Level 1:colcon.colcon_core.environment:checking '/home/remii/Projects/so-arm/install/so_arm101_description/bin'
[0.853s] INFO:colcon.colcon_core.shell:Creating package script '/home/remii/Projects/so-arm/install/so_arm101_description/share/so_arm101_description/package.ps1'
[0.854s] INFO:colcon.colcon_core.shell:Creating package descriptor '/home/remii/Projects/so-arm/install/so_arm101_description/share/so_arm101_description/package.dsv'
[0.854s] INFO:colcon.colcon_core.shell:Creating package script '/home/remii/Projects/so-arm/install/so_arm101_description/share/so_arm101_description/package.sh'
[0.854s] INFO:colcon.colcon_core.shell:Creating package script '/home/remii/Projects/so-arm/install/so_arm101_description/share/so_arm101_description/package.bash'
[0.855s] INFO:colcon.colcon_core.shell:Creating package script '/home/remii/Projects/so-arm/install/so_arm101_description/share/so_arm101_description/package.zsh'
[0.855s] Level 1:colcon.colcon_core.environment:create_file_with_runtime_dependencies(/home/remii/Projects/so-arm/install/so_arm101_description/share/colcon-core/packages/so_arm101_description)
[0.855s] INFO:colcon.colcon_ros.task.ament_cmake.build:Building ROS package in '/home/remii/Projects/so-arm/src/ros2_so_arm100/so_arm101_moveit_config' with build type 'ament_cmake'
[0.855s] INFO:colcon.colcon_cmake.task.cmake.build:Building CMake package in '/home/remii/Projects/so-arm/src/ros2_so_arm100/so_arm101_moveit_config'
[0.856s] INFO:colcon.colcon_core.shell:Skip shell extension 'powershell' for command environment: Not usable outside of PowerShell
[0.856s] DEBUG:colcon.colcon_core.shell:Skip shell extension 'dsv' for command environment
[0.858s] INFO:colcon.colcon_ros.task.ament_cmake.build:Building ROS package in '/home/remii/Projects/so-arm/src/ros2_so_arm100/so_arm_gz' with build type 'ament_cmake'
[0.859s] INFO:colcon.colcon_cmake.task.cmake.build:Building CMake package in '/home/remii/Projects/so-arm/src/ros2_so_arm100/so_arm_gz'
[0.859s] INFO:colcon.colcon_core.shell:Skip shell extension 'powershell' for command environment: Not usable outside of PowerShell
[0.859s] DEBUG:colcon.colcon_core.shell:Skip shell extension 'dsv' for command environment
[0.864s] DEBUG:colcon.colcon_core.event_handler.log_command:Invoking command in '/home/remii/Projects/so-arm/build/so_arm100_moveit_config': CMAKE_PREFIX_PATH=/home/remii/Projects/so-arm/install/so_arm100_description:/home/remii/Projects/so-arm/install/so_arm_utils:/home/remii/Projects/so-arm/install/feetech_ros2_driver:/home/remii/Projects/so-arm/install/so_arm_gz:/home/remii/Projects/so-arm/install/so_arm101_moveit_config:/home/remii/Projects/so-arm/install/so_arm101_description:/home/remii/Projects/so-arm/install/so_arm100_moveit_config:/opt/ros/jazzy/opt/gz_sim_vendor:/opt/ros/jazzy/opt/gz_sensors_vendor:/opt/ros/jazzy/opt/gz_physics_vendor:/opt/ros/jazzy/opt/sdformat_vendor:/opt/ros/jazzy/opt/gz_gui_vendor:/opt/ros/jazzy/opt/gz_transport_vendor:/opt/ros/jazzy/opt/gz_rendering_vendor:/opt/ros/jazzy/opt/gz_plugin_vendor:/opt/ros/jazzy/opt/gz_fuel_tools_vendor:/opt/ros/jazzy/opt/gz_msgs_vendor:/opt/ros/jazzy/opt/gz_common_vendor:/opt/ros/jazzy/opt/gz_math_vendor:/opt/ros/jazzy/opt/gz_utils_vendor:/opt/ros/jazzy/opt/gz_tools_vendor:/opt/ros/jazzy/opt/gz_ogre_next_vendor:/opt/ros/jazzy/opt/gz_dartsim_vendor:/opt/ros/jazzy/opt/gz_cmake_vendor:/opt/ros/jazzy DEBUGINFOD_URLS=https://debuginfod.ubuntu.com /usr/bin/cmake --build /home/remii/Projects/so-arm/build/so_arm100_moveit_config -- -j8 -l8
[0.865s] DEBUG:colcon.colcon_core.event_handler.log_command:Invoking command in '/home/remii/Projects/so-arm/build/so_arm101_moveit_config': CMAKE_PREFIX_PATH=/home/remii/Projects/so-arm/install/so_arm101_description:/home/remii/Projects/so-arm/install/so_arm_utils:/home/remii/Projects/so-arm/install/feetech_ros2_driver:/home/remii/Projects/so-arm/install/so_arm_gz:/home/remii/Projects/so-arm/install/so_arm101_moveit_config:/home/remii/Projects/so-arm/install/so_arm100_moveit_config:/home/remii/Projects/so-arm/install/so_arm100_description:/opt/ros/jazzy/opt/gz_sim_vendor:/opt/ros/jazzy/opt/gz_sensors_vendor:/opt/ros/jazzy/opt/gz_physics_vendor:/opt/ros/jazzy/opt/sdformat_vendor:/opt/ros/jazzy/opt/gz_gui_vendor:/opt/ros/jazzy/opt/gz_transport_vendor:/opt/ros/jazzy/opt/gz_rendering_vendor:/opt/ros/jazzy/opt/gz_plugin_vendor:/opt/ros/jazzy/opt/gz_fuel_tools_vendor:/opt/ros/jazzy/opt/gz_msgs_vendor:/opt/ros/jazzy/opt/gz_common_vendor:/opt/ros/jazzy/opt/gz_math_vendor:/opt/ros/jazzy/opt/gz_utils_vendor:/opt/ros/jazzy/opt/gz_tools_vendor:/opt/ros/jazzy/opt/gz_ogre_next_vendor:/opt/ros/jazzy/opt/gz_dartsim_vendor:/opt/ros/jazzy/opt/gz_cmake_vendor:/opt/ros/jazzy DEBUGINFOD_URLS=https://debuginfod.ubuntu.com /usr/bin/cmake --build /home/remii/Projects/so-arm/build/so_arm101_moveit_config -- -j8 -l8
[0.868s] DEBUG:colcon.colcon_core.event_handler.log_command:Invoking command in '/home/remii/Projects/so-arm/build/so_arm_gz': CMAKE_PREFIX_PATH=/home/remii/Projects/so-arm/install/so_arm101_description:/home/remii/Projects/so-arm/install/so_arm100_description:/home/remii/Projects/so-arm/install/so_arm_utils:/home/remii/Projects/so-arm/install/feetech_ros2_driver:/home/remii/Projects/so-arm/install/so_arm_gz:/home/remii/Projects/so-arm/install/so_arm101_moveit_config:/home/remii/Projects/so-arm/install/so_arm100_moveit_config:/opt/ros/jazzy/opt/gz_sim_vendor:/opt/ros/jazzy/opt/gz_sensors_vendor:/opt/ros/jazzy/opt/gz_physics_vendor:/opt/ros/jazzy/opt/sdformat_vendor:/opt/ros/jazzy/opt/gz_gui_vendor:/opt/ros/jazzy/opt/gz_transport_vendor:/opt/ros/jazzy/opt/gz_rendering_vendor:/opt/ros/jazzy/opt/gz_plugin_vendor:/opt/ros/jazzy/opt/gz_fuel_tools_vendor:/opt/ros/jazzy/opt/gz_msgs_vendor:/opt/ros/jazzy/opt/gz_common_vendor:/opt/ros/jazzy/opt/gz_math_vendor:/opt/ros/jazzy/opt/gz_utils_vendor:/opt/ros/jazzy/opt/gz_tools_vendor:/opt/ros/jazzy/opt/gz_ogre_next_vendor:/opt/ros/jazzy/opt/gz_dartsim_vendor:/opt/ros/jazzy/opt/gz_cmake_vendor:/opt/ros/jazzy DEBUGINFOD_URLS=https://debuginfod.ubuntu.com /usr/bin/cmake --build /home/remii/Projects/so-arm/build/so_arm_gz -- -j8 -l8
[0.890s] DEBUG:colcon.colcon_core.event_handler.log_command:Invoked command in '/home/remii/Projects/so-arm/build/so_arm100_moveit_config' returned '0': CMAKE_PREFIX_PATH=/home/remii/Projects/so-arm/install/so_arm100_description:/home/remii/Projects/so-arm/install/so_arm_utils:/home/remii/Projects/so-arm/install/feetech_ros2_driver:/home/remii/Projects/so-arm/install/so_arm_gz:/home/remii/Projects/so-arm/install/so_arm101_moveit_config:/home/remii/Projects/so-arm/install/so_arm101_description:/home/remii/Projects/so-arm/install/so_arm100_moveit_config:/opt/ros/jazzy/opt/gz_sim_vendor:/opt/ros/jazzy/opt/gz_sensors_vendor:/opt/ros/jazzy/opt/gz_physics_vendor:/opt/ros/jazzy/opt/sdformat_vendor:/opt/ros/jazzy/opt/gz_gui_vendor:/opt/ros/jazzy/opt/gz_transport_vendor:/opt/ros/jazzy/opt/gz_rendering_vendor:/opt/ros/jazzy/opt/gz_plugin_vendor:/opt/ros/jazzy/opt/gz_fuel_tools_vendor:/opt/ros/jazzy/opt/gz_msgs_vendor:/opt/ros/jazzy/opt/gz_common_vendor:/opt/ros/jazzy/opt/gz_math_vendor:/opt/ros/jazzy/opt/gz_utils_vendor:/opt/ros/jazzy/opt/gz_tools_vendor:/opt/ros/jazzy/opt/gz_ogre_next_vendor:/opt/ros/jazzy/opt/gz_dartsim_vendor:/opt/ros/jazzy/opt/gz_cmake_vendor:/opt/ros/jazzy DEBUGINFOD_URLS=https://debuginfod.ubuntu.com /usr/bin/cmake --build /home/remii/Projects/so-arm/build/so_arm100_moveit_config -- -j8 -l8
[0.891s] DEBUG:colcon.colcon_core.event_handler.log_command:Invoking command in '/home/remii/Projects/so-arm/build/so_arm100_moveit_config': CMAKE_PREFIX_PATH=/home/remii/Projects/so-arm/install/so_arm100_description:/home/remii/Projects/so-arm/install/so_arm_utils:/home/remii/Projects/so-arm/install/feetech_ros2_driver:/home/remii/Projects/so-arm/install/so_arm_gz:/home/remii/Projects/so-arm/install/so_arm101_moveit_config:/home/remii/Projects/so-arm/install/so_arm101_description:/home/remii/Projects/so-arm/install/so_arm100_moveit_config:/opt/ros/jazzy/opt/gz_sim_vendor:/opt/ros/jazzy/opt/gz_sensors_vendor:/opt/ros/jazzy/opt/gz_physics_vendor:/opt/ros/jazzy/opt/sdformat_vendor:/opt/ros/jazzy/opt/gz_gui_vendor:/opt/ros/jazzy/opt/gz_transport_vendor:/opt/ros/jazzy/opt/gz_rendering_vendor:/opt/ros/jazzy/opt/gz_plugin_vendor:/opt/ros/jazzy/opt/gz_fuel_tools_vendor:/opt/ros/jazzy/opt/gz_msgs_vendor:/opt/ros/jazzy/opt/gz_common_vendor:/opt/ros/jazzy/opt/gz_math_vendor:/opt/ros/jazzy/opt/gz_utils_vendor:/opt/ros/jazzy/opt/gz_tools_vendor:/opt/ros/jazzy/opt/gz_ogre_next_vendor:/opt/ros/jazzy/opt/gz_dartsim_vendor:/opt/ros/jazzy/opt/gz_cmake_vendor:/opt/ros/jazzy DEBUGINFOD_URLS=https://debuginfod.ubuntu.com /usr/bin/cmake --install /home/remii/Projects/so-arm/build/so_arm100_moveit_config
[0.891s] DEBUG:colcon.colcon_core.event_handler.log_command:Invoked command in '/home/remii/Projects/so-arm/build/so_arm101_moveit_config' returned '0': CMAKE_PREFIX_PATH=/home/remii/Projects/so-arm/install/so_arm101_description:/home/remii/Projects/so-arm/install/so_arm_utils:/home/remii/Projects/so-arm/install/feetech_ros2_driver:/home/remii/Projects/so-arm/install/so_arm_gz:/home/remii/Projects/so-arm/install/so_arm101_moveit_config:/home/remii/Projects/so-arm/install/so_arm100_moveit_config:/home/remii/Projects/so-arm/install/so_arm100_description:/opt/ros/jazzy/opt/gz_sim_vendor:/opt/ros/jazzy/opt/gz_sensors_vendor:/opt/ros/jazzy/opt/gz_physics_vendor:/opt/ros/jazzy/opt/sdformat_vendor:/opt/ros/jazzy/opt/gz_gui_vendor:/opt/ros/jazzy/opt/gz_transport_vendor:/opt/ros/jazzy/opt/gz_rendering_vendor:/opt/ros/jazzy/opt/gz_plugin_vendor:/opt/ros/jazzy/opt/gz_fuel_tools_vendor:/opt/ros/jazzy/opt/gz_msgs_vendor:/opt/ros/jazzy/opt/gz_common_vendor:/opt/ros/jazzy/opt/gz_math_vendor:/opt/ros/jazzy/opt/gz_utils_vendor:/opt/ros/jazzy/opt/gz_tools_vendor:/opt/ros/jazzy/opt/gz_ogre_next_vendor:/opt/ros/jazzy/opt/gz_dartsim_vendor:/opt/ros/jazzy/opt/gz_cmake_vendor:/opt/ros/jazzy DEBUGINFOD_URLS=https://debuginfod.ubuntu.com /usr/bin/cmake --build /home/remii/Projects/so-arm/build/so_arm101_moveit_config -- -j8 -l8
[0.892s] DEBUG:colcon.colcon_core.event_handler.log_command:Invoking command in '/home/remii/Projects/so-arm/build/so_arm101_moveit_config': CMAKE_PREFIX_PATH=/home/remii/Projects/so-arm/install/so_arm101_description:/home/remii/Projects/so-arm/install/so_arm_utils:/home/remii/Projects/so-arm/install/feetech_ros2_driver:/home/remii/Projects/so-arm/install/so_arm_gz:/home/remii/Projects/so-arm/install/so_arm101_moveit_config:/home/remii/Projects/so-arm/install/so_arm100_moveit_config:/home/remii/Projects/so-arm/install/so_arm100_description:/opt/ros/jazzy/opt/gz_sim_vendor:/opt/ros/jazzy/opt/gz_sensors_vendor:/opt/ros/jazzy/opt/gz_physics_vendor:/opt/ros/jazzy/opt/sdformat_vendor:/opt/ros/jazzy/opt/gz_gui_vendor:/opt/ros/jazzy/opt/gz_transport_vendor:/opt/ros/jazzy/opt/gz_rendering_vendor:/opt/ros/jazzy/opt/gz_plugin_vendor:/opt/ros/jazzy/opt/gz_fuel_tools_vendor:/opt/ros/jazzy/opt/gz_msgs_vendor:/opt/ros/jazzy/opt/gz_common_vendor:/opt/ros/jazzy/opt/gz_math_vendor:/opt/ros/jazzy/opt/gz_utils_vendor:/opt/ros/jazzy/opt/gz_tools_vendor:/opt/ros/jazzy/opt/gz_ogre_next_vendor:/opt/ros/jazzy/opt/gz_dartsim_vendor:/opt/ros/jazzy/opt/gz_cmake_vendor:/opt/ros/jazzy DEBUGINFOD_URLS=https://debuginfod.ubuntu.com /usr/bin/cmake --install /home/remii/Projects/so-arm/build/so_arm101_moveit_config
[0.893s] DEBUG:colcon.colcon_core.event_handler.log_command:Invoked command in '/home/remii/Projects/so-arm/build/so_arm_gz' returned '0': CMAKE_PREFIX_PATH=/home/remii/Projects/so-arm/install/so_arm101_description:/home/remii/Projects/so-arm/install/so_arm100_description:/home/remii/Projects/so-arm/install/so_arm_utils:/home/remii/Projects/so-arm/install/feetech_ros2_driver:/home/remii/Projects/so-arm/install/so_arm_gz:/home/remii/Projects/so-arm/install/so_arm101_moveit_config:/home/remii/Projects/so-arm/install/so_arm100_moveit_config:/opt/ros/jazzy/opt/gz_sim_vendor:/opt/ros/jazzy/opt/gz_sensors_vendor:/opt/ros/jazzy/opt/gz_physics_vendor:/opt/ros/jazzy/opt/sdformat_vendor:/opt/ros/jazzy/opt/gz_gui_vendor:/opt/ros/jazzy/opt/gz_transport_vendor:/opt/ros/jazzy/opt/gz_rendering_vendor:/opt/ros/jazzy/opt/gz_plugin_vendor:/opt/ros/jazzy/opt/gz_fuel_tools_vendor:/opt/ros/jazzy/opt/gz_msgs_vendor:/opt/ros/jazzy/opt/gz_common_vendor:/opt/ros/jazzy/opt/gz_math_vendor:/opt/ros/jazzy/opt/gz_utils_vendor:/opt/ros/jazzy/opt/gz_tools_vendor:/opt/ros/jazzy/opt/gz_ogre_next_vendor:/opt/ros/jazzy/opt/gz_dartsim_vendor:/opt/ros/jazzy/opt/gz_cmake_vendor:/opt/ros/jazzy DEBUGINFOD_URLS=https://debuginfod.ubuntu.com /usr/bin/cmake --build /home/remii/Projects/so-arm/build/so_arm_gz -- -j8 -l8
[0.894s] DEBUG:colcon.colcon_core.event_handler.log_command:Invoking command in '/home/remii/Projects/so-arm/build/so_arm_gz': CMAKE_PREFIX_PATH=/home/remii/Projects/so-arm/install/so_arm101_description:/home/remii/Projects/so-arm/install/so_arm100_description:/home/remii/Projects/so-arm/install/so_arm_utils:/home/remii/Projects/so-arm/install/feetech_ros2_driver:/home/remii/Projects/so-arm/install/so_arm_gz:/home/remii/Projects/so-arm/install/so_arm101_moveit_config:/home/remii/Projects/so-arm/install/so_arm100_moveit_config:/opt/ros/jazzy/opt/gz_sim_vendor:/opt/ros/jazzy/opt/gz_sensors_vendor:/opt/ros/jazzy/opt/gz_physics_vendor:/opt/ros/jazzy/opt/sdformat_vendor:/opt/ros/jazzy/opt/gz_gui_vendor:/opt/ros/jazzy/opt/gz_transport_vendor:/opt/ros/jazzy/opt/gz_rendering_vendor:/opt/ros/jazzy/opt/gz_plugin_vendor:/opt/ros/jazzy/opt/gz_fuel_tools_vendor:/opt/ros/jazzy/opt/gz_msgs_vendor:/opt/ros/jazzy/opt/gz_common_vendor:/opt/ros/jazzy/opt/gz_math_vendor:/opt/ros/jazzy/opt/gz_utils_vendor:/opt/ros/jazzy/opt/gz_tools_vendor:/opt/ros/jazzy/opt/gz_ogre_next_vendor:/opt/ros/jazzy/opt/gz_dartsim_vendor:/opt/ros/jazzy/opt/gz_cmake_vendor:/opt/ros/jazzy DEBUGINFOD_URLS=https://debuginfod.ubuntu.com /usr/bin/cmake --install /home/remii/Projects/so-arm/build/so_arm_gz
[0.907s] Level 1:colcon.colcon_core.environment:create_environment_scripts_only(so_arm100_moveit_config)
[0.908s] Level 1:colcon.colcon_core.environment:checking '/home/remii/Projects/so-arm/install/so_arm100_moveit_config' for CMake module files
[0.908s] DEBUG:colcon.colcon_core.event_handler.log_command:Invoked command in '/home/remii/Projects/so-arm/build/so_arm100_moveit_config' returned '0': CMAKE_PREFIX_PATH=/home/remii/Projects/so-arm/install/so_arm100_description:/home/remii/Projects/so-arm/install/so_arm_utils:/home/remii/Projects/so-arm/install/feetech_ros2_driver:/home/remii/Projects/so-arm/install/so_arm_gz:/home/remii/Projects/so-arm/install/so_arm101_moveit_config:/home/remii/Projects/so-arm/install/so_arm101_description:/home/remii/Projects/so-arm/install/so_arm100_moveit_config:/opt/ros/jazzy/opt/gz_sim_vendor:/opt/ros/jazzy/opt/gz_sensors_vendor:/opt/ros/jazzy/opt/gz_physics_vendor:/opt/ros/jazzy/opt/sdformat_vendor:/opt/ros/jazzy/opt/gz_gui_vendor:/opt/ros/jazzy/opt/gz_transport_vendor:/opt/ros/jazzy/opt/gz_rendering_vendor:/opt/ros/jazzy/opt/gz_plugin_vendor:/opt/ros/jazzy/opt/gz_fuel_tools_vendor:/opt/ros/jazzy/opt/gz_msgs_vendor:/opt/ros/jazzy/opt/gz_common_vendor:/opt/ros/jazzy/opt/gz_math_vendor:/opt/ros/jazzy/opt/gz_utils_vendor:/opt/ros/jazzy/opt/gz_tools_vendor:/opt/ros/jazzy/opt/gz_ogre_next_vendor:/opt/ros/jazzy/opt/gz_dartsim_vendor:/opt/ros/jazzy/opt/gz_cmake_vendor:/opt/ros/jazzy DEBUGINFOD_URLS=https://debuginfod.ubuntu.com /usr/bin/cmake --install /home/remii/Projects/so-arm/build/so_arm100_moveit_config
[0.909s] Level 1:colcon.colcon_core.environment:checking '/home/remii/Projects/so-arm/install/so_arm100_moveit_config' for CMake config files
[0.909s] Level 1:colcon.colcon_core.shell:create_environment_hook('so_arm100_moveit_config', 'cmake_prefix_path')
[0.909s] INFO:colcon.colcon_core.shell:Creating environment hook '/home/remii/Projects/so-arm/install/so_arm100_moveit_config/share/so_arm100_moveit_config/hook/cmake_prefix_path.ps1'
[0.910s] INFO:colcon.colcon_core.shell:Creating environment descriptor '/home/remii/Projects/so-arm/install/so_arm100_moveit_config/share/so_arm100_moveit_config/hook/cmake_prefix_path.dsv'
[0.910s] INFO:colcon.colcon_core.shell:Creating environment hook '/home/remii/Projects/so-arm/install/so_arm100_moveit_config/share/so_arm100_moveit_config/hook/cmake_prefix_path.sh'
[0.910s] Level 1:colcon.colcon_core.environment:checking '/home/remii/Projects/so-arm/install/so_arm100_moveit_config/bin'
[0.910s] Level 1:colcon.colcon_core.environment:checking '/home/remii/Projects/so-arm/install/so_arm100_moveit_config/lib/pkgconfig/so_arm100_moveit_config.pc'
[0.910s] Level 1:colcon.colcon_core.environment:checking '/home/remii/Projects/so-arm/install/so_arm100_moveit_config/lib/python3.12/site-packages'
[0.911s] Level 1:colcon.colcon_core.environment:checking '/home/remii/Projects/so-arm/install/so_arm100_moveit_config/bin'
[0.911s] INFO:colcon.colcon_core.shell:Creating package script '/home/remii/Projects/so-arm/install/so_arm100_moveit_config/share/so_arm100_moveit_config/package.ps1'
[0.911s] INFO:colcon.colcon_core.shell:Creating package descriptor '/home/remii/Projects/so-arm/install/so_arm100_moveit_config/share/so_arm100_moveit_config/package.dsv'
[0.912s] INFO:colcon.colcon_core.shell:Creating package script '/home/remii/Projects/so-arm/install/so_arm100_moveit_config/share/so_arm100_moveit_config/package.sh'
[0.912s] INFO:colcon.colcon_core.shell:Creating package script '/home/remii/Projects/so-arm/install/so_arm100_moveit_config/share/so_arm100_moveit_config/package.bash'
[0.912s] INFO:colcon.colcon_core.shell:Creating package script '/home/remii/Projects/so-arm/install/so_arm100_moveit_config/share/so_arm100_moveit_config/package.zsh'
[0.912s] Level 1:colcon.colcon_core.environment:create_file_with_runtime_dependencies(/home/remii/Projects/so-arm/install/so_arm100_moveit_config/share/colcon-core/packages/so_arm100_moveit_config)
[0.913s] Level 1:colcon.colcon_core.environment:create_environment_scripts_only(so_arm100_moveit_config)
[0.913s] Level 1:colcon.colcon_core.environment:checking '/home/remii/Projects/so-arm/install/so_arm100_moveit_config' for CMake module files
[0.913s] Level 1:colcon.colcon_core.environment:checking '/home/remii/Projects/so-arm/install/so_arm100_moveit_config' for CMake config files
[0.913s] Level 1:colcon.colcon_core.shell:create_environment_hook('so_arm100_moveit_config', 'cmake_prefix_path')
[0.914s] INFO:colcon.colcon_core.shell:Creating environment hook '/home/remii/Projects/so-arm/install/so_arm100_moveit_config/share/so_arm100_moveit_config/hook/cmake_prefix_path.ps1'
[0.914s] INFO:colcon.colcon_core.shell:Creating environment descriptor '/home/remii/Projects/so-arm/install/so_arm100_moveit_config/share/so_arm100_moveit_config/hook/cmake_prefix_path.dsv'
[0.914s] INFO:colcon.colcon_core.shell:Creating environment hook '/home/remii/Projects/so-arm/install/so_arm100_moveit_config/share/so_arm100_moveit_config/hook/cmake_prefix_path.sh'
[0.914s] Level 1:colcon.colcon_core.environment:checking '/home/remii/Projects/so-arm/install/so_arm100_moveit_config/bin'
[0.915s] Level 1:colcon.colcon_core.environment:checking '/home/remii/Projects/so-arm/install/so_arm100_moveit_config/lib/pkgconfig/so_arm100_moveit_config.pc'
[0.915s] Level 1:colcon.colcon_core.environment:checking '/home/remii/Projects/so-arm/install/so_arm100_moveit_config/lib/python3.12/site-packages'
[0.915s] Level 1:colcon.colcon_core.environment:checking '/home/remii/Projects/so-arm/install/so_arm100_moveit_config/bin'
[0.915s] INFO:colcon.colcon_core.shell:Creating package script '/home/remii/Projects/so-arm/install/so_arm100_moveit_config/share/so_arm100_moveit_config/package.ps1'
[0.916s] INFO:colcon.colcon_core.shell:Creating package descriptor '/home/remii/Projects/so-arm/install/so_arm100_moveit_config/share/so_arm100_moveit_config/package.dsv'
[0.916s] INFO:colcon.colcon_core.shell:Creating package script '/home/remii/Projects/so-arm/install/so_arm100_moveit_config/share/so_arm100_moveit_config/package.sh'
[0.916s] INFO:colcon.colcon_core.shell:Creating package script '/home/remii/Projects/so-arm/install/so_arm100_moveit_config/share/so_arm100_moveit_config/package.bash'
[0.916s] INFO:colcon.colcon_core.shell:Creating package script '/home/remii/Projects/so-arm/install/so_arm100_moveit_config/share/so_arm100_moveit_config/package.zsh'
[0.917s] Level 1:colcon.colcon_core.environment:create_file_with_runtime_dependencies(/home/remii/Projects/so-arm/install/so_arm100_moveit_config/share/colcon-core/packages/so_arm100_moveit_config)
[0.918s] Level 1:colcon.colcon_core.environment:create_environment_scripts_only(so_arm101_moveit_config)
[0.918s] Level 1:colcon.colcon_core.environment:checking '/home/remii/Projects/so-arm/install/so_arm101_moveit_config' for CMake module files
[0.918s] DEBUG:colcon.colcon_core.event_handler.log_command:Invoked command in '/home/remii/Projects/so-arm/build/so_arm101_moveit_config' returned '0': CMAKE_PREFIX_PATH=/home/remii/Projects/so-arm/install/so_arm101_description:/home/remii/Projects/so-arm/install/so_arm_utils:/home/remii/Projects/so-arm/install/feetech_ros2_driver:/home/remii/Projects/so-arm/install/so_arm_gz:/home/remii/Projects/so-arm/install/so_arm101_moveit_config:/home/remii/Projects/so-arm/install/so_arm100_moveit_config:/home/remii/Projects/so-arm/install/so_arm100_description:/opt/ros/jazzy/opt/gz_sim_vendor:/opt/ros/jazzy/opt/gz_sensors_vendor:/opt/ros/jazzy/opt/gz_physics_vendor:/opt/ros/jazzy/opt/sdformat_vendor:/opt/ros/jazzy/opt/gz_gui_vendor:/opt/ros/jazzy/opt/gz_transport_vendor:/opt/ros/jazzy/opt/gz_rendering_vendor:/opt/ros/jazzy/opt/gz_plugin_vendor:/opt/ros/jazzy/opt/gz_fuel_tools_vendor:/opt/ros/jazzy/opt/gz_msgs_vendor:/opt/ros/jazzy/opt/gz_common_vendor:/opt/ros/jazzy/opt/gz_math_vendor:/opt/ros/jazzy/opt/gz_utils_vendor:/opt/ros/jazzy/opt/gz_tools_vendor:/opt/ros/jazzy/opt/gz_ogre_next_vendor:/opt/ros/jazzy/opt/gz_dartsim_vendor:/opt/ros/jazzy/opt/gz_cmake_vendor:/opt/ros/jazzy DEBUGINFOD_URLS=https://debuginfod.ubuntu.com /usr/bin/cmake --install /home/remii/Projects/so-arm/build/so_arm101_moveit_config
[0.919s] Level 1:colcon.colcon_core.environment:checking '/home/remii/Projects/so-arm/install/so_arm101_moveit_config' for CMake config files
[0.919s] Level 1:colcon.colcon_core.shell:create_environment_hook('so_arm101_moveit_config', 'cmake_prefix_path')
[0.919s] INFO:colcon.colcon_core.shell:Creating environment hook '/home/remii/Projects/so-arm/install/so_arm101_moveit_config/share/so_arm101_moveit_config/hook/cmake_prefix_path.ps1'
[0.919s] INFO:colcon.colcon_core.shell:Creating environment descriptor '/home/remii/Projects/so-arm/install/so_arm101_moveit_config/share/so_arm101_moveit_config/hook/cmake_prefix_path.dsv'
[0.920s] INFO:colcon.colcon_core.shell:Creating environment hook '/home/remii/Projects/so-arm/install/so_arm101_moveit_config/share/so_arm101_moveit_config/hook/cmake_prefix_path.sh'
[0.920s] Level 1:colcon.colcon_core.environment:checking '/home/remii/Projects/so-arm/install/so_arm101_moveit_config/bin'
[0.920s] Level 1:colcon.colcon_core.environment:checking '/home/remii/Projects/so-arm/install/so_arm101_moveit_config/lib/pkgconfig/so_arm101_moveit_config.pc'
[0.920s] Level 1:colcon.colcon_core.environment:checking '/home/remii/Projects/so-arm/install/so_arm101_moveit_config/lib/python3.12/site-packages'
[0.920s] Level 1:colcon.colcon_core.environment:checking '/home/remii/Projects/so-arm/install/so_arm101_moveit_config/bin'
[0.921s] INFO:colcon.colcon_core.shell:Creating package script '/home/remii/Projects/so-arm/install/so_arm101_moveit_config/share/so_arm101_moveit_config/package.ps1'
[0.921s] INFO:colcon.colcon_core.shell:Creating package descriptor '/home/remii/Projects/so-arm/install/so_arm101_moveit_config/share/so_arm101_moveit_config/package.dsv'
[0.921s] INFO:colcon.colcon_core.shell:Creating package script '/home/remii/Projects/so-arm/install/so_arm101_moveit_config/share/so_arm101_moveit_config/package.sh'
[0.922s] INFO:colcon.colcon_core.shell:Creating package script '/home/remii/Projects/so-arm/install/so_arm101_moveit_config/share/so_arm101_moveit_config/package.bash'
[0.922s] INFO:colcon.colcon_core.shell:Creating package script '/home/remii/Projects/so-arm/install/so_arm101_moveit_config/share/so_arm101_moveit_config/package.zsh'
[0.922s] Level 1:colcon.colcon_core.environment:create_file_with_runtime_dependencies(/home/remii/Projects/so-arm/install/so_arm101_moveit_config/share/colcon-core/packages/so_arm101_moveit_config)
[0.922s] Level 1:colcon.colcon_core.environment:create_environment_scripts_only(so_arm101_moveit_config)
[0.923s] Level 1:colcon.colcon_core.environment:checking '/home/remii/Projects/so-arm/install/so_arm101_moveit_config' for CMake module files
[0.923s] Level 1:colcon.colcon_core.environment:checking '/home/remii/Projects/so-arm/install/so_arm101_moveit_config' for CMake config files
[0.923s] Level 1:colcon.colcon_core.shell:create_environment_hook('so_arm101_moveit_config', 'cmake_prefix_path')
[0.923s] INFO:colcon.colcon_core.shell:Creating environment hook '/home/remii/Projects/so-arm/install/so_arm101_moveit_config/share/so_arm101_moveit_config/hook/cmake_prefix_path.ps1'
[0.924s] INFO:colcon.colcon_core.shell:Creating environment descriptor '/home/remii/Projects/so-arm/install/so_arm101_moveit_config/share/so_arm101_moveit_config/hook/cmake_prefix_path.dsv'
[0.924s] INFO:colcon.colcon_core.shell:Creating environment hook '/home/remii/Projects/so-arm/install/so_arm101_moveit_config/share/so_arm101_moveit_config/hook/cmake_prefix_path.sh'
[0.924s] Level 1:colcon.colcon_core.environment:checking '/home/remii/Projects/so-arm/install/so_arm101_moveit_config/bin'
[0.924s] Level 1:colcon.colcon_core.environment:checking '/home/remii/Projects/so-arm/install/so_arm101_moveit_config/lib/pkgconfig/so_arm101_moveit_config.pc'
[0.924s] Level 1:colcon.colcon_core.environment:checking '/home/remii/Projects/so-arm/install/so_arm101_moveit_config/lib/python3.12/site-packages'
[0.925s] Level 1:colcon.colcon_core.environment:checking '/home/remii/Projects/so-arm/install/so_arm101_moveit_config/bin'
[0.925s] INFO:colcon.colcon_core.shell:Creating package script '/home/remii/Projects/so-arm/install/so_arm101_moveit_config/share/so_arm101_moveit_config/package.ps1'
[0.925s] INFO:colcon.colcon_core.shell:Creating package descriptor '/home/remii/Projects/so-arm/install/so_arm101_moveit_config/share/so_arm101_moveit_config/package.dsv'
[0.926s] INFO:colcon.colcon_core.shell:Creating package script '/home/remii/Projects/so-arm/install/so_arm101_moveit_config/share/so_arm101_moveit_config/package.sh'
[0.926s] INFO:colcon.colcon_core.shell:Creating package script '/home/remii/Projects/so-arm/install/so_arm101_moveit_config/share/so_arm101_moveit_config/package.bash'
[0.926s] INFO:colcon.colcon_core.shell:Creating package script '/home/remii/Projects/so-arm/install/so_arm101_moveit_config/share/so_arm101_moveit_config/package.zsh'
[0.927s] Level 1:colcon.colcon_core.environment:create_file_with_runtime_dependencies(/home/remii/Projects/so-arm/install/so_arm101_moveit_config/share/colcon-core/packages/so_arm101_moveit_config)
[0.927s] Level 1:colcon.colcon_core.environment:create_environment_scripts_only(so_arm_gz)
[0.927s] Level 1:colcon.colcon_core.environment:checking '/home/remii/Projects/so-arm/install/so_arm_gz' for CMake module files
[0.928s] DEBUG:colcon.colcon_core.event_handler.log_command:Invoked command in '/home/remii/Projects/so-arm/build/so_arm_gz' returned '0': CMAKE_PREFIX_PATH=/home/remii/Projects/so-arm/install/so_arm101_description:/home/remii/Projects/so-arm/install/so_arm100_description:/home/remii/Projects/so-arm/install/so_arm_utils:/home/remii/Projects/so-arm/install/feetech_ros2_driver:/home/remii/Projects/so-arm/install/so_arm_gz:/home/remii/Projects/so-arm/install/so_arm101_moveit_config:/home/remii/Projects/so-arm/install/so_arm100_moveit_config:/opt/ros/jazzy/opt/gz_sim_vendor:/opt/ros/jazzy/opt/gz_sensors_vendor:/opt/ros/jazzy/opt/gz_physics_vendor:/opt/ros/jazzy/opt/sdformat_vendor:/opt/ros/jazzy/opt/gz_gui_vendor:/opt/ros/jazzy/opt/gz_transport_vendor:/opt/ros/jazzy/opt/gz_rendering_vendor:/opt/ros/jazzy/opt/gz_plugin_vendor:/opt/ros/jazzy/opt/gz_fuel_tools_vendor:/opt/ros/jazzy/opt/gz_msgs_vendor:/opt/ros/jazzy/opt/gz_common_vendor:/opt/ros/jazzy/opt/gz_math_vendor:/opt/ros/jazzy/opt/gz_utils_vendor:/opt/ros/jazzy/opt/gz_tools_vendor:/opt/ros/jazzy/opt/gz_ogre_next_vendor:/opt/ros/jazzy/opt/gz_dartsim_vendor:/opt/ros/jazzy/opt/gz_cmake_vendor:/opt/ros/jazzy DEBUGINFOD_URLS=https://debuginfod.ubuntu.com /usr/bin/cmake --install /home/remii/Projects/so-arm/build/so_arm_gz
[0.928s] Level 1:colcon.colcon_core.environment:checking '/home/remii/Projects/so-arm/install/so_arm_gz' for CMake config files
[0.928s] Level 1:colcon.colcon_core.shell:create_environment_hook('so_arm_gz', 'cmake_prefix_path')
[0.928s] INFO:colcon.colcon_core.shell:Creating environment hook '/home/remii/Projects/so-arm/install/so_arm_gz/share/so_arm_gz/hook/cmake_prefix_path.ps1'
[0.928s] INFO:colcon.colcon_core.shell:Creating environment descriptor '/home/remii/Projects/so-arm/install/so_arm_gz/share/so_arm_gz/hook/cmake_prefix_path.dsv'
[0.929s] INFO:colcon.colcon_core.shell:Creating environment hook '/home/remii/Projects/so-arm/install/so_arm_gz/share/so_arm_gz/hook/cmake_prefix_path.sh'
[0.929s] Level 1:colcon.colcon_core.environment:checking '/home/remii/Projects/so-arm/install/so_arm_gz/bin'
[0.929s] Level 1:colcon.colcon_core.environment:checking '/home/remii/Projects/so-arm/install/so_arm_gz/lib/pkgconfig/so_arm_gz.pc'
[0.929s] Level 1:colcon.colcon_core.environment:checking '/home/remii/Projects/so-arm/install/so_arm_gz/lib/python3.12/site-packages'
[0.929s] Level 1:colcon.colcon_core.environment:checking '/home/remii/Projects/so-arm/install/so_arm_gz/bin'
[0.930s] INFO:colcon.colcon_core.shell:Creating package script '/home/remii/Projects/so-arm/install/so_arm_gz/share/so_arm_gz/package.ps1'
[0.930s] INFO:colcon.colcon_core.shell:Creating package descriptor '/home/remii/Projects/so-arm/install/so_arm_gz/share/so_arm_gz/package.dsv'
[0.930s] INFO:colcon.colcon_core.shell:Creating package script '/home/remii/Projects/so-arm/install/so_arm_gz/share/so_arm_gz/package.sh'
[0.931s] INFO:colcon.colcon_core.shell:Creating package script '/home/remii/Projects/so-arm/install/so_arm_gz/share/so_arm_gz/package.bash'
[0.931s] INFO:colcon.colcon_core.shell:Creating package script '/home/remii/Projects/so-arm/install/so_arm_gz/share/so_arm_gz/package.zsh'
[0.931s] Level 1:colcon.colcon_core.environment:create_file_with_runtime_dependencies(/home/remii/Projects/so-arm/install/so_arm_gz/share/colcon-core/packages/so_arm_gz)
[0.931s] Level 1:colcon.colcon_core.environment:create_environment_scripts_only(so_arm_gz)
[0.931s] Level 1:colcon.colcon_core.environment:checking '/home/remii/Projects/so-arm/install/so_arm_gz' for CMake module files
[0.932s] Level 1:colcon.colcon_core.environment:checking '/home/remii/Projects/so-arm/install/so_arm_gz' for CMake config files
[0.932s] Level 1:colcon.colcon_core.shell:create_environment_hook('so_arm_gz', 'cmake_prefix_path')
[0.932s] INFO:colcon.colcon_core.shell:Creating environment hook '/home/remii/Projects/so-arm/install/so_arm_gz/share/so_arm_gz/hook/cmake_prefix_path.ps1'
[0.932s] INFO:colcon.colcon_core.shell:Creating environment descriptor '/home/remii/Projects/so-arm/install/so_arm_gz/share/so_arm_gz/hook/cmake_prefix_path.dsv'
[0.933s] INFO:colcon.colcon_core.shell:Creating environment hook '/home/remii/Projects/so-arm/install/so_arm_gz/share/so_arm_gz/hook/cmake_prefix_path.sh'
[0.933s] Level 1:colcon.colcon_core.environment:checking '/home/remii/Projects/so-arm/install/so_arm_gz/bin'
[0.933s] Level 1:colcon.colcon_core.environment:checking '/home/remii/Projects/so-arm/install/so_arm_gz/lib/pkgconfig/so_arm_gz.pc'
[0.933s] Level 1:colcon.colcon_core.environment:checking '/home/remii/Projects/so-arm/install/so_arm_gz/lib/python3.12/site-packages'
[0.934s] Level 1:colcon.colcon_core.environment:checking '/home/remii/Projects/so-arm/install/so_arm_gz/bin'
[0.934s] INFO:colcon.colcon_core.shell:Creating package script '/home/remii/Projects/so-arm/install/so_arm_gz/share/so_arm_gz/package.ps1'
[0.934s] INFO:colcon.colcon_core.shell:Creating package descriptor '/home/remii/Projects/so-arm/install/so_arm_gz/share/so_arm_gz/package.dsv'
[0.934s] INFO:colcon.colcon_core.shell:Creating package script '/home/remii/Projects/so-arm/install/so_arm_gz/share/so_arm_gz/package.sh'
[0.935s] INFO:colcon.colcon_core.shell:Creating package script '/home/remii/Projects/so-arm/install/so_arm_gz/share/so_arm_gz/package.bash'
[0.935s] INFO:colcon.colcon_core.shell:Creating package script '/home/remii/Projects/so-arm/install/so_arm_gz/share/so_arm_gz/package.zsh'
[0.936s] Level 1:colcon.colcon_core.environment:create_file_with_runtime_dependencies(/home/remii/Projects/so-arm/install/so_arm_gz/share/colcon-core/packages/so_arm_gz)
[0.936s] DEBUG:colcon.colcon_parallel_executor.executor.parallel:closing loop
[0.936s] DEBUG:colcon.colcon_parallel_executor.executor.parallel:loop closed
[0.936s] DEBUG:colcon.colcon_parallel_executor.executor.parallel:run_until_complete finished with '0'
[0.936s] DEBUG:colcon.colcon_core.event_reactor:joining thread
[0.940s] INFO:colcon.colcon_core.plugin_system:Skipping extension 'colcon_notification.desktop_notification.terminal_notifier': Not used on non-Darwin systems
[0.940s] INFO:colcon.colcon_core.plugin_system:Skipping extension 'colcon_notification.desktop_notification.win32': Not used on non-Windows systems
[0.940s] INFO:colcon.colcon_notification.desktop_notification:Sending desktop notification using 'notify2'
[0.953s] DEBUG:colcon.colcon_core.event_reactor:joined thread
[0.953s] INFO:colcon.colcon_core.shell:Creating prefix script '/home/remii/Projects/so-arm/install/local_setup.ps1'
[0.954s] INFO:colcon.colcon_core.shell:Creating prefix util module '/home/remii/Projects/so-arm/install/_local_setup_util_ps1.py'
[0.955s] INFO:colcon.colcon_core.shell:Creating prefix chain script '/home/remii/Projects/so-arm/install/setup.ps1'
[0.956s] INFO:colcon.colcon_core.shell:Creating prefix script '/home/remii/Projects/so-arm/install/local_setup.sh'
[0.956s] INFO:colcon.colcon_core.shell:Creating prefix util module '/home/remii/Projects/so-arm/install/_local_setup_util_sh.py'
[0.956s] INFO:colcon.colcon_core.shell:Creating prefix chain script '/home/remii/Projects/so-arm/install/setup.sh'
[0.957s] INFO:colcon.colcon_core.shell:Creating prefix script '/home/remii/Projects/so-arm/install/local_setup.bash'
[0.958s] INFO:colcon.colcon_core.shell:Creating prefix chain script '/home/remii/Projects/so-arm/install/setup.bash'
[0.958s] INFO:colcon.colcon_core.shell:Creating prefix script '/home/remii/Projects/so-arm/install/local_setup.zsh'
[0.959s] INFO:colcon.colcon_core.shell:Creating prefix chain script '/home/remii/Projects/so-arm/install/setup.zsh'
