[0.000000] (-) TimerEvent: {}
[0.000090] (feetech_ros2_driver) JobQueued: {'identifier': 'feetech_ros2_driver', 'dependencies': OrderedDict()}
[0.000115] (so_arm_utils) JobQueued: {'identifier': 'so_arm_utils', 'dependencies': OrderedDict()}
[0.000131] (so_arm100_description) JobQueued: {'identifier': 'so_arm100_description', 'dependencies': OrderedDict({'feetech_ros2_driver': '/home/remii/Projects/so-arm/install/feetech_ros2_driver', 'so_arm_utils': '/home/remii/Projects/so-arm/install/so_arm_utils'})}
[0.000148] (so_arm101_description) JobQueued: {'identifier': 'so_arm101_description', 'dependencies': OrderedDict({'feetech_ros2_driver': '/home/remii/Projects/so-arm/install/feetech_ros2_driver', 'so_arm_utils': '/home/remii/Projects/so-arm/install/so_arm_utils'})}
[0.000586] (so_arm100_moveit_config) JobQueued: {'identifier': 'so_arm100_moveit_config', 'dependencies': OrderedDict({'feetech_ros2_driver': '/home/remii/Projects/so-arm/install/feetech_ros2_driver', 'so_arm_utils': '/home/remii/Projects/so-arm/install/so_arm_utils', 'so_arm100_description': '/home/remii/Projects/so-arm/install/so_arm100_description'})}
[0.000609] (so_arm_gz) JobQueued: {'identifier': 'so_arm_gz', 'dependencies': OrderedDict({'feetech_ros2_driver': '/home/remii/Projects/so-arm/install/feetech_ros2_driver', 'so_arm_utils': '/home/remii/Projects/so-arm/install/so_arm_utils', 'so_arm100_description': '/home/remii/Projects/so-arm/install/so_arm100_description', 'so_arm101_description': '/home/remii/Projects/so-arm/install/so_arm101_description'})}
[0.000632] (feetech_ros2_driver) JobStarted: {'identifier': 'feetech_ros2_driver'}
[0.004452] (so_arm_utils) JobStarted: {'identifier': 'so_arm_utils'}
[0.006875] (feetech_ros2_driver) JobProgress: {'identifier': 'feetech_ros2_driver', 'progress': 'cmake'}
[0.007628] (feetech_ros2_driver) Command: {'cmd': ['/usr/bin/cmake', '/home/remii/Projects/so-arm/src/feetech_ros2_driver', '-DAMENT_CMAKE_SYMLINK_INSTALL=1', '-DCMAKE_INSTALL_PREFIX=/home/remii/Projects/so-arm/install/feetech_ros2_driver'], 'cwd': '/home/remii/Projects/so-arm/build/feetech_ros2_driver', 'env': OrderedDict({'LESSOPEN': '| /usr/bin/lesspipe %s', 'USER': 'remii', 'XDG_SESSION_TYPE': 'x11', 'CLUTTER_DISABLE_MIPMAPPED_TEXT': '1', 'SHLVL': '1', 'LD_LIBRARY_PATH': '/opt/ros/jazzy/opt/rviz_ogre_vendor/lib:/opt/ros/jazzy/lib/x86_64-linux-gnu:/opt/ros/jazzy/opt/gz_math_vendor/lib:/opt/ros/jazzy/opt/gz_utils_vendor/lib:/opt/ros/jazzy/opt/gz_cmake_vendor/lib:/opt/ros/jazzy/lib', 'HOME': '/home/remii', 'OLDPWD': '/home/remii/Projects/so-arm/src', 'DESKTOP_SESSION': 'ubuntu', 'ROS_PYTHON_VERSION': '3', 'GNOME_SHELL_SESSION_MODE': 'ubuntu', 'GTK_MODULES': 'gail:atk-bridge', 'SYSTEMD_EXEC_PID': '2433', 'GSM_SKIP_SSH_AGENT_WORKAROUND': 'true', 'DBUS_SESSION_BUS_ADDRESS': 'unix:path=/run/user/1000/bus', 'COLORTERM': 'truecolor', 'DEBUGINFOD_URLS': 'https://debuginfod.ubuntu.com', 'ROS_DISTRO': 'jazzy', 'LOGNAME': 'remii', '_': '/usr/bin/colcon', 'ROS_VERSION': '2', 'MEMORY_PRESSURE_WATCH': '/sys/fs/cgroup/user.slice/user-1000.slice/user@1000.service/session.slice/org.gnome.Shell@x11.service/memory.pressure', 'XDG_SESSION_CLASS': 'user', 'USERNAME': 'remii', 'TERM': 'xterm-256color', 'GNOME_DESKTOP_SESSION_ID': 'this-is-deprecated', 'WINDOWPATH': '2', 'PATH': '/opt/ros/jazzy/bin:/usr/local/sbin:/usr/local/bin:/usr/sbin:/usr/bin:/sbin:/bin:/usr/games:/usr/local/games:/snap/bin:/snap/bin', 'SESSION_MANAGER': 'local/ubuntu:@/tmp/.ICE-unix/2375,unix/ubuntu:/tmp/.ICE-unix/2375', 'XDG_MENU_PREFIX': 'gnome-', 'GNOME_TERMINAL_SCREEN': '/org/gnome/Terminal/screen/ba02816f_a271_4558_9c60_419ba256475e', 'XDG_RUNTIME_DIR': '/run/user/1000', 'DISPLAY': ':1', 'LANG': 'en_US.UTF-8', 'XDG_CURRENT_DESKTOP': 'ubuntu:GNOME', 'XMODIFIERS': '@im=ibus', 'XDG_SESSION_DESKTOP': 'ubuntu', 'XAUTHORITY': '/run/user/1000/gdm/Xauthority', 'LS_COLORS': 'rs=0:di=01;34:ln=01;36:mh=00:pi=40;33:so=01;35:do=01;35:bd=40;33;01:cd=40;33;01:or=40;31;01:mi=00:su=37;41:sg=30;43:ca=00:tw=30;42:ow=34;42:st=37;44:ex=01;32:*.tar=01;31:*.tgz=01;31:*.arc=01;31:*.arj=01;31:*.taz=01;31:*.lha=01;31:*.lz4=01;31:*.lzh=01;31:*.lzma=01;31:*.tlz=01;31:*.txz=01;31:*.tzo=01;31:*.t7z=01;31:*.zip=01;31:*.z=01;31:*.dz=01;31:*.gz=01;31:*.lrz=01;31:*.lz=01;31:*.lzo=01;31:*.xz=01;31:*.zst=01;31:*.tzst=01;31:*.bz2=01;31:*.bz=01;31:*.tbz=01;31:*.tbz2=01;31:*.tz=01;31:*.deb=01;31:*.rpm=01;31:*.jar=01;31:*.war=01;31:*.ear=01;31:*.sar=01;31:*.rar=01;31:*.alz=01;31:*.ace=01;31:*.zoo=01;31:*.cpio=01;31:*.7z=01;31:*.rz=01;31:*.cab=01;31:*.wim=01;31:*.swm=01;31:*.dwm=01;31:*.esd=01;31:*.avif=01;35:*.jpg=01;35:*.jpeg=01;35:*.mjpg=01;35:*.mjpeg=01;35:*.gif=01;35:*.bmp=01;35:*.pbm=01;35:*.pgm=01;35:*.ppm=01;35:*.tga=01;35:*.xbm=01;35:*.xpm=01;35:*.tif=01;35:*.tiff=01;35:*.png=01;35:*.svg=01;35:*.svgz=01;35:*.mng=01;35:*.pcx=01;35:*.mov=01;35:*.mpg=01;35:*.mpeg=01;35:*.m2v=01;35:*.mkv=01;35:*.webm=01;35:*.webp=01;35:*.ogm=01;35:*.mp4=01;35:*.m4v=01;35:*.mp4v=01;35:*.vob=01;35:*.qt=01;35:*.nuv=01;35:*.wmv=01;35:*.asf=01;35:*.rm=01;35:*.rmvb=01;35:*.flc=01;35:*.avi=01;35:*.fli=01;35:*.flv=01;35:*.gl=01;35:*.dl=01;35:*.xcf=01;35:*.xwd=01;35:*.yuv=01;35:*.cgm=01;35:*.emf=01;35:*.ogv=01;35:*.ogx=01;35:*.aac=00;36:*.au=00;36:*.flac=00;36:*.m4a=00;36:*.mid=00;36:*.midi=00;36:*.mka=00;36:*.mp3=00;36:*.mpc=00;36:*.ogg=00;36:*.ra=00;36:*.wav=00;36:*.oga=00;36:*.opus=00;36:*.spx=00;36:*.xspf=00;36:*~=00;90:*#=00;90:*.bak=00;90:*.crdownload=00;90:*.dpkg-dist=00;90:*.dpkg-new=00;90:*.dpkg-old=00;90:*.dpkg-tmp=00;90:*.old=00;90:*.orig=00;90:*.part=00;90:*.rej=00;90:*.rpmnew=00;90:*.rpmorig=00;90:*.rpmsave=00;90:*.swp=00;90:*.tmp=00;90:*.ucf-dist=00;90:*.ucf-new=00;90:*.ucf-old=00;90:', 'GNOME_TERMINAL_SERVICE': ':1.117', 'SSH_AUTH_SOCK': '/run/user/1000/keyring/ssh', 'AMENT_PREFIX_PATH': '/opt/ros/jazzy', 'SHELL': '/bin/bash', 'QT_ACCESSIBILITY': '1', 'GDMSESSION': 'ubuntu', 'LESSCLOSE': '/usr/bin/lesspipe %s %s', 'GPG_AGENT_INFO': '/run/user/1000/gnupg/S.gpg-agent:0:1', 'ROS_AUTOMATIC_DISCOVERY_RANGE': 'SUBNET', 'QT_IM_MODULE': 'ibus', 'PWD': '/home/remii/Projects/so-arm/build/feetech_ros2_driver', 'XDG_CONFIG_DIRS': '/etc/xdg/xdg-ubuntu:/etc/xdg', 'XDG_DATA_DIRS': '/usr/share/ubuntu:/usr/share/gnome:/usr/local/share/:/usr/share/:/var/lib/snapd/desktop', 'PYTHONPATH': '/opt/ros/jazzy/lib/python3.12/site-packages', 'COLCON': '1', 'MEMORY_PRESSURE_WRITE': 'c29tZSAyMDAwMDAgMjAwMDAwMAA=', 'VTE_VERSION': '7600', 'CMAKE_PREFIX_PATH': '/opt/ros/jazzy/opt/gz_math_vendor:/opt/ros/jazzy/opt/gz_utils_vendor:/opt/ros/jazzy/opt/gz_cmake_vendor:/opt/ros/jazzy'}), 'shell': False}
[0.009726] (so_arm_utils) JobProgress: {'identifier': 'so_arm_utils', 'progress': 'cmake'}
[0.010229] (so_arm_utils) JobProgress: {'identifier': 'so_arm_utils', 'progress': 'build'}
[0.010721] (so_arm_utils) Command: {'cmd': ['/usr/bin/cmake', '--build', '/home/remii/Projects/so-arm/build/so_arm_utils', '--', '-j8', '-l8'], 'cwd': '/home/remii/Projects/so-arm/build/so_arm_utils', 'env': OrderedDict({'LESSOPEN': '| /usr/bin/lesspipe %s', 'USER': 'remii', 'XDG_SESSION_TYPE': 'x11', 'CLUTTER_DISABLE_MIPMAPPED_TEXT': '1', 'SHLVL': '1', 'LD_LIBRARY_PATH': '/opt/ros/jazzy/opt/rviz_ogre_vendor/lib:/opt/ros/jazzy/lib/x86_64-linux-gnu:/opt/ros/jazzy/opt/gz_math_vendor/lib:/opt/ros/jazzy/opt/gz_utils_vendor/lib:/opt/ros/jazzy/opt/gz_cmake_vendor/lib:/opt/ros/jazzy/lib', 'HOME': '/home/remii', 'OLDPWD': '/home/remii/Projects/so-arm/src', 'DESKTOP_SESSION': 'ubuntu', 'ROS_PYTHON_VERSION': '3', 'GNOME_SHELL_SESSION_MODE': 'ubuntu', 'GTK_MODULES': 'gail:atk-bridge', 'SYSTEMD_EXEC_PID': '2433', 'GSM_SKIP_SSH_AGENT_WORKAROUND': 'true', 'DBUS_SESSION_BUS_ADDRESS': 'unix:path=/run/user/1000/bus', 'COLORTERM': 'truecolor', 'DEBUGINFOD_URLS': 'https://debuginfod.ubuntu.com', 'ROS_DISTRO': 'jazzy', 'LOGNAME': 'remii', '_': '/usr/bin/colcon', 'ROS_VERSION': '2', 'MEMORY_PRESSURE_WATCH': '/sys/fs/cgroup/user.slice/user-1000.slice/user@1000.service/session.slice/org.gnome.Shell@x11.service/memory.pressure', 'XDG_SESSION_CLASS': 'user', 'USERNAME': 'remii', 'TERM': 'xterm-256color', 'GNOME_DESKTOP_SESSION_ID': 'this-is-deprecated', 'WINDOWPATH': '2', 'PATH': '/opt/ros/jazzy/bin:/usr/local/sbin:/usr/local/bin:/usr/sbin:/usr/bin:/sbin:/bin:/usr/games:/usr/local/games:/snap/bin:/snap/bin', 'SESSION_MANAGER': 'local/ubuntu:@/tmp/.ICE-unix/2375,unix/ubuntu:/tmp/.ICE-unix/2375', 'XDG_MENU_PREFIX': 'gnome-', 'GNOME_TERMINAL_SCREEN': '/org/gnome/Terminal/screen/ba02816f_a271_4558_9c60_419ba256475e', 'XDG_RUNTIME_DIR': '/run/user/1000', 'DISPLAY': ':1', 'LANG': 'en_US.UTF-8', 'XDG_CURRENT_DESKTOP': 'ubuntu:GNOME', 'XMODIFIERS': '@im=ibus', 'XDG_SESSION_DESKTOP': 'ubuntu', 'XAUTHORITY': '/run/user/1000/gdm/Xauthority', 'LS_COLORS': 'rs=0:di=01;34:ln=01;36:mh=00:pi=40;33:so=01;35:do=01;35:bd=40;33;01:cd=40;33;01:or=40;31;01:mi=00:su=37;41:sg=30;43:ca=00:tw=30;42:ow=34;42:st=37;44:ex=01;32:*.tar=01;31:*.tgz=01;31:*.arc=01;31:*.arj=01;31:*.taz=01;31:*.lha=01;31:*.lz4=01;31:*.lzh=01;31:*.lzma=01;31:*.tlz=01;31:*.txz=01;31:*.tzo=01;31:*.t7z=01;31:*.zip=01;31:*.z=01;31:*.dz=01;31:*.gz=01;31:*.lrz=01;31:*.lz=01;31:*.lzo=01;31:*.xz=01;31:*.zst=01;31:*.tzst=01;31:*.bz2=01;31:*.bz=01;31:*.tbz=01;31:*.tbz2=01;31:*.tz=01;31:*.deb=01;31:*.rpm=01;31:*.jar=01;31:*.war=01;31:*.ear=01;31:*.sar=01;31:*.rar=01;31:*.alz=01;31:*.ace=01;31:*.zoo=01;31:*.cpio=01;31:*.7z=01;31:*.rz=01;31:*.cab=01;31:*.wim=01;31:*.swm=01;31:*.dwm=01;31:*.esd=01;31:*.avif=01;35:*.jpg=01;35:*.jpeg=01;35:*.mjpg=01;35:*.mjpeg=01;35:*.gif=01;35:*.bmp=01;35:*.pbm=01;35:*.pgm=01;35:*.ppm=01;35:*.tga=01;35:*.xbm=01;35:*.xpm=01;35:*.tif=01;35:*.tiff=01;35:*.png=01;35:*.svg=01;35:*.svgz=01;35:*.mng=01;35:*.pcx=01;35:*.mov=01;35:*.mpg=01;35:*.mpeg=01;35:*.m2v=01;35:*.mkv=01;35:*.webm=01;35:*.webp=01;35:*.ogm=01;35:*.mp4=01;35:*.m4v=01;35:*.mp4v=01;35:*.vob=01;35:*.qt=01;35:*.nuv=01;35:*.wmv=01;35:*.asf=01;35:*.rm=01;35:*.rmvb=01;35:*.flc=01;35:*.avi=01;35:*.fli=01;35:*.flv=01;35:*.gl=01;35:*.dl=01;35:*.xcf=01;35:*.xwd=01;35:*.yuv=01;35:*.cgm=01;35:*.emf=01;35:*.ogv=01;35:*.ogx=01;35:*.aac=00;36:*.au=00;36:*.flac=00;36:*.m4a=00;36:*.mid=00;36:*.midi=00;36:*.mka=00;36:*.mp3=00;36:*.mpc=00;36:*.ogg=00;36:*.ra=00;36:*.wav=00;36:*.oga=00;36:*.opus=00;36:*.spx=00;36:*.xspf=00;36:*~=00;90:*#=00;90:*.bak=00;90:*.crdownload=00;90:*.dpkg-dist=00;90:*.dpkg-new=00;90:*.dpkg-old=00;90:*.dpkg-tmp=00;90:*.old=00;90:*.orig=00;90:*.part=00;90:*.rej=00;90:*.rpmnew=00;90:*.rpmorig=00;90:*.rpmsave=00;90:*.swp=00;90:*.tmp=00;90:*.ucf-dist=00;90:*.ucf-new=00;90:*.ucf-old=00;90:', 'GNOME_TERMINAL_SERVICE': ':1.117', 'SSH_AUTH_SOCK': '/run/user/1000/keyring/ssh', 'AMENT_PREFIX_PATH': '/opt/ros/jazzy', 'SHELL': '/bin/bash', 'QT_ACCESSIBILITY': '1', 'GDMSESSION': 'ubuntu', 'LESSCLOSE': '/usr/bin/lesspipe %s %s', 'GPG_AGENT_INFO': '/run/user/1000/gnupg/S.gpg-agent:0:1', 'ROS_AUTOMATIC_DISCOVERY_RANGE': 'SUBNET', 'QT_IM_MODULE': 'ibus', 'PWD': '/home/remii/Projects/so-arm/build/so_arm_utils', 'XDG_CONFIG_DIRS': '/etc/xdg/xdg-ubuntu:/etc/xdg', 'XDG_DATA_DIRS': '/usr/share/ubuntu:/usr/share/gnome:/usr/local/share/:/usr/share/:/var/lib/snapd/desktop', 'PYTHONPATH': '/opt/ros/jazzy/lib/python3.12/site-packages', 'COLCON': '1', 'MEMORY_PRESSURE_WRITE': 'c29tZSAyMDAwMDAgMjAwMDAwMAA=', 'VTE_VERSION': '7600', 'CMAKE_PREFIX_PATH': '/opt/ros/jazzy/opt/gz_math_vendor:/opt/ros/jazzy/opt/gz_utils_vendor:/opt/ros/jazzy/opt/gz_cmake_vendor:/opt/ros/jazzy'}), 'shell': False}
[0.024676] (feetech_ros2_driver) StdoutLine: {'line': b'-- feetech_driver version: 0.1.0\n'}
[0.027237] (feetech_ros2_driver) StdoutLine: {'line': b'-- Found ament_cmake: 2.5.6 (/opt/ros/jazzy/share/ament_cmake/cmake)\n'}
[0.047339] (so_arm_utils) StdoutLine: {'line': b'Built target ament_cmake_python_symlink_so_arm_utils\n'}
[0.099847] (-) TimerEvent: {}
[0.192512] (feetech_ros2_driver) StdoutLine: {'line': b'-- Override CMake install command with custom implementation using symlinks instead of copying resources\n'}
[0.199914] (-) TimerEvent: {}
[0.201383] (feetech_ros2_driver) StdoutLine: {'line': b'-- Found rclcpp: 28.1.21 (/opt/ros/jazzy/share/rclcpp/cmake)\n'}
[0.224168] (feetech_ros2_driver) StdoutLine: {'line': b'-- Found rosidl_generator_c: 4.6.9 (/opt/ros/jazzy/share/rosidl_generator_c/cmake)\n'}
[0.230167] (so_arm_utils) StdoutLine: {'line': b'running install_scripts\n'}
[0.232283] (feetech_ros2_driver) StdoutLine: {'line': b'-- Found rosidl_generator_cpp: 4.6.9 (/opt/ros/jazzy/share/rosidl_generator_cpp/cmake)\n'}
[0.232640] (so_arm_utils) StdoutLine: {'line': b'running egg_info\n'}
[0.242335] (feetech_ros2_driver) StdoutLine: {'line': b'-- Using all available rosidl_typesupport_c: rosidl_typesupport_fastrtps_c;rosidl_typesupport_introspection_c\n'}
[0.251144] (so_arm_utils) StdoutLine: {'line': b'writing so_arm_utils.egg-info/PKG-INFO\n'}
[0.251322] (so_arm_utils) StdoutLine: {'line': b'writing dependency_links to so_arm_utils.egg-info/dependency_links.txt\n'}
[0.251494] (so_arm_utils) StdoutLine: {'line': b'writing top-level names to so_arm_utils.egg-info/top_level.txt\n'}
[0.253890] (feetech_ros2_driver) StdoutLine: {'line': b'-- Using all available rosidl_typesupport_cpp: rosidl_typesupport_fastrtps_cpp;rosidl_typesupport_introspection_cpp\n'}
[0.266102] (so_arm_utils) StderrLine: {'line': b'/usr/lib/python3/dist-packages/setuptools/_distutils/cmd.py:66: SetuptoolsDeprecationWarning: setup.py install is deprecated.\n'}
[0.266255] (so_arm_utils) StderrLine: {'line': b'!!\n'}
[0.266322] (so_arm_utils) StderrLine: {'line': b'\n'}
[0.266384] (so_arm_utils) StderrLine: {'line': b'        ********************************************************************************\n'}
[0.266447] (so_arm_utils) StderrLine: {'line': b'        Please avoid running ``setup.py`` directly.\n'}
[0.266504] (so_arm_utils) StderrLine: {'line': b'        Instead, use pypa/build, pypa/installer or other\n'}
[0.266561] (so_arm_utils) StderrLine: {'line': b'        standards-based tools.\n'}
[0.266617] (so_arm_utils) StderrLine: {'line': b'\n'}
[0.266674] (so_arm_utils) StderrLine: {'line': b'        See https://blog.ganssle.io/articles/2021/10/setup-py-deprecated.html for details.\n'}
[0.266731] (so_arm_utils) StderrLine: {'line': b'        ********************************************************************************\n'}
[0.266795] (so_arm_utils) StderrLine: {'line': b'\n'}
[0.266852] (so_arm_utils) StderrLine: {'line': b'!!\n'}
[0.266908] (so_arm_utils) StderrLine: {'line': b'  self.initialize_options()\n'}
[0.271312] (so_arm_utils) StdoutLine: {'line': b'running egg_info\n'}
[0.300016] (-) TimerEvent: {}
[0.305609] (so_arm_utils) StdoutLine: {'line': b"reading manifest file 'so_arm_utils.egg-info/SOURCES.txt'\n"}
[0.306150] (so_arm_utils) StdoutLine: {'line': b"writing manifest file 'so_arm_utils.egg-info/SOURCES.txt'\n"}
[0.308643] (so_arm_utils) StdoutLine: {'line': b'writing so_arm_utils.egg-info/PKG-INFO\n'}
[0.308907] (so_arm_utils) StdoutLine: {'line': b'writing dependency_links to so_arm_utils.egg-info/dependency_links.txt\n'}
[0.309109] (so_arm_utils) StdoutLine: {'line': b'writing top-level names to so_arm_utils.egg-info/top_level.txt\n'}
[0.310819] (feetech_ros2_driver) StdoutLine: {'line': b'-- Found rmw_implementation_cmake: 7.3.3 (/opt/ros/jazzy/share/rmw_implementation_cmake/cmake)\n'}
[0.312010] (feetech_ros2_driver) StdoutLine: {'line': b'-- Found rmw_fastrtps_cpp: 8.4.4 (/opt/ros/jazzy/share/rmw_fastrtps_cpp/cmake)\n'}
[0.326642] (so_arm_utils) StdoutLine: {'line': b'Built target ament_cmake_python_build_so_arm_utils_egg\n'}
[0.345217] (so_arm_utils) StdoutLine: {'line': b"reading manifest file 'so_arm_utils.egg-info/SOURCES.txt'\n"}
[0.345672] (so_arm_utils) StdoutLine: {'line': b"writing manifest file 'so_arm_utils.egg-info/SOURCES.txt'\n"}
[0.365623] (feetech_ros2_driver) StdoutLine: {'line': b"-- Using RMW implementation 'rmw_fastrtps_cpp' as default\n"}
[0.400122] (-) TimerEvent: {}
[0.428443] (feetech_ros2_driver) StdoutLine: {'line': b'-- Found rclcpp_lifecycle: 28.1.21 (/opt/ros/jazzy/share/rclcpp_lifecycle/cmake)\n'}
[0.454072] (feetech_ros2_driver) StdoutLine: {'line': b'-- Found hardware_interface: 4.45.2 (/opt/ros/jazzy/share/hardware_interface/cmake)\n'}
[0.464135] (so_arm_utils) StdoutLine: {'line': b'Built target ament_cmake_python_build_so_arm_utils_scripts\n'}
[0.471490] (so_arm_utils) CommandEnded: {'returncode': 0}
[0.471998] (so_arm_utils) JobProgress: {'identifier': 'so_arm_utils', 'progress': 'install'}
[0.477677] (so_arm_utils) Command: {'cmd': ['/usr/bin/cmake', '--install', '/home/remii/Projects/so-arm/build/so_arm_utils'], 'cwd': '/home/remii/Projects/so-arm/build/so_arm_utils', 'env': OrderedDict({'LESSOPEN': '| /usr/bin/lesspipe %s', 'USER': 'remii', 'XDG_SESSION_TYPE': 'x11', 'CLUTTER_DISABLE_MIPMAPPED_TEXT': '1', 'SHLVL': '1', 'LD_LIBRARY_PATH': '/opt/ros/jazzy/opt/rviz_ogre_vendor/lib:/opt/ros/jazzy/lib/x86_64-linux-gnu:/opt/ros/jazzy/opt/gz_math_vendor/lib:/opt/ros/jazzy/opt/gz_utils_vendor/lib:/opt/ros/jazzy/opt/gz_cmake_vendor/lib:/opt/ros/jazzy/lib', 'HOME': '/home/remii', 'OLDPWD': '/home/remii/Projects/so-arm/src', 'DESKTOP_SESSION': 'ubuntu', 'ROS_PYTHON_VERSION': '3', 'GNOME_SHELL_SESSION_MODE': 'ubuntu', 'GTK_MODULES': 'gail:atk-bridge', 'SYSTEMD_EXEC_PID': '2433', 'GSM_SKIP_SSH_AGENT_WORKAROUND': 'true', 'DBUS_SESSION_BUS_ADDRESS': 'unix:path=/run/user/1000/bus', 'COLORTERM': 'truecolor', 'DEBUGINFOD_URLS': 'https://debuginfod.ubuntu.com', 'ROS_DISTRO': 'jazzy', 'LOGNAME': 'remii', '_': '/usr/bin/colcon', 'ROS_VERSION': '2', 'MEMORY_PRESSURE_WATCH': '/sys/fs/cgroup/user.slice/user-1000.slice/user@1000.service/session.slice/org.gnome.Shell@x11.service/memory.pressure', 'XDG_SESSION_CLASS': 'user', 'USERNAME': 'remii', 'TERM': 'xterm-256color', 'GNOME_DESKTOP_SESSION_ID': 'this-is-deprecated', 'WINDOWPATH': '2', 'PATH': '/opt/ros/jazzy/bin:/usr/local/sbin:/usr/local/bin:/usr/sbin:/usr/bin:/sbin:/bin:/usr/games:/usr/local/games:/snap/bin:/snap/bin', 'SESSION_MANAGER': 'local/ubuntu:@/tmp/.ICE-unix/2375,unix/ubuntu:/tmp/.ICE-unix/2375', 'XDG_MENU_PREFIX': 'gnome-', 'GNOME_TERMINAL_SCREEN': '/org/gnome/Terminal/screen/ba02816f_a271_4558_9c60_419ba256475e', 'XDG_RUNTIME_DIR': '/run/user/1000', 'DISPLAY': ':1', 'LANG': 'en_US.UTF-8', 'XDG_CURRENT_DESKTOP': 'ubuntu:GNOME', 'XMODIFIERS': '@im=ibus', 'XDG_SESSION_DESKTOP': 'ubuntu', 'XAUTHORITY': '/run/user/1000/gdm/Xauthority', 'LS_COLORS': 'rs=0:di=01;34:ln=01;36:mh=00:pi=40;33:so=01;35:do=01;35:bd=40;33;01:cd=40;33;01:or=40;31;01:mi=00:su=37;41:sg=30;43:ca=00:tw=30;42:ow=34;42:st=37;44:ex=01;32:*.tar=01;31:*.tgz=01;31:*.arc=01;31:*.arj=01;31:*.taz=01;31:*.lha=01;31:*.lz4=01;31:*.lzh=01;31:*.lzma=01;31:*.tlz=01;31:*.txz=01;31:*.tzo=01;31:*.t7z=01;31:*.zip=01;31:*.z=01;31:*.dz=01;31:*.gz=01;31:*.lrz=01;31:*.lz=01;31:*.lzo=01;31:*.xz=01;31:*.zst=01;31:*.tzst=01;31:*.bz2=01;31:*.bz=01;31:*.tbz=01;31:*.tbz2=01;31:*.tz=01;31:*.deb=01;31:*.rpm=01;31:*.jar=01;31:*.war=01;31:*.ear=01;31:*.sar=01;31:*.rar=01;31:*.alz=01;31:*.ace=01;31:*.zoo=01;31:*.cpio=01;31:*.7z=01;31:*.rz=01;31:*.cab=01;31:*.wim=01;31:*.swm=01;31:*.dwm=01;31:*.esd=01;31:*.avif=01;35:*.jpg=01;35:*.jpeg=01;35:*.mjpg=01;35:*.mjpeg=01;35:*.gif=01;35:*.bmp=01;35:*.pbm=01;35:*.pgm=01;35:*.ppm=01;35:*.tga=01;35:*.xbm=01;35:*.xpm=01;35:*.tif=01;35:*.tiff=01;35:*.png=01;35:*.svg=01;35:*.svgz=01;35:*.mng=01;35:*.pcx=01;35:*.mov=01;35:*.mpg=01;35:*.mpeg=01;35:*.m2v=01;35:*.mkv=01;35:*.webm=01;35:*.webp=01;35:*.ogm=01;35:*.mp4=01;35:*.m4v=01;35:*.mp4v=01;35:*.vob=01;35:*.qt=01;35:*.nuv=01;35:*.wmv=01;35:*.asf=01;35:*.rm=01;35:*.rmvb=01;35:*.flc=01;35:*.avi=01;35:*.fli=01;35:*.flv=01;35:*.gl=01;35:*.dl=01;35:*.xcf=01;35:*.xwd=01;35:*.yuv=01;35:*.cgm=01;35:*.emf=01;35:*.ogv=01;35:*.ogx=01;35:*.aac=00;36:*.au=00;36:*.flac=00;36:*.m4a=00;36:*.mid=00;36:*.midi=00;36:*.mka=00;36:*.mp3=00;36:*.mpc=00;36:*.ogg=00;36:*.ra=00;36:*.wav=00;36:*.oga=00;36:*.opus=00;36:*.spx=00;36:*.xspf=00;36:*~=00;90:*#=00;90:*.bak=00;90:*.crdownload=00;90:*.dpkg-dist=00;90:*.dpkg-new=00;90:*.dpkg-old=00;90:*.dpkg-tmp=00;90:*.old=00;90:*.orig=00;90:*.part=00;90:*.rej=00;90:*.rpmnew=00;90:*.rpmorig=00;90:*.rpmsave=00;90:*.swp=00;90:*.tmp=00;90:*.ucf-dist=00;90:*.ucf-new=00;90:*.ucf-old=00;90:', 'GNOME_TERMINAL_SERVICE': ':1.117', 'SSH_AUTH_SOCK': '/run/user/1000/keyring/ssh', 'AMENT_PREFIX_PATH': '/opt/ros/jazzy', 'SHELL': '/bin/bash', 'QT_ACCESSIBILITY': '1', 'GDMSESSION': 'ubuntu', 'LESSCLOSE': '/usr/bin/lesspipe %s %s', 'GPG_AGENT_INFO': '/run/user/1000/gnupg/S.gpg-agent:0:1', 'ROS_AUTOMATIC_DISCOVERY_RANGE': 'SUBNET', 'QT_IM_MODULE': 'ibus', 'PWD': '/home/remii/Projects/so-arm/build/so_arm_utils', 'XDG_CONFIG_DIRS': '/etc/xdg/xdg-ubuntu:/etc/xdg', 'XDG_DATA_DIRS': '/usr/share/ubuntu:/usr/share/gnome:/usr/local/share/:/usr/share/:/var/lib/snapd/desktop', 'PYTHONPATH': '/opt/ros/jazzy/lib/python3.12/site-packages', 'COLCON': '1', 'MEMORY_PRESSURE_WRITE': 'c29tZSAyMDAwMDAgMjAwMDAwMAA=', 'VTE_VERSION': '7600', 'CMAKE_PREFIX_PATH': '/opt/ros/jazzy/opt/gz_math_vendor:/opt/ros/jazzy/opt/gz_utils_vendor:/opt/ros/jazzy/opt/gz_cmake_vendor:/opt/ros/jazzy'}), 'shell': False}
[0.482713] (so_arm_utils) StdoutLine: {'line': b'-- Install configuration: ""\n'}
[0.483112] (so_arm_utils) StdoutLine: {'line': b'-- Execute custom install script\n'}
[0.483310] (so_arm_utils) StdoutLine: {'line': b'-- Symlinking: /home/remii/Projects/so-arm/install/so_arm_utils/share/so_arm_utils/environment/pythonpath.sh\n'}
[0.488985] (so_arm_utils) StdoutLine: {'line': b'-- Symlinking: /home/remii/Projects/so-arm/install/so_arm_utils/share/so_arm_utils/environment/pythonpath.dsv\n'}
[0.494874] (so_arm_utils) StdoutLine: {'line': b'-- Symlinking: /home/remii/Projects/so-arm/install/so_arm_utils/lib/python3.12/site-packages/so_arm_utils-0.0.0-py3.12.egg-info/PKG-INFO\n'}
[0.500264] (-) TimerEvent: {}
[0.500480] (so_arm_utils) StdoutLine: {'line': b'-- Symlinking: /home/remii/Projects/so-arm/install/so_arm_utils/lib/python3.12/site-packages/so_arm_utils-0.0.0-py3.12.egg-info/SOURCES.txt\n'}
[0.506377] (so_arm_utils) StdoutLine: {'line': b'-- Symlinking: /home/remii/Projects/so-arm/install/so_arm_utils/lib/python3.12/site-packages/so_arm_utils-0.0.0-py3.12.egg-info/dependency_links.txt\n'}
[0.512045] (so_arm_utils) StdoutLine: {'line': b'-- Symlinking: /home/remii/Projects/so-arm/install/so_arm_utils/lib/python3.12/site-packages/so_arm_utils-0.0.0-py3.12.egg-info/top_level.txt\n'}
[0.517814] (so_arm_utils) StdoutLine: {'line': b'-- Symlinking: /home/remii/Projects/so-arm/install/so_arm_utils/lib/python3.12/site-packages/so_arm_utils/__init__.py\n'}
[0.523122] (so_arm_utils) StdoutLine: {'line': b'-- Symlinking: /home/remii/Projects/so-arm/install/so_arm_utils/lib/python3.12/site-packages/so_arm_utils/constants.py\n'}
[0.528498] (so_arm_utils) StdoutLine: {'line': b'-- Symlinking: /home/remii/Projects/so-arm/install/so_arm_utils/lib/python3.12/site-packages/so_arm_utils/launch_utils.py\n'}
[0.534101] (so_arm_utils) StdoutLine: {'line': b'-- Symlinking: /home/remii/Projects/so-arm/install/so_arm_utils/share/ament_index/resource_index/package_run_dependencies/so_arm_utils\n'}
[0.539429] (so_arm_utils) StdoutLine: {'line': b'-- Symlinking: /home/remii/Projects/so-arm/install/so_arm_utils/share/ament_index/resource_index/parent_prefix_path/so_arm_utils\n'}
[0.545561] (so_arm_utils) StdoutLine: {'line': b'-- Symlinking: /home/remii/Projects/so-arm/install/so_arm_utils/share/so_arm_utils/environment/ament_prefix_path.sh\n'}
[0.551468] (so_arm_utils) StdoutLine: {'line': b'-- Symlinking: /home/remii/Projects/so-arm/install/so_arm_utils/share/so_arm_utils/environment/ament_prefix_path.dsv\n'}
[0.556922] (so_arm_utils) StdoutLine: {'line': b'-- Symlinking: /home/remii/Projects/so-arm/install/so_arm_utils/share/so_arm_utils/environment/path.sh\n'}
[0.562481] (so_arm_utils) StdoutLine: {'line': b'-- Symlinking: /home/remii/Projects/so-arm/install/so_arm_utils/share/so_arm_utils/environment/path.dsv\n'}
[0.567896] (so_arm_utils) StdoutLine: {'line': b'-- Symlinking: /home/remii/Projects/so-arm/install/so_arm_utils/share/so_arm_utils/local_setup.bash\n'}
[0.573303] (so_arm_utils) StdoutLine: {'line': b'-- Symlinking: /home/remii/Projects/so-arm/install/so_arm_utils/share/so_arm_utils/local_setup.sh\n'}
[0.578898] (so_arm_utils) StdoutLine: {'line': b'-- Symlinking: /home/remii/Projects/so-arm/install/so_arm_utils/share/so_arm_utils/local_setup.zsh\n'}
[0.584926] (so_arm_utils) StdoutLine: {'line': b'-- Symlinking: /home/remii/Projects/so-arm/install/so_arm_utils/share/so_arm_utils/local_setup.dsv\n'}
[0.590494] (so_arm_utils) StdoutLine: {'line': b'-- Symlinking: /home/remii/Projects/so-arm/install/so_arm_utils/share/so_arm_utils/package.dsv\n'}
[0.596116] (so_arm_utils) StdoutLine: {'line': b'-- Symlinking: /home/remii/Projects/so-arm/install/so_arm_utils/share/ament_index/resource_index/packages/so_arm_utils\n'}
[0.600355] (-) TimerEvent: {}
[0.601705] (so_arm_utils) StdoutLine: {'line': b'-- Symlinking: /home/remii/Projects/so-arm/install/so_arm_utils/share/so_arm_utils/cmake/so_arm_utilsConfig.cmake\n'}
[0.607552] (so_arm_utils) StdoutLine: {'line': b'-- Symlinking: /home/remii/Projects/so-arm/install/so_arm_utils/share/so_arm_utils/cmake/so_arm_utilsConfig-version.cmake\n'}
[0.613134] (so_arm_utils) StdoutLine: {'line': b'-- Symlinking: /home/remii/Projects/so-arm/install/so_arm_utils/share/so_arm_utils/package.xml\n'}
[0.647626] (so_arm_utils) StdoutLine: {'line': b"Listing '/home/remii/Projects/so-arm/install/so_arm_utils/lib/python3.12/site-packages/so_arm_utils'...\n"}
[0.647777] (so_arm_utils) StdoutLine: {'line': b"Compiling '/home/remii/Projects/so-arm/install/so_arm_utils/lib/python3.12/site-packages/so_arm_utils/__init__.py'...\n"}
[0.647856] (so_arm_utils) StdoutLine: {'line': b"Compiling '/home/remii/Projects/so-arm/install/so_arm_utils/lib/python3.12/site-packages/so_arm_utils/constants.py'...\n"}
[0.647914] (so_arm_utils) StdoutLine: {'line': b"Compiling '/home/remii/Projects/so-arm/install/so_arm_utils/lib/python3.12/site-packages/so_arm_utils/launch_utils.py'...\n"}
[0.653404] (so_arm_utils) CommandEnded: {'returncode': 0}
[0.667774] (so_arm_utils) JobEnded: {'identifier': 'so_arm_utils', 'rc': 0}
[0.700459] (-) TimerEvent: {}
[0.766558] (feetech_ros2_driver) StdoutLine: {'line': b'-- Configuring done (0.8s)\n'}
[0.795618] (feetech_ros2_driver) StdoutLine: {'line': b'-- Generating done (0.0s)\n'}
[0.800549] (-) TimerEvent: {}
[0.801140] (feetech_ros2_driver) StdoutLine: {'line': b'-- Build files have been written to: /home/remii/Projects/so-arm/build/feetech_ros2_driver\n'}
[0.808170] (feetech_ros2_driver) CommandEnded: {'returncode': 0}
[0.808572] (feetech_ros2_driver) JobProgress: {'identifier': 'feetech_ros2_driver', 'progress': 'build'}
[0.809015] (feetech_ros2_driver) Command: {'cmd': ['/usr/bin/cmake', '--build', '/home/remii/Projects/so-arm/build/feetech_ros2_driver', '--', '-j8', '-l8'], 'cwd': '/home/remii/Projects/so-arm/build/feetech_ros2_driver', 'env': OrderedDict({'LESSOPEN': '| /usr/bin/lesspipe %s', 'USER': 'remii', 'XDG_SESSION_TYPE': 'x11', 'CLUTTER_DISABLE_MIPMAPPED_TEXT': '1', 'SHLVL': '1', 'LD_LIBRARY_PATH': '/opt/ros/jazzy/opt/rviz_ogre_vendor/lib:/opt/ros/jazzy/lib/x86_64-linux-gnu:/opt/ros/jazzy/opt/gz_math_vendor/lib:/opt/ros/jazzy/opt/gz_utils_vendor/lib:/opt/ros/jazzy/opt/gz_cmake_vendor/lib:/opt/ros/jazzy/lib', 'HOME': '/home/remii', 'OLDPWD': '/home/remii/Projects/so-arm/src', 'DESKTOP_SESSION': 'ubuntu', 'ROS_PYTHON_VERSION': '3', 'GNOME_SHELL_SESSION_MODE': 'ubuntu', 'GTK_MODULES': 'gail:atk-bridge', 'SYSTEMD_EXEC_PID': '2433', 'GSM_SKIP_SSH_AGENT_WORKAROUND': 'true', 'DBUS_SESSION_BUS_ADDRESS': 'unix:path=/run/user/1000/bus', 'COLORTERM': 'truecolor', 'DEBUGINFOD_URLS': 'https://debuginfod.ubuntu.com', 'ROS_DISTRO': 'jazzy', 'LOGNAME': 'remii', '_': '/usr/bin/colcon', 'ROS_VERSION': '2', 'MEMORY_PRESSURE_WATCH': '/sys/fs/cgroup/user.slice/user-1000.slice/user@1000.service/session.slice/org.gnome.Shell@x11.service/memory.pressure', 'XDG_SESSION_CLASS': 'user', 'USERNAME': 'remii', 'TERM': 'xterm-256color', 'GNOME_DESKTOP_SESSION_ID': 'this-is-deprecated', 'WINDOWPATH': '2', 'PATH': '/opt/ros/jazzy/bin:/usr/local/sbin:/usr/local/bin:/usr/sbin:/usr/bin:/sbin:/bin:/usr/games:/usr/local/games:/snap/bin:/snap/bin', 'SESSION_MANAGER': 'local/ubuntu:@/tmp/.ICE-unix/2375,unix/ubuntu:/tmp/.ICE-unix/2375', 'XDG_MENU_PREFIX': 'gnome-', 'GNOME_TERMINAL_SCREEN': '/org/gnome/Terminal/screen/ba02816f_a271_4558_9c60_419ba256475e', 'XDG_RUNTIME_DIR': '/run/user/1000', 'DISPLAY': ':1', 'LANG': 'en_US.UTF-8', 'XDG_CURRENT_DESKTOP': 'ubuntu:GNOME', 'XMODIFIERS': '@im=ibus', 'XDG_SESSION_DESKTOP': 'ubuntu', 'XAUTHORITY': '/run/user/1000/gdm/Xauthority', 'LS_COLORS': 'rs=0:di=01;34:ln=01;36:mh=00:pi=40;33:so=01;35:do=01;35:bd=40;33;01:cd=40;33;01:or=40;31;01:mi=00:su=37;41:sg=30;43:ca=00:tw=30;42:ow=34;42:st=37;44:ex=01;32:*.tar=01;31:*.tgz=01;31:*.arc=01;31:*.arj=01;31:*.taz=01;31:*.lha=01;31:*.lz4=01;31:*.lzh=01;31:*.lzma=01;31:*.tlz=01;31:*.txz=01;31:*.tzo=01;31:*.t7z=01;31:*.zip=01;31:*.z=01;31:*.dz=01;31:*.gz=01;31:*.lrz=01;31:*.lz=01;31:*.lzo=01;31:*.xz=01;31:*.zst=01;31:*.tzst=01;31:*.bz2=01;31:*.bz=01;31:*.tbz=01;31:*.tbz2=01;31:*.tz=01;31:*.deb=01;31:*.rpm=01;31:*.jar=01;31:*.war=01;31:*.ear=01;31:*.sar=01;31:*.rar=01;31:*.alz=01;31:*.ace=01;31:*.zoo=01;31:*.cpio=01;31:*.7z=01;31:*.rz=01;31:*.cab=01;31:*.wim=01;31:*.swm=01;31:*.dwm=01;31:*.esd=01;31:*.avif=01;35:*.jpg=01;35:*.jpeg=01;35:*.mjpg=01;35:*.mjpeg=01;35:*.gif=01;35:*.bmp=01;35:*.pbm=01;35:*.pgm=01;35:*.ppm=01;35:*.tga=01;35:*.xbm=01;35:*.xpm=01;35:*.tif=01;35:*.tiff=01;35:*.png=01;35:*.svg=01;35:*.svgz=01;35:*.mng=01;35:*.pcx=01;35:*.mov=01;35:*.mpg=01;35:*.mpeg=01;35:*.m2v=01;35:*.mkv=01;35:*.webm=01;35:*.webp=01;35:*.ogm=01;35:*.mp4=01;35:*.m4v=01;35:*.mp4v=01;35:*.vob=01;35:*.qt=01;35:*.nuv=01;35:*.wmv=01;35:*.asf=01;35:*.rm=01;35:*.rmvb=01;35:*.flc=01;35:*.avi=01;35:*.fli=01;35:*.flv=01;35:*.gl=01;35:*.dl=01;35:*.xcf=01;35:*.xwd=01;35:*.yuv=01;35:*.cgm=01;35:*.emf=01;35:*.ogv=01;35:*.ogx=01;35:*.aac=00;36:*.au=00;36:*.flac=00;36:*.m4a=00;36:*.mid=00;36:*.midi=00;36:*.mka=00;36:*.mp3=00;36:*.mpc=00;36:*.ogg=00;36:*.ra=00;36:*.wav=00;36:*.oga=00;36:*.opus=00;36:*.spx=00;36:*.xspf=00;36:*~=00;90:*#=00;90:*.bak=00;90:*.crdownload=00;90:*.dpkg-dist=00;90:*.dpkg-new=00;90:*.dpkg-old=00;90:*.dpkg-tmp=00;90:*.old=00;90:*.orig=00;90:*.part=00;90:*.rej=00;90:*.rpmnew=00;90:*.rpmorig=00;90:*.rpmsave=00;90:*.swp=00;90:*.tmp=00;90:*.ucf-dist=00;90:*.ucf-new=00;90:*.ucf-old=00;90:', 'GNOME_TERMINAL_SERVICE': ':1.117', 'SSH_AUTH_SOCK': '/run/user/1000/keyring/ssh', 'AMENT_PREFIX_PATH': '/opt/ros/jazzy', 'SHELL': '/bin/bash', 'QT_ACCESSIBILITY': '1', 'GDMSESSION': 'ubuntu', 'LESSCLOSE': '/usr/bin/lesspipe %s %s', 'GPG_AGENT_INFO': '/run/user/1000/gnupg/S.gpg-agent:0:1', 'ROS_AUTOMATIC_DISCOVERY_RANGE': 'SUBNET', 'QT_IM_MODULE': 'ibus', 'PWD': '/home/remii/Projects/so-arm/build/feetech_ros2_driver', 'XDG_CONFIG_DIRS': '/etc/xdg/xdg-ubuntu:/etc/xdg', 'XDG_DATA_DIRS': '/usr/share/ubuntu:/usr/share/gnome:/usr/local/share/:/usr/share/:/var/lib/snapd/desktop', 'PYTHONPATH': '/opt/ros/jazzy/lib/python3.12/site-packages', 'COLCON': '1', 'MEMORY_PRESSURE_WRITE': 'c29tZSAyMDAwMDAgMjAwMDAwMAA=', 'VTE_VERSION': '7600', 'CMAKE_PREFIX_PATH': '/opt/ros/jazzy/opt/gz_math_vendor:/opt/ros/jazzy/opt/gz_utils_vendor:/opt/ros/jazzy/opt/gz_cmake_vendor:/opt/ros/jazzy'}), 'shell': False}
[0.842607] (feetech_ros2_driver) StdoutLine: {'line': b'[ 22%] \x1b[34m\x1b[1mGenerating feetech_ros2_driver/version.hpp\x1b[0m\n'}
[0.842745] (feetech_ros2_driver) StdoutLine: {'line': b'[ 22%] \x1b[32mBuilding CXX object feetech_driver/CMakeFiles/serial_port.dir/src/serial_port.cpp.o\x1b[0m\n'}
[0.854378] (feetech_ros2_driver) StdoutLine: {'line': b'[ 22%] Built target ament_generate_version_header__feetech_ros2_driver\n'}
[0.900667] (-) TimerEvent: {}
[1.000890] (-) TimerEvent: {}
[1.101109] (-) TimerEvent: {}
[1.201405] (-) TimerEvent: {}
[1.301669] (-) TimerEvent: {}
[1.401909] (-) TimerEvent: {}
[1.502102] (-) TimerEvent: {}
[1.602324] (-) TimerEvent: {}
[1.702516] (-) TimerEvent: {}
[1.802756] (-) TimerEvent: {}
[1.902950] (-) TimerEvent: {}
[2.003190] (-) TimerEvent: {}
[2.103431] (-) TimerEvent: {}
[2.203668] (-) TimerEvent: {}
[2.303838] (-) TimerEvent: {}
[2.404081] (-) TimerEvent: {}
[2.504308] (-) TimerEvent: {}
[2.604531] (-) TimerEvent: {}
[2.704783] (-) TimerEvent: {}
[2.805058] (-) TimerEvent: {}
[2.905279] (-) TimerEvent: {}
[3.005499] (-) TimerEvent: {}
[3.105715] (-) TimerEvent: {}
[3.205948] (-) TimerEvent: {}
[3.306170] (-) TimerEvent: {}
[3.406422] (-) TimerEvent: {}
[3.506631] (-) TimerEvent: {}
[3.606822] (-) TimerEvent: {}
[3.707042] (-) TimerEvent: {}
[3.708583] (feetech_ros2_driver) StdoutLine: {'line': b'[ 33%] \x1b[32m\x1b[1mLinking CXX shared library libserial_port.so\x1b[0m\n'}
[3.788041] (feetech_ros2_driver) StdoutLine: {'line': b'[ 33%] Built target serial_port\n'}
[3.800765] (feetech_ros2_driver) StdoutLine: {'line': b'[ 44%] \x1b[32mBuilding CXX object feetech_driver/CMakeFiles/communication_protocol.dir/src/communication_protocol.cpp.o\x1b[0m\n'}
[3.807137] (-) TimerEvent: {}
[3.907331] (-) TimerEvent: {}
[4.007545] (-) TimerEvent: {}
[4.107778] (-) TimerEvent: {}
[4.208017] (-) TimerEvent: {}
[4.308229] (-) TimerEvent: {}
[4.408460] (-) TimerEvent: {}
[4.508678] (-) TimerEvent: {}
[4.608991] (-) TimerEvent: {}
[4.709219] (-) TimerEvent: {}
[4.809451] (-) TimerEvent: {}
[4.909664] (-) TimerEvent: {}
[5.009897] (-) TimerEvent: {}
[5.110114] (-) TimerEvent: {}
[5.210343] (-) TimerEvent: {}
[5.310559] (-) TimerEvent: {}
[5.410790] (-) TimerEvent: {}
[5.511023] (-) TimerEvent: {}
[5.611256] (-) TimerEvent: {}
[5.711487] (-) TimerEvent: {}
[5.811721] (-) TimerEvent: {}
[5.911948] (-) TimerEvent: {}
[6.012174] (-) TimerEvent: {}
[6.058460] (feetech_ros2_driver) StdoutLine: {'line': b'[ 55%] \x1b[32m\x1b[1mLinking CXX shared library libcommunication_protocol.so\x1b[0m\n'}
[6.112286] (-) TimerEvent: {}
[6.123530] (feetech_ros2_driver) StdoutLine: {'line': b'[ 55%] Built target communication_protocol\n'}
[6.136695] (feetech_ros2_driver) StdoutLine: {'line': b'[ 77%] \x1b[32mBuilding CXX object CMakeFiles/feetech_ros2_driver.dir/src/feetech_ros2_driver.cpp.o\x1b[0m\n'}
[6.136878] (feetech_ros2_driver) StdoutLine: {'line': b'[ 77%] \x1b[32mBuilding CXX object feetech_driver/CMakeFiles/demo.dir/examples/demo.cpp.o\x1b[0m\n'}
[6.212397] (-) TimerEvent: {}
[6.312615] (-) TimerEvent: {}
[6.412819] (-) TimerEvent: {}
[6.513036] (-) TimerEvent: {}
[6.613252] (-) TimerEvent: {}
[6.713446] (-) TimerEvent: {}
[6.813674] (-) TimerEvent: {}
[6.913924] (-) TimerEvent: {}
[7.014145] (-) TimerEvent: {}
[7.114368] (-) TimerEvent: {}
[7.214592] (-) TimerEvent: {}
[7.314817] (-) TimerEvent: {}
[7.415037] (-) TimerEvent: {}
[7.515266] (-) TimerEvent: {}
[7.615491] (-) TimerEvent: {}
[7.715713] (-) TimerEvent: {}
[7.815950] (-) TimerEvent: {}
[7.916177] (-) TimerEvent: {}
[8.016397] (-) TimerEvent: {}
[8.116627] (-) TimerEvent: {}
[8.216851] (-) TimerEvent: {}
[8.317076] (-) TimerEvent: {}
[8.417305] (-) TimerEvent: {}
[8.517530] (-) TimerEvent: {}
[8.617786] (-) TimerEvent: {}
[8.718020] (-) TimerEvent: {}
[8.818216] (-) TimerEvent: {}
[8.918441] (-) TimerEvent: {}
[9.018659] (-) TimerEvent: {}
[9.118880] (-) TimerEvent: {}
[9.219090] (-) TimerEvent: {}
[9.319306] (-) TimerEvent: {}
[9.419528] (-) TimerEvent: {}
[9.519772] (-) TimerEvent: {}
[9.619966] (-) TimerEvent: {}
[9.720182] (-) TimerEvent: {}
[9.820401] (-) TimerEvent: {}
[9.920619] (-) TimerEvent: {}
[10.020844] (-) TimerEvent: {}
[10.121073] (-) TimerEvent: {}
[10.201231] (feetech_ros2_driver) StdoutLine: {'line': b'[ 88%] \x1b[32m\x1b[1mLinking CXX executable demo\x1b[0m\n'}
[10.221184] (-) TimerEvent: {}
[10.284720] (feetech_ros2_driver) StdoutLine: {'line': b'[ 88%] Built target demo\n'}
[10.321293] (-) TimerEvent: {}
[10.421514] (-) TimerEvent: {}
[10.521740] (-) TimerEvent: {}
[10.621981] (-) TimerEvent: {}
[10.722198] (-) TimerEvent: {}
[10.822437] (-) TimerEvent: {}
[10.922669] (-) TimerEvent: {}
[11.022898] (-) TimerEvent: {}
[11.123118] (-) TimerEvent: {}
[11.223338] (-) TimerEvent: {}
[11.323573] (-) TimerEvent: {}
[11.423767] (-) TimerEvent: {}
[11.523986] (-) TimerEvent: {}
[11.624197] (-) TimerEvent: {}
[11.724419] (-) TimerEvent: {}
[11.824623] (-) TimerEvent: {}
[11.924887] (-) TimerEvent: {}
[12.025099] (-) TimerEvent: {}
[12.125320] (-) TimerEvent: {}
[12.225680] (-) TimerEvent: {}
[12.325952] (-) TimerEvent: {}
[12.426184] (-) TimerEvent: {}
[12.526404] (-) TimerEvent: {}
[12.626638] (-) TimerEvent: {}
[12.726861] (-) TimerEvent: {}
[12.827100] (-) TimerEvent: {}
[12.927334] (-) TimerEvent: {}
[13.027552] (-) TimerEvent: {}
[13.127794] (-) TimerEvent: {}
[13.227995] (-) TimerEvent: {}
[13.328222] (-) TimerEvent: {}
[13.428449] (-) TimerEvent: {}
[13.528663] (-) TimerEvent: {}
[13.628878] (-) TimerEvent: {}
[13.729090] (-) TimerEvent: {}
[13.829302] (-) TimerEvent: {}
[13.929531] (-) TimerEvent: {}
[14.029746] (-) TimerEvent: {}
[14.129979] (-) TimerEvent: {}
[14.230209] (-) TimerEvent: {}
[14.330436] (-) TimerEvent: {}
[14.430660] (-) TimerEvent: {}
[14.530892] (-) TimerEvent: {}
[14.631122] (-) TimerEvent: {}
[14.731352] (-) TimerEvent: {}
[14.831576] (-) TimerEvent: {}
[14.931812] (-) TimerEvent: {}
[15.032032] (-) TimerEvent: {}
[15.040472] (feetech_ros2_driver) StdoutLine: {'line': b'[100%] \x1b[32m\x1b[1mLinking CXX shared library libfeetech_ros2_driver.so\x1b[0m\n'}
[15.132116] (-) TimerEvent: {}
[15.232345] (-) TimerEvent: {}
[15.299878] (feetech_ros2_driver) StdoutLine: {'line': b'[100%] Built target feetech_ros2_driver\n'}
[15.307593] (feetech_ros2_driver) CommandEnded: {'returncode': 0}
[15.308037] (feetech_ros2_driver) JobProgress: {'identifier': 'feetech_ros2_driver', 'progress': 'install'}
[15.308336] (feetech_ros2_driver) Command: {'cmd': ['/usr/bin/cmake', '--install', '/home/remii/Projects/so-arm/build/feetech_ros2_driver'], 'cwd': '/home/remii/Projects/so-arm/build/feetech_ros2_driver', 'env': OrderedDict({'LESSOPEN': '| /usr/bin/lesspipe %s', 'USER': 'remii', 'XDG_SESSION_TYPE': 'x11', 'CLUTTER_DISABLE_MIPMAPPED_TEXT': '1', 'SHLVL': '1', 'LD_LIBRARY_PATH': '/opt/ros/jazzy/opt/rviz_ogre_vendor/lib:/opt/ros/jazzy/lib/x86_64-linux-gnu:/opt/ros/jazzy/opt/gz_math_vendor/lib:/opt/ros/jazzy/opt/gz_utils_vendor/lib:/opt/ros/jazzy/opt/gz_cmake_vendor/lib:/opt/ros/jazzy/lib', 'HOME': '/home/remii', 'OLDPWD': '/home/remii/Projects/so-arm/src', 'DESKTOP_SESSION': 'ubuntu', 'ROS_PYTHON_VERSION': '3', 'GNOME_SHELL_SESSION_MODE': 'ubuntu', 'GTK_MODULES': 'gail:atk-bridge', 'SYSTEMD_EXEC_PID': '2433', 'GSM_SKIP_SSH_AGENT_WORKAROUND': 'true', 'DBUS_SESSION_BUS_ADDRESS': 'unix:path=/run/user/1000/bus', 'COLORTERM': 'truecolor', 'DEBUGINFOD_URLS': 'https://debuginfod.ubuntu.com', 'ROS_DISTRO': 'jazzy', 'LOGNAME': 'remii', '_': '/usr/bin/colcon', 'ROS_VERSION': '2', 'MEMORY_PRESSURE_WATCH': '/sys/fs/cgroup/user.slice/user-1000.slice/user@1000.service/session.slice/org.gnome.Shell@x11.service/memory.pressure', 'XDG_SESSION_CLASS': 'user', 'USERNAME': 'remii', 'TERM': 'xterm-256color', 'GNOME_DESKTOP_SESSION_ID': 'this-is-deprecated', 'WINDOWPATH': '2', 'PATH': '/opt/ros/jazzy/bin:/usr/local/sbin:/usr/local/bin:/usr/sbin:/usr/bin:/sbin:/bin:/usr/games:/usr/local/games:/snap/bin:/snap/bin', 'SESSION_MANAGER': 'local/ubuntu:@/tmp/.ICE-unix/2375,unix/ubuntu:/tmp/.ICE-unix/2375', 'XDG_MENU_PREFIX': 'gnome-', 'GNOME_TERMINAL_SCREEN': '/org/gnome/Terminal/screen/ba02816f_a271_4558_9c60_419ba256475e', 'XDG_RUNTIME_DIR': '/run/user/1000', 'DISPLAY': ':1', 'LANG': 'en_US.UTF-8', 'XDG_CURRENT_DESKTOP': 'ubuntu:GNOME', 'XMODIFIERS': '@im=ibus', 'XDG_SESSION_DESKTOP': 'ubuntu', 'XAUTHORITY': '/run/user/1000/gdm/Xauthority', 'LS_COLORS': 'rs=0:di=01;34:ln=01;36:mh=00:pi=40;33:so=01;35:do=01;35:bd=40;33;01:cd=40;33;01:or=40;31;01:mi=00:su=37;41:sg=30;43:ca=00:tw=30;42:ow=34;42:st=37;44:ex=01;32:*.tar=01;31:*.tgz=01;31:*.arc=01;31:*.arj=01;31:*.taz=01;31:*.lha=01;31:*.lz4=01;31:*.lzh=01;31:*.lzma=01;31:*.tlz=01;31:*.txz=01;31:*.tzo=01;31:*.t7z=01;31:*.zip=01;31:*.z=01;31:*.dz=01;31:*.gz=01;31:*.lrz=01;31:*.lz=01;31:*.lzo=01;31:*.xz=01;31:*.zst=01;31:*.tzst=01;31:*.bz2=01;31:*.bz=01;31:*.tbz=01;31:*.tbz2=01;31:*.tz=01;31:*.deb=01;31:*.rpm=01;31:*.jar=01;31:*.war=01;31:*.ear=01;31:*.sar=01;31:*.rar=01;31:*.alz=01;31:*.ace=01;31:*.zoo=01;31:*.cpio=01;31:*.7z=01;31:*.rz=01;31:*.cab=01;31:*.wim=01;31:*.swm=01;31:*.dwm=01;31:*.esd=01;31:*.avif=01;35:*.jpg=01;35:*.jpeg=01;35:*.mjpg=01;35:*.mjpeg=01;35:*.gif=01;35:*.bmp=01;35:*.pbm=01;35:*.pgm=01;35:*.ppm=01;35:*.tga=01;35:*.xbm=01;35:*.xpm=01;35:*.tif=01;35:*.tiff=01;35:*.png=01;35:*.svg=01;35:*.svgz=01;35:*.mng=01;35:*.pcx=01;35:*.mov=01;35:*.mpg=01;35:*.mpeg=01;35:*.m2v=01;35:*.mkv=01;35:*.webm=01;35:*.webp=01;35:*.ogm=01;35:*.mp4=01;35:*.m4v=01;35:*.mp4v=01;35:*.vob=01;35:*.qt=01;35:*.nuv=01;35:*.wmv=01;35:*.asf=01;35:*.rm=01;35:*.rmvb=01;35:*.flc=01;35:*.avi=01;35:*.fli=01;35:*.flv=01;35:*.gl=01;35:*.dl=01;35:*.xcf=01;35:*.xwd=01;35:*.yuv=01;35:*.cgm=01;35:*.emf=01;35:*.ogv=01;35:*.ogx=01;35:*.aac=00;36:*.au=00;36:*.flac=00;36:*.m4a=00;36:*.mid=00;36:*.midi=00;36:*.mka=00;36:*.mp3=00;36:*.mpc=00;36:*.ogg=00;36:*.ra=00;36:*.wav=00;36:*.oga=00;36:*.opus=00;36:*.spx=00;36:*.xspf=00;36:*~=00;90:*#=00;90:*.bak=00;90:*.crdownload=00;90:*.dpkg-dist=00;90:*.dpkg-new=00;90:*.dpkg-old=00;90:*.dpkg-tmp=00;90:*.old=00;90:*.orig=00;90:*.part=00;90:*.rej=00;90:*.rpmnew=00;90:*.rpmorig=00;90:*.rpmsave=00;90:*.swp=00;90:*.tmp=00;90:*.ucf-dist=00;90:*.ucf-new=00;90:*.ucf-old=00;90:', 'GNOME_TERMINAL_SERVICE': ':1.117', 'SSH_AUTH_SOCK': '/run/user/1000/keyring/ssh', 'AMENT_PREFIX_PATH': '/opt/ros/jazzy', 'SHELL': '/bin/bash', 'QT_ACCESSIBILITY': '1', 'GDMSESSION': 'ubuntu', 'LESSCLOSE': '/usr/bin/lesspipe %s %s', 'GPG_AGENT_INFO': '/run/user/1000/gnupg/S.gpg-agent:0:1', 'ROS_AUTOMATIC_DISCOVERY_RANGE': 'SUBNET', 'QT_IM_MODULE': 'ibus', 'PWD': '/home/remii/Projects/so-arm/build/feetech_ros2_driver', 'XDG_CONFIG_DIRS': '/etc/xdg/xdg-ubuntu:/etc/xdg', 'XDG_DATA_DIRS': '/usr/share/ubuntu:/usr/share/gnome:/usr/local/share/:/usr/share/:/var/lib/snapd/desktop', 'PYTHONPATH': '/opt/ros/jazzy/lib/python3.12/site-packages', 'COLCON': '1', 'MEMORY_PRESSURE_WRITE': 'c29tZSAyMDAwMDAgMjAwMDAwMAA=', 'VTE_VERSION': '7600', 'CMAKE_PREFIX_PATH': '/opt/ros/jazzy/opt/gz_math_vendor:/opt/ros/jazzy/opt/gz_utils_vendor:/opt/ros/jazzy/opt/gz_cmake_vendor:/opt/ros/jazzy'}), 'shell': False}
[15.313680] (feetech_ros2_driver) StdoutLine: {'line': b'-- Install configuration: ""\n'}
[15.314076] (feetech_ros2_driver) StdoutLine: {'line': b'-- Installing: /home/remii/Projects/so-arm/install/feetech_ros2_driver/lib/libserial_port.so.0.1.0\n'}
[15.314473] (feetech_ros2_driver) StdoutLine: {'line': b'-- Installing: /home/remii/Projects/so-arm/install/feetech_ros2_driver/lib/libserial_port.so.0\n'}
[15.314640] (feetech_ros2_driver) StdoutLine: {'line': b'-- Installing: /home/remii/Projects/so-arm/install/feetech_ros2_driver/lib/libserial_port.so\n'}
[15.314708] (feetech_ros2_driver) StdoutLine: {'line': b'-- Installing: /home/remii/Projects/so-arm/install/feetech_ros2_driver/lib/libcommunication_protocol.so.0.1.0\n'}
[15.314945] (feetech_ros2_driver) StdoutLine: {'line': b'-- Installing: /home/remii/Projects/so-arm/install/feetech_ros2_driver/lib/libcommunication_protocol.so.0\n'}
[15.315183] (feetech_ros2_driver) StdoutLine: {'line': b'-- Set non-toolchain portion of runtime path of "/home/remii/Projects/so-arm/install/feetech_ros2_driver/lib/libcommunication_protocol.so.0.1.0" to ""\n'}
[15.315302] (feetech_ros2_driver) StdoutLine: {'line': b'-- Installing: /home/remii/Projects/so-arm/install/feetech_ros2_driver/lib/libcommunication_protocol.so\n'}
[15.315477] (feetech_ros2_driver) StdoutLine: {'line': b'-- Installing: /home/remii/Projects/so-arm/install/feetech_ros2_driver/bin/demo\n'}
[15.316051] (feetech_ros2_driver) StdoutLine: {'line': b'-- Set non-toolchain portion of runtime path of "/home/remii/Projects/so-arm/install/feetech_ros2_driver/bin/demo" to ""\n'}
[15.316226] (feetech_ros2_driver) StdoutLine: {'line': b'-- Installing: /home/remii/Projects/so-arm/install/feetech_ros2_driver/lib/cmake/feetech_driver/feetech_driver-config.cmake\n'}
[15.316339] (feetech_ros2_driver) StdoutLine: {'line': b'-- Installing: /home/remii/Projects/so-arm/install/feetech_ros2_driver/lib/cmake/feetech_driver/feetech_driver-config-version.cmake\n'}
[15.316409] (feetech_ros2_driver) StdoutLine: {'line': b'-- Installing: /home/remii/Projects/so-arm/install/feetech_ros2_driver/lib/cmake/feetech_driver/feetech_driver-targets.cmake\n'}
[15.316467] (feetech_ros2_driver) StdoutLine: {'line': b'-- Installing: /home/remii/Projects/so-arm/install/feetech_ros2_driver/lib/cmake/feetech_driver/feetech_driver-targets-noconfig.cmake\n'}
[15.316713] (feetech_ros2_driver) StdoutLine: {'line': b'-- Execute custom install script\n'}
[15.316924] (feetech_ros2_driver) StdoutLine: {'line': b'-- Symlinking: /home/remii/Projects/so-arm/install/feetech_ros2_driver/share/feetech_ros2_driver//feetech_ros2_control_plugin_description.xml\n'}
[15.322883] (feetech_ros2_driver) StdoutLine: {'line': b'-- Symlinking: /home/remii/Projects/so-arm/install/feetech_ros2_driver/include/feetech_ros2_driver/feetech_ros2_driver/feetech_ros2_driver.hpp\n'}
[15.328367] (feetech_ros2_driver) StdoutLine: {'line': b'-- Symlinking: /home/remii/Projects/so-arm/install/feetech_ros2_driver/include/feetech_ros2_driver/feetech_ros2_driver/joint_config.hpp\n'}
[15.332441] (-) TimerEvent: {}
[15.333851] (feetech_ros2_driver) StdoutLine: {'line': b'-- Symlinking: /home/remii/Projects/so-arm/install/feetech_ros2_driver/share/feetech_ros2_driver/environment/library_path.sh\n'}
[15.339743] (feetech_ros2_driver) StdoutLine: {'line': b'-- Symlinking: /home/remii/Projects/so-arm/install/feetech_ros2_driver/share/feetech_ros2_driver/environment/library_path.dsv\n'}
[15.345978] (feetech_ros2_driver) StdoutLine: {'line': b'-- Symlinking: /home/remii/Projects/so-arm/install/feetech_ros2_driver/include/feetech_ros2_driver/feetech_ros2_driver/version.hpp\n'}
[15.351879] (feetech_ros2_driver) StdoutLine: {'line': b'-- Symlinking: /home/remii/Projects/so-arm/install/feetech_ros2_driver/share/ament_index/resource_index/package_run_dependencies/feetech_ros2_driver\n'}
[15.357679] (feetech_ros2_driver) StdoutLine: {'line': b'-- Symlinking: /home/remii/Projects/so-arm/install/feetech_ros2_driver/share/ament_index/resource_index/parent_prefix_path/feetech_ros2_driver\n'}
[15.363414] (feetech_ros2_driver) StdoutLine: {'line': b'-- Symlinking: /home/remii/Projects/so-arm/install/feetech_ros2_driver/share/feetech_ros2_driver/environment/ament_prefix_path.sh\n'}
[15.369164] (feetech_ros2_driver) StdoutLine: {'line': b'-- Symlinking: /home/remii/Projects/so-arm/install/feetech_ros2_driver/share/feetech_ros2_driver/environment/ament_prefix_path.dsv\n'}
[15.374930] (feetech_ros2_driver) StdoutLine: {'line': b'-- Symlinking: /home/remii/Projects/so-arm/install/feetech_ros2_driver/share/feetech_ros2_driver/environment/path.sh\n'}
[15.380603] (feetech_ros2_driver) StdoutLine: {'line': b'-- Symlinking: /home/remii/Projects/so-arm/install/feetech_ros2_driver/share/feetech_ros2_driver/environment/path.dsv\n'}
[15.386774] (feetech_ros2_driver) StdoutLine: {'line': b'-- Symlinking: /home/remii/Projects/so-arm/install/feetech_ros2_driver/share/feetech_ros2_driver/local_setup.bash\n'}
[15.392545] (feetech_ros2_driver) StdoutLine: {'line': b'-- Symlinking: /home/remii/Projects/so-arm/install/feetech_ros2_driver/share/feetech_ros2_driver/local_setup.sh\n'}
[15.398361] (feetech_ros2_driver) StdoutLine: {'line': b'-- Symlinking: /home/remii/Projects/so-arm/install/feetech_ros2_driver/share/feetech_ros2_driver/local_setup.zsh\n'}
[15.404037] (feetech_ros2_driver) StdoutLine: {'line': b'-- Symlinking: /home/remii/Projects/so-arm/install/feetech_ros2_driver/share/feetech_ros2_driver/local_setup.dsv\n'}
[15.409809] (feetech_ros2_driver) StdoutLine: {'line': b'-- Symlinking: /home/remii/Projects/so-arm/install/feetech_ros2_driver/share/feetech_ros2_driver/package.dsv\n'}
[15.415569] (feetech_ros2_driver) StdoutLine: {'line': b'-- Symlinking: /home/remii/Projects/so-arm/install/feetech_ros2_driver/share/ament_index/resource_index/packages/feetech_ros2_driver\n'}
[15.421418] (feetech_ros2_driver) StdoutLine: {'line': b'-- Symlinking: /home/remii/Projects/so-arm/install/feetech_ros2_driver/share/ament_index/resource_index/hardware_interface__pluginlib__plugin/feetech_ros2_driver\n'}
[15.427730] (feetech_ros2_driver) StdoutLine: {'line': b'-- Symlinking: /home/remii/Projects/so-arm/install/feetech_ros2_driver/share/feetech_ros2_driver/cmake/ament_cmake_export_targets-extras.cmake\n'}
[15.432537] (-) TimerEvent: {}
[15.433597] (feetech_ros2_driver) StdoutLine: {'line': b'-- Symlinking: /home/remii/Projects/so-arm/install/feetech_ros2_driver/share/feetech_ros2_driver/cmake/ament_cmake_export_dependencies-extras.cmake\n'}
[15.439603] (feetech_ros2_driver) StdoutLine: {'line': b'-- Symlinking: /home/remii/Projects/so-arm/install/feetech_ros2_driver/share/feetech_ros2_driver/cmake/feetech_ros2_driverConfig.cmake\n'}
[15.445502] (feetech_ros2_driver) StdoutLine: {'line': b'-- Symlinking: /home/remii/Projects/so-arm/install/feetech_ros2_driver/share/feetech_ros2_driver/cmake/feetech_ros2_driverConfig-version.cmake\n'}
[15.451308] (feetech_ros2_driver) StdoutLine: {'line': b'-- Symlinking: /home/remii/Projects/so-arm/install/feetech_ros2_driver/share/feetech_ros2_driver/package.xml\n'}
[15.457008] (feetech_ros2_driver) StdoutLine: {'line': b'-- Installing: /home/remii/Projects/so-arm/install/feetech_ros2_driver/lib/libfeetech_ros2_driver.so\n'}
[15.458324] (feetech_ros2_driver) StdoutLine: {'line': b'-- Set non-toolchain portion of runtime path of "/home/remii/Projects/so-arm/install/feetech_ros2_driver/lib/libfeetech_ros2_driver.so" to ""\n'}
[15.458493] (feetech_ros2_driver) StdoutLine: {'line': b'-- Installing: /home/remii/Projects/so-arm/install/feetech_ros2_driver/share/feetech_ros2_driver/cmake/feetech_ros2_driverTargetsExport.cmake\n'}
[15.458627] (feetech_ros2_driver) StdoutLine: {'line': b'-- Installing: /home/remii/Projects/so-arm/install/feetech_ros2_driver/share/feetech_ros2_driver/cmake/feetech_ros2_driverTargetsExport-noconfig.cmake\n'}
[15.459641] (feetech_ros2_driver) CommandEnded: {'returncode': 0}
[15.477201] (feetech_ros2_driver) JobEnded: {'identifier': 'feetech_ros2_driver', 'rc': 0}
[15.477817] (so_arm100_description) JobStarted: {'identifier': 'so_arm100_description'}
[15.480146] (so_arm101_description) JobStarted: {'identifier': 'so_arm101_description'}
[15.484152] (so_arm100_description) JobProgress: {'identifier': 'so_arm100_description', 'progress': 'cmake'}
[15.484669] (so_arm100_description) Command: {'cmd': ['/usr/bin/cmake', '/home/remii/Projects/so-arm/src/ros2_so_arm100/so_arm100_description', '-DAMENT_CMAKE_SYMLINK_INSTALL=1', '-DCMAKE_INSTALL_PREFIX=/home/remii/Projects/so-arm/install/so_arm100_description'], 'cwd': '/home/remii/Projects/so-arm/build/so_arm100_description', 'env': OrderedDict({'LESSOPEN': '| /usr/bin/lesspipe %s', 'USER': 'remii', 'XDG_SESSION_TYPE': 'x11', 'CLUTTER_DISABLE_MIPMAPPED_TEXT': '1', 'SHLVL': '1', 'LD_LIBRARY_PATH': '/home/remii/Projects/so-arm/install/feetech_ros2_driver/lib:/opt/ros/jazzy/opt/rviz_ogre_vendor/lib:/opt/ros/jazzy/lib/x86_64-linux-gnu:/opt/ros/jazzy/opt/gz_math_vendor/lib:/opt/ros/jazzy/opt/gz_utils_vendor/lib:/opt/ros/jazzy/opt/gz_cmake_vendor/lib:/opt/ros/jazzy/lib', 'HOME': '/home/remii', 'OLDPWD': '/home/remii/Projects/so-arm/src', 'DESKTOP_SESSION': 'ubuntu', 'ROS_PYTHON_VERSION': '3', 'GNOME_SHELL_SESSION_MODE': 'ubuntu', 'GTK_MODULES': 'gail:atk-bridge', 'SYSTEMD_EXEC_PID': '2433', 'GSM_SKIP_SSH_AGENT_WORKAROUND': 'true', 'DBUS_SESSION_BUS_ADDRESS': 'unix:path=/run/user/1000/bus', 'COLORTERM': 'truecolor', 'DEBUGINFOD_URLS': 'https://debuginfod.ubuntu.com', 'ROS_DISTRO': 'jazzy', 'LOGNAME': 'remii', '_': '/usr/bin/colcon', 'ROS_VERSION': '2', 'MEMORY_PRESSURE_WATCH': '/sys/fs/cgroup/user.slice/user-1000.slice/user@1000.service/session.slice/org.gnome.Shell@x11.service/memory.pressure', 'XDG_SESSION_CLASS': 'user', 'USERNAME': 'remii', 'TERM': 'xterm-256color', 'GNOME_DESKTOP_SESSION_ID': 'this-is-deprecated', 'WINDOWPATH': '2', 'PATH': '/home/remii/Projects/so-arm/install/feetech_ros2_driver/bin:/opt/ros/jazzy/bin:/usr/local/sbin:/usr/local/bin:/usr/sbin:/usr/bin:/sbin:/bin:/usr/games:/usr/local/games:/snap/bin:/snap/bin', 'SESSION_MANAGER': 'local/ubuntu:@/tmp/.ICE-unix/2375,unix/ubuntu:/tmp/.ICE-unix/2375', 'XDG_MENU_PREFIX': 'gnome-', 'GNOME_TERMINAL_SCREEN': '/org/gnome/Terminal/screen/ba02816f_a271_4558_9c60_419ba256475e', 'XDG_RUNTIME_DIR': '/run/user/1000', 'DISPLAY': ':1', 'LANG': 'en_US.UTF-8', 'XDG_CURRENT_DESKTOP': 'ubuntu:GNOME', 'XMODIFIERS': '@im=ibus', 'XDG_SESSION_DESKTOP': 'ubuntu', 'XAUTHORITY': '/run/user/1000/gdm/Xauthority', 'LS_COLORS': 'rs=0:di=01;34:ln=01;36:mh=00:pi=40;33:so=01;35:do=01;35:bd=40;33;01:cd=40;33;01:or=40;31;01:mi=00:su=37;41:sg=30;43:ca=00:tw=30;42:ow=34;42:st=37;44:ex=01;32:*.tar=01;31:*.tgz=01;31:*.arc=01;31:*.arj=01;31:*.taz=01;31:*.lha=01;31:*.lz4=01;31:*.lzh=01;31:*.lzma=01;31:*.tlz=01;31:*.txz=01;31:*.tzo=01;31:*.t7z=01;31:*.zip=01;31:*.z=01;31:*.dz=01;31:*.gz=01;31:*.lrz=01;31:*.lz=01;31:*.lzo=01;31:*.xz=01;31:*.zst=01;31:*.tzst=01;31:*.bz2=01;31:*.bz=01;31:*.tbz=01;31:*.tbz2=01;31:*.tz=01;31:*.deb=01;31:*.rpm=01;31:*.jar=01;31:*.war=01;31:*.ear=01;31:*.sar=01;31:*.rar=01;31:*.alz=01;31:*.ace=01;31:*.zoo=01;31:*.cpio=01;31:*.7z=01;31:*.rz=01;31:*.cab=01;31:*.wim=01;31:*.swm=01;31:*.dwm=01;31:*.esd=01;31:*.avif=01;35:*.jpg=01;35:*.jpeg=01;35:*.mjpg=01;35:*.mjpeg=01;35:*.gif=01;35:*.bmp=01;35:*.pbm=01;35:*.pgm=01;35:*.ppm=01;35:*.tga=01;35:*.xbm=01;35:*.xpm=01;35:*.tif=01;35:*.tiff=01;35:*.png=01;35:*.svg=01;35:*.svgz=01;35:*.mng=01;35:*.pcx=01;35:*.mov=01;35:*.mpg=01;35:*.mpeg=01;35:*.m2v=01;35:*.mkv=01;35:*.webm=01;35:*.webp=01;35:*.ogm=01;35:*.mp4=01;35:*.m4v=01;35:*.mp4v=01;35:*.vob=01;35:*.qt=01;35:*.nuv=01;35:*.wmv=01;35:*.asf=01;35:*.rm=01;35:*.rmvb=01;35:*.flc=01;35:*.avi=01;35:*.fli=01;35:*.flv=01;35:*.gl=01;35:*.dl=01;35:*.xcf=01;35:*.xwd=01;35:*.yuv=01;35:*.cgm=01;35:*.emf=01;35:*.ogv=01;35:*.ogx=01;35:*.aac=00;36:*.au=00;36:*.flac=00;36:*.m4a=00;36:*.mid=00;36:*.midi=00;36:*.mka=00;36:*.mp3=00;36:*.mpc=00;36:*.ogg=00;36:*.ra=00;36:*.wav=00;36:*.oga=00;36:*.opus=00;36:*.spx=00;36:*.xspf=00;36:*~=00;90:*#=00;90:*.bak=00;90:*.crdownload=00;90:*.dpkg-dist=00;90:*.dpkg-new=00;90:*.dpkg-old=00;90:*.dpkg-tmp=00;90:*.old=00;90:*.orig=00;90:*.part=00;90:*.rej=00;90:*.rpmnew=00;90:*.rpmorig=00;90:*.rpmsave=00;90:*.swp=00;90:*.tmp=00;90:*.ucf-dist=00;90:*.ucf-new=00;90:*.ucf-old=00;90:', 'GNOME_TERMINAL_SERVICE': ':1.117', 'SSH_AUTH_SOCK': '/run/user/1000/keyring/ssh', 'AMENT_PREFIX_PATH': '/home/remii/Projects/so-arm/install/so_arm_utils:/home/remii/Projects/so-arm/install/feetech_ros2_driver:/opt/ros/jazzy', 'SHELL': '/bin/bash', 'QT_ACCESSIBILITY': '1', 'GDMSESSION': 'ubuntu', 'LESSCLOSE': '/usr/bin/lesspipe %s %s', 'GPG_AGENT_INFO': '/run/user/1000/gnupg/S.gpg-agent:0:1', 'ROS_AUTOMATIC_DISCOVERY_RANGE': 'SUBNET', 'QT_IM_MODULE': 'ibus', 'PWD': '/home/remii/Projects/so-arm/build/so_arm100_description', 'XDG_CONFIG_DIRS': '/etc/xdg/xdg-ubuntu:/etc/xdg', 'XDG_DATA_DIRS': '/usr/share/ubuntu:/usr/share/gnome:/usr/local/share/:/usr/share/:/var/lib/snapd/desktop', 'PYTHONPATH': '/home/remii/Projects/so-arm/install/so_arm_utils/lib/python3.12/site-packages:/opt/ros/jazzy/lib/python3.12/site-packages', 'COLCON': '1', 'MEMORY_PRESSURE_WRITE': 'c29tZSAyMDAwMDAgMjAwMDAwMAA=', 'VTE_VERSION': '7600', 'CMAKE_PREFIX_PATH': '/home/remii/Projects/so-arm/install/so_arm_utils:/home/remii/Projects/so-arm/install/feetech_ros2_driver:/opt/ros/jazzy/opt/gz_math_vendor:/opt/ros/jazzy/opt/gz_utils_vendor:/opt/ros/jazzy/opt/gz_cmake_vendor:/opt/ros/jazzy'}), 'shell': False}
[15.486590] (so_arm101_description) JobProgress: {'identifier': 'so_arm101_description', 'progress': 'cmake'}
[15.487082] (so_arm101_description) Command: {'cmd': ['/usr/bin/cmake', '/home/remii/Projects/so-arm/src/ros2_so_arm100/so_arm101_description', '-DAMENT_CMAKE_SYMLINK_INSTALL=1', '-DCMAKE_INSTALL_PREFIX=/home/remii/Projects/so-arm/install/so_arm101_description'], 'cwd': '/home/remii/Projects/so-arm/build/so_arm101_description', 'env': OrderedDict({'LESSOPEN': '| /usr/bin/lesspipe %s', 'USER': 'remii', 'XDG_SESSION_TYPE': 'x11', 'CLUTTER_DISABLE_MIPMAPPED_TEXT': '1', 'SHLVL': '1', 'LD_LIBRARY_PATH': '/home/remii/Projects/so-arm/install/feetech_ros2_driver/lib:/opt/ros/jazzy/opt/rviz_ogre_vendor/lib:/opt/ros/jazzy/lib/x86_64-linux-gnu:/opt/ros/jazzy/opt/gz_math_vendor/lib:/opt/ros/jazzy/opt/gz_utils_vendor/lib:/opt/ros/jazzy/opt/gz_cmake_vendor/lib:/opt/ros/jazzy/lib', 'HOME': '/home/remii', 'OLDPWD': '/home/remii/Projects/so-arm/src', 'DESKTOP_SESSION': 'ubuntu', 'ROS_PYTHON_VERSION': '3', 'GNOME_SHELL_SESSION_MODE': 'ubuntu', 'GTK_MODULES': 'gail:atk-bridge', 'SYSTEMD_EXEC_PID': '2433', 'GSM_SKIP_SSH_AGENT_WORKAROUND': 'true', 'DBUS_SESSION_BUS_ADDRESS': 'unix:path=/run/user/1000/bus', 'COLORTERM': 'truecolor', 'DEBUGINFOD_URLS': 'https://debuginfod.ubuntu.com', 'ROS_DISTRO': 'jazzy', 'LOGNAME': 'remii', '_': '/usr/bin/colcon', 'ROS_VERSION': '2', 'MEMORY_PRESSURE_WATCH': '/sys/fs/cgroup/user.slice/user-1000.slice/user@1000.service/session.slice/org.gnome.Shell@x11.service/memory.pressure', 'XDG_SESSION_CLASS': 'user', 'USERNAME': 'remii', 'TERM': 'xterm-256color', 'GNOME_DESKTOP_SESSION_ID': 'this-is-deprecated', 'WINDOWPATH': '2', 'PATH': '/home/remii/Projects/so-arm/install/feetech_ros2_driver/bin:/opt/ros/jazzy/bin:/usr/local/sbin:/usr/local/bin:/usr/sbin:/usr/bin:/sbin:/bin:/usr/games:/usr/local/games:/snap/bin:/snap/bin', 'SESSION_MANAGER': 'local/ubuntu:@/tmp/.ICE-unix/2375,unix/ubuntu:/tmp/.ICE-unix/2375', 'XDG_MENU_PREFIX': 'gnome-', 'GNOME_TERMINAL_SCREEN': '/org/gnome/Terminal/screen/ba02816f_a271_4558_9c60_419ba256475e', 'XDG_RUNTIME_DIR': '/run/user/1000', 'DISPLAY': ':1', 'LANG': 'en_US.UTF-8', 'XDG_CURRENT_DESKTOP': 'ubuntu:GNOME', 'XMODIFIERS': '@im=ibus', 'XDG_SESSION_DESKTOP': 'ubuntu', 'XAUTHORITY': '/run/user/1000/gdm/Xauthority', 'LS_COLORS': 'rs=0:di=01;34:ln=01;36:mh=00:pi=40;33:so=01;35:do=01;35:bd=40;33;01:cd=40;33;01:or=40;31;01:mi=00:su=37;41:sg=30;43:ca=00:tw=30;42:ow=34;42:st=37;44:ex=01;32:*.tar=01;31:*.tgz=01;31:*.arc=01;31:*.arj=01;31:*.taz=01;31:*.lha=01;31:*.lz4=01;31:*.lzh=01;31:*.lzma=01;31:*.tlz=01;31:*.txz=01;31:*.tzo=01;31:*.t7z=01;31:*.zip=01;31:*.z=01;31:*.dz=01;31:*.gz=01;31:*.lrz=01;31:*.lz=01;31:*.lzo=01;31:*.xz=01;31:*.zst=01;31:*.tzst=01;31:*.bz2=01;31:*.bz=01;31:*.tbz=01;31:*.tbz2=01;31:*.tz=01;31:*.deb=01;31:*.rpm=01;31:*.jar=01;31:*.war=01;31:*.ear=01;31:*.sar=01;31:*.rar=01;31:*.alz=01;31:*.ace=01;31:*.zoo=01;31:*.cpio=01;31:*.7z=01;31:*.rz=01;31:*.cab=01;31:*.wim=01;31:*.swm=01;31:*.dwm=01;31:*.esd=01;31:*.avif=01;35:*.jpg=01;35:*.jpeg=01;35:*.mjpg=01;35:*.mjpeg=01;35:*.gif=01;35:*.bmp=01;35:*.pbm=01;35:*.pgm=01;35:*.ppm=01;35:*.tga=01;35:*.xbm=01;35:*.xpm=01;35:*.tif=01;35:*.tiff=01;35:*.png=01;35:*.svg=01;35:*.svgz=01;35:*.mng=01;35:*.pcx=01;35:*.mov=01;35:*.mpg=01;35:*.mpeg=01;35:*.m2v=01;35:*.mkv=01;35:*.webm=01;35:*.webp=01;35:*.ogm=01;35:*.mp4=01;35:*.m4v=01;35:*.mp4v=01;35:*.vob=01;35:*.qt=01;35:*.nuv=01;35:*.wmv=01;35:*.asf=01;35:*.rm=01;35:*.rmvb=01;35:*.flc=01;35:*.avi=01;35:*.fli=01;35:*.flv=01;35:*.gl=01;35:*.dl=01;35:*.xcf=01;35:*.xwd=01;35:*.yuv=01;35:*.cgm=01;35:*.emf=01;35:*.ogv=01;35:*.ogx=01;35:*.aac=00;36:*.au=00;36:*.flac=00;36:*.m4a=00;36:*.mid=00;36:*.midi=00;36:*.mka=00;36:*.mp3=00;36:*.mpc=00;36:*.ogg=00;36:*.ra=00;36:*.wav=00;36:*.oga=00;36:*.opus=00;36:*.spx=00;36:*.xspf=00;36:*~=00;90:*#=00;90:*.bak=00;90:*.crdownload=00;90:*.dpkg-dist=00;90:*.dpkg-new=00;90:*.dpkg-old=00;90:*.dpkg-tmp=00;90:*.old=00;90:*.orig=00;90:*.part=00;90:*.rej=00;90:*.rpmnew=00;90:*.rpmorig=00;90:*.rpmsave=00;90:*.swp=00;90:*.tmp=00;90:*.ucf-dist=00;90:*.ucf-new=00;90:*.ucf-old=00;90:', 'GNOME_TERMINAL_SERVICE': ':1.117', 'SSH_AUTH_SOCK': '/run/user/1000/keyring/ssh', 'AMENT_PREFIX_PATH': '/home/remii/Projects/so-arm/install/so_arm_utils:/home/remii/Projects/so-arm/install/feetech_ros2_driver:/opt/ros/jazzy', 'SHELL': '/bin/bash', 'QT_ACCESSIBILITY': '1', 'GDMSESSION': 'ubuntu', 'LESSCLOSE': '/usr/bin/lesspipe %s %s', 'GPG_AGENT_INFO': '/run/user/1000/gnupg/S.gpg-agent:0:1', 'ROS_AUTOMATIC_DISCOVERY_RANGE': 'SUBNET', 'QT_IM_MODULE': 'ibus', 'PWD': '/home/remii/Projects/so-arm/build/so_arm101_description', 'XDG_CONFIG_DIRS': '/etc/xdg/xdg-ubuntu:/etc/xdg', 'XDG_DATA_DIRS': '/usr/share/ubuntu:/usr/share/gnome:/usr/local/share/:/usr/share/:/var/lib/snapd/desktop', 'PYTHONPATH': '/home/remii/Projects/so-arm/install/so_arm_utils/lib/python3.12/site-packages:/opt/ros/jazzy/lib/python3.12/site-packages', 'COLCON': '1', 'MEMORY_PRESSURE_WRITE': 'c29tZSAyMDAwMDAgMjAwMDAwMAA=', 'VTE_VERSION': '7600', 'CMAKE_PREFIX_PATH': '/home/remii/Projects/so-arm/install/so_arm_utils:/home/remii/Projects/so-arm/install/feetech_ros2_driver:/opt/ros/jazzy/opt/gz_math_vendor:/opt/ros/jazzy/opt/gz_utils_vendor:/opt/ros/jazzy/opt/gz_cmake_vendor:/opt/ros/jazzy'}), 'shell': False}
[15.523836] (so_arm100_description) StdoutLine: {'line': b'-- The C compiler identification is GNU 13.3.0\n'}
[15.523987] (so_arm101_description) StdoutLine: {'line': b'-- The C compiler identification is GNU 13.3.0\n'}
[15.532645] (-) TimerEvent: {}
[15.564945] (so_arm100_description) StdoutLine: {'line': b'-- The CXX compiler identification is GNU 13.3.0\n'}
[15.565084] (so_arm101_description) StdoutLine: {'line': b'-- The CXX compiler identification is GNU 13.3.0\n'}
[15.575684] (so_arm100_description) StdoutLine: {'line': b'-- Detecting C compiler ABI info\n'}
[15.575917] (so_arm101_description) StdoutLine: {'line': b'-- Detecting C compiler ABI info\n'}
[15.632736] (-) TimerEvent: {}
[15.634533] (so_arm101_description) StdoutLine: {'line': b'-- Detecting C compiler ABI info - done\n'}
[15.634680] (so_arm100_description) StdoutLine: {'line': b'-- Detecting C compiler ABI info - done\n'}
[15.642461] (so_arm101_description) StdoutLine: {'line': b'-- Check for working C compiler: /usr/bin/cc - skipped\n'}
[15.642609] (so_arm100_description) StdoutLine: {'line': b'-- Check for working C compiler: /usr/bin/cc - skipped\n'}
[15.642719] (so_arm101_description) StdoutLine: {'line': b'-- Detecting C compile features\n'}
[15.642788] (so_arm100_description) StdoutLine: {'line': b'-- Detecting C compile features\n'}
[15.642998] (so_arm101_description) StdoutLine: {'line': b'-- Detecting C compile features - done\n'}
[15.643092] (so_arm100_description) StdoutLine: {'line': b'-- Detecting C compile features - done\n'}
[15.649004] (so_arm101_description) StdoutLine: {'line': b'-- Detecting CXX compiler ABI info\n'}
[15.649206] (so_arm100_description) StdoutLine: {'line': b'-- Detecting CXX compiler ABI info\n'}
[15.714610] (so_arm100_description) StdoutLine: {'line': b'-- Detecting CXX compiler ABI info - done\n'}
[15.714769] (so_arm101_description) StdoutLine: {'line': b'-- Detecting CXX compiler ABI info - done\n'}
[15.722766] (so_arm100_description) StdoutLine: {'line': b'-- Check for working CXX compiler: /usr/bin/c++ - skipped\n'}
[15.722928] (so_arm101_description) StdoutLine: {'line': b'-- Check for working CXX compiler: /usr/bin/c++ - skipped\n'}
[15.723074] (so_arm100_description) StdoutLine: {'line': b'-- Detecting CXX compile features\n'}
[15.723242] (so_arm101_description) StdoutLine: {'line': b'-- Detecting CXX compile features\n'}
[15.723412] (so_arm100_description) StdoutLine: {'line': b'-- Detecting CXX compile features - done\n'}
[15.723559] (so_arm101_description) StdoutLine: {'line': b'-- Detecting CXX compile features - done\n'}
[15.725042] (so_arm100_description) StdoutLine: {'line': b'-- Found ament_cmake: 2.5.6 (/opt/ros/jazzy/share/ament_cmake/cmake)\n'}
[15.725212] (so_arm101_description) StdoutLine: {'line': b'-- Found ament_cmake: 2.5.6 (/opt/ros/jazzy/share/ament_cmake/cmake)\n'}
[15.732825] (-) TimerEvent: {}
[15.833020] (-) TimerEvent: {}
[15.834308] (so_arm101_description) StdoutLine: {'line': b'-- Found Python3: /usr/bin/python3 (found version "3.12.3") found components: Interpreter \n'}
[15.834517] (so_arm100_description) StdoutLine: {'line': b'-- Found Python3: /usr/bin/python3 (found version "3.12.3") found components: Interpreter \n'}
[15.893618] (so_arm100_description) StdoutLine: {'line': b'-- Override CMake install command with custom implementation using symlinks instead of copying resources\n'}
[15.893872] (so_arm101_description) StdoutLine: {'line': b'-- Override CMake install command with custom implementation using symlinks instead of copying resources\n'}
[15.933116] (-) TimerEvent: {}
[15.985683] (so_arm100_description) StdoutLine: {'line': b'-- Configuring done (0.5s)\n'}
[15.985889] (so_arm101_description) StdoutLine: {'line': b'-- Configuring done (0.5s)\n'}
[15.987641] (so_arm100_description) StdoutLine: {'line': b'-- Generating done (0.0s)\n'}
[15.987747] (so_arm101_description) StdoutLine: {'line': b'-- Generating done (0.0s)\n'}
[15.988875] (so_arm101_description) StdoutLine: {'line': b'-- Build files have been written to: /home/remii/Projects/so-arm/build/so_arm101_description\n'}
[15.988966] (so_arm100_description) StdoutLine: {'line': b'-- Build files have been written to: /home/remii/Projects/so-arm/build/so_arm100_description\n'}
[15.992490] (so_arm101_description) CommandEnded: {'returncode': 0}
[15.993500] (so_arm101_description) JobProgress: {'identifier': 'so_arm101_description', 'progress': 'build'}
[15.993520] (so_arm101_description) Command: {'cmd': ['/usr/bin/cmake', '--build', '/home/remii/Projects/so-arm/build/so_arm101_description', '--', '-j8', '-l8'], 'cwd': '/home/remii/Projects/so-arm/build/so_arm101_description', 'env': OrderedDict({'LESSOPEN': '| /usr/bin/lesspipe %s', 'USER': 'remii', 'XDG_SESSION_TYPE': 'x11', 'CLUTTER_DISABLE_MIPMAPPED_TEXT': '1', 'SHLVL': '1', 'LD_LIBRARY_PATH': '/home/remii/Projects/so-arm/install/feetech_ros2_driver/lib:/opt/ros/jazzy/opt/rviz_ogre_vendor/lib:/opt/ros/jazzy/lib/x86_64-linux-gnu:/opt/ros/jazzy/opt/gz_math_vendor/lib:/opt/ros/jazzy/opt/gz_utils_vendor/lib:/opt/ros/jazzy/opt/gz_cmake_vendor/lib:/opt/ros/jazzy/lib', 'HOME': '/home/remii', 'OLDPWD': '/home/remii/Projects/so-arm/src', 'DESKTOP_SESSION': 'ubuntu', 'ROS_PYTHON_VERSION': '3', 'GNOME_SHELL_SESSION_MODE': 'ubuntu', 'GTK_MODULES': 'gail:atk-bridge', 'SYSTEMD_EXEC_PID': '2433', 'GSM_SKIP_SSH_AGENT_WORKAROUND': 'true', 'DBUS_SESSION_BUS_ADDRESS': 'unix:path=/run/user/1000/bus', 'COLORTERM': 'truecolor', 'DEBUGINFOD_URLS': 'https://debuginfod.ubuntu.com', 'ROS_DISTRO': 'jazzy', 'LOGNAME': 'remii', '_': '/usr/bin/colcon', 'ROS_VERSION': '2', 'MEMORY_PRESSURE_WATCH': '/sys/fs/cgroup/user.slice/user-1000.slice/user@1000.service/session.slice/org.gnome.Shell@x11.service/memory.pressure', 'XDG_SESSION_CLASS': 'user', 'USERNAME': 'remii', 'TERM': 'xterm-256color', 'GNOME_DESKTOP_SESSION_ID': 'this-is-deprecated', 'WINDOWPATH': '2', 'PATH': '/home/remii/Projects/so-arm/install/feetech_ros2_driver/bin:/opt/ros/jazzy/bin:/usr/local/sbin:/usr/local/bin:/usr/sbin:/usr/bin:/sbin:/bin:/usr/games:/usr/local/games:/snap/bin:/snap/bin', 'SESSION_MANAGER': 'local/ubuntu:@/tmp/.ICE-unix/2375,unix/ubuntu:/tmp/.ICE-unix/2375', 'XDG_MENU_PREFIX': 'gnome-', 'GNOME_TERMINAL_SCREEN': '/org/gnome/Terminal/screen/ba02816f_a271_4558_9c60_419ba256475e', 'XDG_RUNTIME_DIR': '/run/user/1000', 'DISPLAY': ':1', 'LANG': 'en_US.UTF-8', 'XDG_CURRENT_DESKTOP': 'ubuntu:GNOME', 'XMODIFIERS': '@im=ibus', 'XDG_SESSION_DESKTOP': 'ubuntu', 'XAUTHORITY': '/run/user/1000/gdm/Xauthority', 'LS_COLORS': 'rs=0:di=01;34:ln=01;36:mh=00:pi=40;33:so=01;35:do=01;35:bd=40;33;01:cd=40;33;01:or=40;31;01:mi=00:su=37;41:sg=30;43:ca=00:tw=30;42:ow=34;42:st=37;44:ex=01;32:*.tar=01;31:*.tgz=01;31:*.arc=01;31:*.arj=01;31:*.taz=01;31:*.lha=01;31:*.lz4=01;31:*.lzh=01;31:*.lzma=01;31:*.tlz=01;31:*.txz=01;31:*.tzo=01;31:*.t7z=01;31:*.zip=01;31:*.z=01;31:*.dz=01;31:*.gz=01;31:*.lrz=01;31:*.lz=01;31:*.lzo=01;31:*.xz=01;31:*.zst=01;31:*.tzst=01;31:*.bz2=01;31:*.bz=01;31:*.tbz=01;31:*.tbz2=01;31:*.tz=01;31:*.deb=01;31:*.rpm=01;31:*.jar=01;31:*.war=01;31:*.ear=01;31:*.sar=01;31:*.rar=01;31:*.alz=01;31:*.ace=01;31:*.zoo=01;31:*.cpio=01;31:*.7z=01;31:*.rz=01;31:*.cab=01;31:*.wim=01;31:*.swm=01;31:*.dwm=01;31:*.esd=01;31:*.avif=01;35:*.jpg=01;35:*.jpeg=01;35:*.mjpg=01;35:*.mjpeg=01;35:*.gif=01;35:*.bmp=01;35:*.pbm=01;35:*.pgm=01;35:*.ppm=01;35:*.tga=01;35:*.xbm=01;35:*.xpm=01;35:*.tif=01;35:*.tiff=01;35:*.png=01;35:*.svg=01;35:*.svgz=01;35:*.mng=01;35:*.pcx=01;35:*.mov=01;35:*.mpg=01;35:*.mpeg=01;35:*.m2v=01;35:*.mkv=01;35:*.webm=01;35:*.webp=01;35:*.ogm=01;35:*.mp4=01;35:*.m4v=01;35:*.mp4v=01;35:*.vob=01;35:*.qt=01;35:*.nuv=01;35:*.wmv=01;35:*.asf=01;35:*.rm=01;35:*.rmvb=01;35:*.flc=01;35:*.avi=01;35:*.fli=01;35:*.flv=01;35:*.gl=01;35:*.dl=01;35:*.xcf=01;35:*.xwd=01;35:*.yuv=01;35:*.cgm=01;35:*.emf=01;35:*.ogv=01;35:*.ogx=01;35:*.aac=00;36:*.au=00;36:*.flac=00;36:*.m4a=00;36:*.mid=00;36:*.midi=00;36:*.mka=00;36:*.mp3=00;36:*.mpc=00;36:*.ogg=00;36:*.ra=00;36:*.wav=00;36:*.oga=00;36:*.opus=00;36:*.spx=00;36:*.xspf=00;36:*~=00;90:*#=00;90:*.bak=00;90:*.crdownload=00;90:*.dpkg-dist=00;90:*.dpkg-new=00;90:*.dpkg-old=00;90:*.dpkg-tmp=00;90:*.old=00;90:*.orig=00;90:*.part=00;90:*.rej=00;90:*.rpmnew=00;90:*.rpmorig=00;90:*.rpmsave=00;90:*.swp=00;90:*.tmp=00;90:*.ucf-dist=00;90:*.ucf-new=00;90:*.ucf-old=00;90:', 'GNOME_TERMINAL_SERVICE': ':1.117', 'SSH_AUTH_SOCK': '/run/user/1000/keyring/ssh', 'AMENT_PREFIX_PATH': '/home/remii/Projects/so-arm/install/so_arm_utils:/home/remii/Projects/so-arm/install/feetech_ros2_driver:/opt/ros/jazzy', 'SHELL': '/bin/bash', 'QT_ACCESSIBILITY': '1', 'GDMSESSION': 'ubuntu', 'LESSCLOSE': '/usr/bin/lesspipe %s %s', 'GPG_AGENT_INFO': '/run/user/1000/gnupg/S.gpg-agent:0:1', 'ROS_AUTOMATIC_DISCOVERY_RANGE': 'SUBNET', 'QT_IM_MODULE': 'ibus', 'PWD': '/home/remii/Projects/so-arm/build/so_arm101_description', 'XDG_CONFIG_DIRS': '/etc/xdg/xdg-ubuntu:/etc/xdg', 'XDG_DATA_DIRS': '/usr/share/ubuntu:/usr/share/gnome:/usr/local/share/:/usr/share/:/var/lib/snapd/desktop', 'PYTHONPATH': '/home/remii/Projects/so-arm/install/so_arm_utils/lib/python3.12/site-packages:/opt/ros/jazzy/lib/python3.12/site-packages', 'COLCON': '1', 'MEMORY_PRESSURE_WRITE': 'c29tZSAyMDAwMDAgMjAwMDAwMAA=', 'VTE_VERSION': '7600', 'CMAKE_PREFIX_PATH': '/home/remii/Projects/so-arm/install/so_arm_utils:/home/remii/Projects/so-arm/install/feetech_ros2_driver:/opt/ros/jazzy/opt/gz_math_vendor:/opt/ros/jazzy/opt/gz_utils_vendor:/opt/ros/jazzy/opt/gz_cmake_vendor:/opt/ros/jazzy'}), 'shell': False}
[15.994399] (so_arm100_description) CommandEnded: {'returncode': 0}
[15.994657] (so_arm100_description) JobProgress: {'identifier': 'so_arm100_description', 'progress': 'build'}
[15.994675] (so_arm100_description) Command: {'cmd': ['/usr/bin/cmake', '--build', '/home/remii/Projects/so-arm/build/so_arm100_description', '--', '-j8', '-l8'], 'cwd': '/home/remii/Projects/so-arm/build/so_arm100_description', 'env': OrderedDict({'LESSOPEN': '| /usr/bin/lesspipe %s', 'USER': 'remii', 'XDG_SESSION_TYPE': 'x11', 'CLUTTER_DISABLE_MIPMAPPED_TEXT': '1', 'SHLVL': '1', 'LD_LIBRARY_PATH': '/home/remii/Projects/so-arm/install/feetech_ros2_driver/lib:/opt/ros/jazzy/opt/rviz_ogre_vendor/lib:/opt/ros/jazzy/lib/x86_64-linux-gnu:/opt/ros/jazzy/opt/gz_math_vendor/lib:/opt/ros/jazzy/opt/gz_utils_vendor/lib:/opt/ros/jazzy/opt/gz_cmake_vendor/lib:/opt/ros/jazzy/lib', 'HOME': '/home/remii', 'OLDPWD': '/home/remii/Projects/so-arm/src', 'DESKTOP_SESSION': 'ubuntu', 'ROS_PYTHON_VERSION': '3', 'GNOME_SHELL_SESSION_MODE': 'ubuntu', 'GTK_MODULES': 'gail:atk-bridge', 'SYSTEMD_EXEC_PID': '2433', 'GSM_SKIP_SSH_AGENT_WORKAROUND': 'true', 'DBUS_SESSION_BUS_ADDRESS': 'unix:path=/run/user/1000/bus', 'COLORTERM': 'truecolor', 'DEBUGINFOD_URLS': 'https://debuginfod.ubuntu.com', 'ROS_DISTRO': 'jazzy', 'LOGNAME': 'remii', '_': '/usr/bin/colcon', 'ROS_VERSION': '2', 'MEMORY_PRESSURE_WATCH': '/sys/fs/cgroup/user.slice/user-1000.slice/user@1000.service/session.slice/org.gnome.Shell@x11.service/memory.pressure', 'XDG_SESSION_CLASS': 'user', 'USERNAME': 'remii', 'TERM': 'xterm-256color', 'GNOME_DESKTOP_SESSION_ID': 'this-is-deprecated', 'WINDOWPATH': '2', 'PATH': '/home/remii/Projects/so-arm/install/feetech_ros2_driver/bin:/opt/ros/jazzy/bin:/usr/local/sbin:/usr/local/bin:/usr/sbin:/usr/bin:/sbin:/bin:/usr/games:/usr/local/games:/snap/bin:/snap/bin', 'SESSION_MANAGER': 'local/ubuntu:@/tmp/.ICE-unix/2375,unix/ubuntu:/tmp/.ICE-unix/2375', 'XDG_MENU_PREFIX': 'gnome-', 'GNOME_TERMINAL_SCREEN': '/org/gnome/Terminal/screen/ba02816f_a271_4558_9c60_419ba256475e', 'XDG_RUNTIME_DIR': '/run/user/1000', 'DISPLAY': ':1', 'LANG': 'en_US.UTF-8', 'XDG_CURRENT_DESKTOP': 'ubuntu:GNOME', 'XMODIFIERS': '@im=ibus', 'XDG_SESSION_DESKTOP': 'ubuntu', 'XAUTHORITY': '/run/user/1000/gdm/Xauthority', 'LS_COLORS': 'rs=0:di=01;34:ln=01;36:mh=00:pi=40;33:so=01;35:do=01;35:bd=40;33;01:cd=40;33;01:or=40;31;01:mi=00:su=37;41:sg=30;43:ca=00:tw=30;42:ow=34;42:st=37;44:ex=01;32:*.tar=01;31:*.tgz=01;31:*.arc=01;31:*.arj=01;31:*.taz=01;31:*.lha=01;31:*.lz4=01;31:*.lzh=01;31:*.lzma=01;31:*.tlz=01;31:*.txz=01;31:*.tzo=01;31:*.t7z=01;31:*.zip=01;31:*.z=01;31:*.dz=01;31:*.gz=01;31:*.lrz=01;31:*.lz=01;31:*.lzo=01;31:*.xz=01;31:*.zst=01;31:*.tzst=01;31:*.bz2=01;31:*.bz=01;31:*.tbz=01;31:*.tbz2=01;31:*.tz=01;31:*.deb=01;31:*.rpm=01;31:*.jar=01;31:*.war=01;31:*.ear=01;31:*.sar=01;31:*.rar=01;31:*.alz=01;31:*.ace=01;31:*.zoo=01;31:*.cpio=01;31:*.7z=01;31:*.rz=01;31:*.cab=01;31:*.wim=01;31:*.swm=01;31:*.dwm=01;31:*.esd=01;31:*.avif=01;35:*.jpg=01;35:*.jpeg=01;35:*.mjpg=01;35:*.mjpeg=01;35:*.gif=01;35:*.bmp=01;35:*.pbm=01;35:*.pgm=01;35:*.ppm=01;35:*.tga=01;35:*.xbm=01;35:*.xpm=01;35:*.tif=01;35:*.tiff=01;35:*.png=01;35:*.svg=01;35:*.svgz=01;35:*.mng=01;35:*.pcx=01;35:*.mov=01;35:*.mpg=01;35:*.mpeg=01;35:*.m2v=01;35:*.mkv=01;35:*.webm=01;35:*.webp=01;35:*.ogm=01;35:*.mp4=01;35:*.m4v=01;35:*.mp4v=01;35:*.vob=01;35:*.qt=01;35:*.nuv=01;35:*.wmv=01;35:*.asf=01;35:*.rm=01;35:*.rmvb=01;35:*.flc=01;35:*.avi=01;35:*.fli=01;35:*.flv=01;35:*.gl=01;35:*.dl=01;35:*.xcf=01;35:*.xwd=01;35:*.yuv=01;35:*.cgm=01;35:*.emf=01;35:*.ogv=01;35:*.ogx=01;35:*.aac=00;36:*.au=00;36:*.flac=00;36:*.m4a=00;36:*.mid=00;36:*.midi=00;36:*.mka=00;36:*.mp3=00;36:*.mpc=00;36:*.ogg=00;36:*.ra=00;36:*.wav=00;36:*.oga=00;36:*.opus=00;36:*.spx=00;36:*.xspf=00;36:*~=00;90:*#=00;90:*.bak=00;90:*.crdownload=00;90:*.dpkg-dist=00;90:*.dpkg-new=00;90:*.dpkg-old=00;90:*.dpkg-tmp=00;90:*.old=00;90:*.orig=00;90:*.part=00;90:*.rej=00;90:*.rpmnew=00;90:*.rpmorig=00;90:*.rpmsave=00;90:*.swp=00;90:*.tmp=00;90:*.ucf-dist=00;90:*.ucf-new=00;90:*.ucf-old=00;90:', 'GNOME_TERMINAL_SERVICE': ':1.117', 'SSH_AUTH_SOCK': '/run/user/1000/keyring/ssh', 'AMENT_PREFIX_PATH': '/home/remii/Projects/so-arm/install/so_arm_utils:/home/remii/Projects/so-arm/install/feetech_ros2_driver:/opt/ros/jazzy', 'SHELL': '/bin/bash', 'QT_ACCESSIBILITY': '1', 'GDMSESSION': 'ubuntu', 'LESSCLOSE': '/usr/bin/lesspipe %s %s', 'GPG_AGENT_INFO': '/run/user/1000/gnupg/S.gpg-agent:0:1', 'ROS_AUTOMATIC_DISCOVERY_RANGE': 'SUBNET', 'QT_IM_MODULE': 'ibus', 'PWD': '/home/remii/Projects/so-arm/build/so_arm100_description', 'XDG_CONFIG_DIRS': '/etc/xdg/xdg-ubuntu:/etc/xdg', 'XDG_DATA_DIRS': '/usr/share/ubuntu:/usr/share/gnome:/usr/local/share/:/usr/share/:/var/lib/snapd/desktop', 'PYTHONPATH': '/home/remii/Projects/so-arm/install/so_arm_utils/lib/python3.12/site-packages:/opt/ros/jazzy/lib/python3.12/site-packages', 'COLCON': '1', 'MEMORY_PRESSURE_WRITE': 'c29tZSAyMDAwMDAgMjAwMDAwMAA=', 'VTE_VERSION': '7600', 'CMAKE_PREFIX_PATH': '/home/remii/Projects/so-arm/install/so_arm_utils:/home/remii/Projects/so-arm/install/feetech_ros2_driver:/opt/ros/jazzy/opt/gz_math_vendor:/opt/ros/jazzy/opt/gz_utils_vendor:/opt/ros/jazzy/opt/gz_cmake_vendor:/opt/ros/jazzy'}), 'shell': False}
[16.019241] (so_arm101_description) CommandEnded: {'returncode': 0}
[16.019664] (so_arm101_description) JobProgress: {'identifier': 'so_arm101_description', 'progress': 'install'}
[16.019950] (so_arm101_description) Command: {'cmd': ['/usr/bin/cmake', '--install', '/home/remii/Projects/so-arm/build/so_arm101_description'], 'cwd': '/home/remii/Projects/so-arm/build/so_arm101_description', 'env': OrderedDict({'LESSOPEN': '| /usr/bin/lesspipe %s', 'USER': 'remii', 'XDG_SESSION_TYPE': 'x11', 'CLUTTER_DISABLE_MIPMAPPED_TEXT': '1', 'SHLVL': '1', 'LD_LIBRARY_PATH': '/home/remii/Projects/so-arm/install/feetech_ros2_driver/lib:/opt/ros/jazzy/opt/rviz_ogre_vendor/lib:/opt/ros/jazzy/lib/x86_64-linux-gnu:/opt/ros/jazzy/opt/gz_math_vendor/lib:/opt/ros/jazzy/opt/gz_utils_vendor/lib:/opt/ros/jazzy/opt/gz_cmake_vendor/lib:/opt/ros/jazzy/lib', 'HOME': '/home/remii', 'OLDPWD': '/home/remii/Projects/so-arm/src', 'DESKTOP_SESSION': 'ubuntu', 'ROS_PYTHON_VERSION': '3', 'GNOME_SHELL_SESSION_MODE': 'ubuntu', 'GTK_MODULES': 'gail:atk-bridge', 'SYSTEMD_EXEC_PID': '2433', 'GSM_SKIP_SSH_AGENT_WORKAROUND': 'true', 'DBUS_SESSION_BUS_ADDRESS': 'unix:path=/run/user/1000/bus', 'COLORTERM': 'truecolor', 'DEBUGINFOD_URLS': 'https://debuginfod.ubuntu.com', 'ROS_DISTRO': 'jazzy', 'LOGNAME': 'remii', '_': '/usr/bin/colcon', 'ROS_VERSION': '2', 'MEMORY_PRESSURE_WATCH': '/sys/fs/cgroup/user.slice/user-1000.slice/user@1000.service/session.slice/org.gnome.Shell@x11.service/memory.pressure', 'XDG_SESSION_CLASS': 'user', 'USERNAME': 'remii', 'TERM': 'xterm-256color', 'GNOME_DESKTOP_SESSION_ID': 'this-is-deprecated', 'WINDOWPATH': '2', 'PATH': '/home/remii/Projects/so-arm/install/feetech_ros2_driver/bin:/opt/ros/jazzy/bin:/usr/local/sbin:/usr/local/bin:/usr/sbin:/usr/bin:/sbin:/bin:/usr/games:/usr/local/games:/snap/bin:/snap/bin', 'SESSION_MANAGER': 'local/ubuntu:@/tmp/.ICE-unix/2375,unix/ubuntu:/tmp/.ICE-unix/2375', 'XDG_MENU_PREFIX': 'gnome-', 'GNOME_TERMINAL_SCREEN': '/org/gnome/Terminal/screen/ba02816f_a271_4558_9c60_419ba256475e', 'XDG_RUNTIME_DIR': '/run/user/1000', 'DISPLAY': ':1', 'LANG': 'en_US.UTF-8', 'XDG_CURRENT_DESKTOP': 'ubuntu:GNOME', 'XMODIFIERS': '@im=ibus', 'XDG_SESSION_DESKTOP': 'ubuntu', 'XAUTHORITY': '/run/user/1000/gdm/Xauthority', 'LS_COLORS': 'rs=0:di=01;34:ln=01;36:mh=00:pi=40;33:so=01;35:do=01;35:bd=40;33;01:cd=40;33;01:or=40;31;01:mi=00:su=37;41:sg=30;43:ca=00:tw=30;42:ow=34;42:st=37;44:ex=01;32:*.tar=01;31:*.tgz=01;31:*.arc=01;31:*.arj=01;31:*.taz=01;31:*.lha=01;31:*.lz4=01;31:*.lzh=01;31:*.lzma=01;31:*.tlz=01;31:*.txz=01;31:*.tzo=01;31:*.t7z=01;31:*.zip=01;31:*.z=01;31:*.dz=01;31:*.gz=01;31:*.lrz=01;31:*.lz=01;31:*.lzo=01;31:*.xz=01;31:*.zst=01;31:*.tzst=01;31:*.bz2=01;31:*.bz=01;31:*.tbz=01;31:*.tbz2=01;31:*.tz=01;31:*.deb=01;31:*.rpm=01;31:*.jar=01;31:*.war=01;31:*.ear=01;31:*.sar=01;31:*.rar=01;31:*.alz=01;31:*.ace=01;31:*.zoo=01;31:*.cpio=01;31:*.7z=01;31:*.rz=01;31:*.cab=01;31:*.wim=01;31:*.swm=01;31:*.dwm=01;31:*.esd=01;31:*.avif=01;35:*.jpg=01;35:*.jpeg=01;35:*.mjpg=01;35:*.mjpeg=01;35:*.gif=01;35:*.bmp=01;35:*.pbm=01;35:*.pgm=01;35:*.ppm=01;35:*.tga=01;35:*.xbm=01;35:*.xpm=01;35:*.tif=01;35:*.tiff=01;35:*.png=01;35:*.svg=01;35:*.svgz=01;35:*.mng=01;35:*.pcx=01;35:*.mov=01;35:*.mpg=01;35:*.mpeg=01;35:*.m2v=01;35:*.mkv=01;35:*.webm=01;35:*.webp=01;35:*.ogm=01;35:*.mp4=01;35:*.m4v=01;35:*.mp4v=01;35:*.vob=01;35:*.qt=01;35:*.nuv=01;35:*.wmv=01;35:*.asf=01;35:*.rm=01;35:*.rmvb=01;35:*.flc=01;35:*.avi=01;35:*.fli=01;35:*.flv=01;35:*.gl=01;35:*.dl=01;35:*.xcf=01;35:*.xwd=01;35:*.yuv=01;35:*.cgm=01;35:*.emf=01;35:*.ogv=01;35:*.ogx=01;35:*.aac=00;36:*.au=00;36:*.flac=00;36:*.m4a=00;36:*.mid=00;36:*.midi=00;36:*.mka=00;36:*.mp3=00;36:*.mpc=00;36:*.ogg=00;36:*.ra=00;36:*.wav=00;36:*.oga=00;36:*.opus=00;36:*.spx=00;36:*.xspf=00;36:*~=00;90:*#=00;90:*.bak=00;90:*.crdownload=00;90:*.dpkg-dist=00;90:*.dpkg-new=00;90:*.dpkg-old=00;90:*.dpkg-tmp=00;90:*.old=00;90:*.orig=00;90:*.part=00;90:*.rej=00;90:*.rpmnew=00;90:*.rpmorig=00;90:*.rpmsave=00;90:*.swp=00;90:*.tmp=00;90:*.ucf-dist=00;90:*.ucf-new=00;90:*.ucf-old=00;90:', 'GNOME_TERMINAL_SERVICE': ':1.117', 'SSH_AUTH_SOCK': '/run/user/1000/keyring/ssh', 'AMENT_PREFIX_PATH': '/home/remii/Projects/so-arm/install/so_arm_utils:/home/remii/Projects/so-arm/install/feetech_ros2_driver:/opt/ros/jazzy', 'SHELL': '/bin/bash', 'QT_ACCESSIBILITY': '1', 'GDMSESSION': 'ubuntu', 'LESSCLOSE': '/usr/bin/lesspipe %s %s', 'GPG_AGENT_INFO': '/run/user/1000/gnupg/S.gpg-agent:0:1', 'ROS_AUTOMATIC_DISCOVERY_RANGE': 'SUBNET', 'QT_IM_MODULE': 'ibus', 'PWD': '/home/remii/Projects/so-arm/build/so_arm101_description', 'XDG_CONFIG_DIRS': '/etc/xdg/xdg-ubuntu:/etc/xdg', 'XDG_DATA_DIRS': '/usr/share/ubuntu:/usr/share/gnome:/usr/local/share/:/usr/share/:/var/lib/snapd/desktop', 'PYTHONPATH': '/home/remii/Projects/so-arm/install/so_arm_utils/lib/python3.12/site-packages:/opt/ros/jazzy/lib/python3.12/site-packages', 'COLCON': '1', 'MEMORY_PRESSURE_WRITE': 'c29tZSAyMDAwMDAgMjAwMDAwMAA=', 'VTE_VERSION': '7600', 'CMAKE_PREFIX_PATH': '/home/remii/Projects/so-arm/install/so_arm_utils:/home/remii/Projects/so-arm/install/feetech_ros2_driver:/opt/ros/jazzy/opt/gz_math_vendor:/opt/ros/jazzy/opt/gz_utils_vendor:/opt/ros/jazzy/opt/gz_cmake_vendor:/opt/ros/jazzy'}), 'shell': False}
[16.020518] (so_arm100_description) CommandEnded: {'returncode': 0}
[16.021041] (so_arm100_description) JobProgress: {'identifier': 'so_arm100_description', 'progress': 'install'}
[16.021320] (so_arm100_description) Command: {'cmd': ['/usr/bin/cmake', '--install', '/home/remii/Projects/so-arm/build/so_arm100_description'], 'cwd': '/home/remii/Projects/so-arm/build/so_arm100_description', 'env': OrderedDict({'LESSOPEN': '| /usr/bin/lesspipe %s', 'USER': 'remii', 'XDG_SESSION_TYPE': 'x11', 'CLUTTER_DISABLE_MIPMAPPED_TEXT': '1', 'SHLVL': '1', 'LD_LIBRARY_PATH': '/home/remii/Projects/so-arm/install/feetech_ros2_driver/lib:/opt/ros/jazzy/opt/rviz_ogre_vendor/lib:/opt/ros/jazzy/lib/x86_64-linux-gnu:/opt/ros/jazzy/opt/gz_math_vendor/lib:/opt/ros/jazzy/opt/gz_utils_vendor/lib:/opt/ros/jazzy/opt/gz_cmake_vendor/lib:/opt/ros/jazzy/lib', 'HOME': '/home/remii', 'OLDPWD': '/home/remii/Projects/so-arm/src', 'DESKTOP_SESSION': 'ubuntu', 'ROS_PYTHON_VERSION': '3', 'GNOME_SHELL_SESSION_MODE': 'ubuntu', 'GTK_MODULES': 'gail:atk-bridge', 'SYSTEMD_EXEC_PID': '2433', 'GSM_SKIP_SSH_AGENT_WORKAROUND': 'true', 'DBUS_SESSION_BUS_ADDRESS': 'unix:path=/run/user/1000/bus', 'COLORTERM': 'truecolor', 'DEBUGINFOD_URLS': 'https://debuginfod.ubuntu.com', 'ROS_DISTRO': 'jazzy', 'LOGNAME': 'remii', '_': '/usr/bin/colcon', 'ROS_VERSION': '2', 'MEMORY_PRESSURE_WATCH': '/sys/fs/cgroup/user.slice/user-1000.slice/user@1000.service/session.slice/org.gnome.Shell@x11.service/memory.pressure', 'XDG_SESSION_CLASS': 'user', 'USERNAME': 'remii', 'TERM': 'xterm-256color', 'GNOME_DESKTOP_SESSION_ID': 'this-is-deprecated', 'WINDOWPATH': '2', 'PATH': '/home/remii/Projects/so-arm/install/feetech_ros2_driver/bin:/opt/ros/jazzy/bin:/usr/local/sbin:/usr/local/bin:/usr/sbin:/usr/bin:/sbin:/bin:/usr/games:/usr/local/games:/snap/bin:/snap/bin', 'SESSION_MANAGER': 'local/ubuntu:@/tmp/.ICE-unix/2375,unix/ubuntu:/tmp/.ICE-unix/2375', 'XDG_MENU_PREFIX': 'gnome-', 'GNOME_TERMINAL_SCREEN': '/org/gnome/Terminal/screen/ba02816f_a271_4558_9c60_419ba256475e', 'XDG_RUNTIME_DIR': '/run/user/1000', 'DISPLAY': ':1', 'LANG': 'en_US.UTF-8', 'XDG_CURRENT_DESKTOP': 'ubuntu:GNOME', 'XMODIFIERS': '@im=ibus', 'XDG_SESSION_DESKTOP': 'ubuntu', 'XAUTHORITY': '/run/user/1000/gdm/Xauthority', 'LS_COLORS': 'rs=0:di=01;34:ln=01;36:mh=00:pi=40;33:so=01;35:do=01;35:bd=40;33;01:cd=40;33;01:or=40;31;01:mi=00:su=37;41:sg=30;43:ca=00:tw=30;42:ow=34;42:st=37;44:ex=01;32:*.tar=01;31:*.tgz=01;31:*.arc=01;31:*.arj=01;31:*.taz=01;31:*.lha=01;31:*.lz4=01;31:*.lzh=01;31:*.lzma=01;31:*.tlz=01;31:*.txz=01;31:*.tzo=01;31:*.t7z=01;31:*.zip=01;31:*.z=01;31:*.dz=01;31:*.gz=01;31:*.lrz=01;31:*.lz=01;31:*.lzo=01;31:*.xz=01;31:*.zst=01;31:*.tzst=01;31:*.bz2=01;31:*.bz=01;31:*.tbz=01;31:*.tbz2=01;31:*.tz=01;31:*.deb=01;31:*.rpm=01;31:*.jar=01;31:*.war=01;31:*.ear=01;31:*.sar=01;31:*.rar=01;31:*.alz=01;31:*.ace=01;31:*.zoo=01;31:*.cpio=01;31:*.7z=01;31:*.rz=01;31:*.cab=01;31:*.wim=01;31:*.swm=01;31:*.dwm=01;31:*.esd=01;31:*.avif=01;35:*.jpg=01;35:*.jpeg=01;35:*.mjpg=01;35:*.mjpeg=01;35:*.gif=01;35:*.bmp=01;35:*.pbm=01;35:*.pgm=01;35:*.ppm=01;35:*.tga=01;35:*.xbm=01;35:*.xpm=01;35:*.tif=01;35:*.tiff=01;35:*.png=01;35:*.svg=01;35:*.svgz=01;35:*.mng=01;35:*.pcx=01;35:*.mov=01;35:*.mpg=01;35:*.mpeg=01;35:*.m2v=01;35:*.mkv=01;35:*.webm=01;35:*.webp=01;35:*.ogm=01;35:*.mp4=01;35:*.m4v=01;35:*.mp4v=01;35:*.vob=01;35:*.qt=01;35:*.nuv=01;35:*.wmv=01;35:*.asf=01;35:*.rm=01;35:*.rmvb=01;35:*.flc=01;35:*.avi=01;35:*.fli=01;35:*.flv=01;35:*.gl=01;35:*.dl=01;35:*.xcf=01;35:*.xwd=01;35:*.yuv=01;35:*.cgm=01;35:*.emf=01;35:*.ogv=01;35:*.ogx=01;35:*.aac=00;36:*.au=00;36:*.flac=00;36:*.m4a=00;36:*.mid=00;36:*.midi=00;36:*.mka=00;36:*.mp3=00;36:*.mpc=00;36:*.ogg=00;36:*.ra=00;36:*.wav=00;36:*.oga=00;36:*.opus=00;36:*.spx=00;36:*.xspf=00;36:*~=00;90:*#=00;90:*.bak=00;90:*.crdownload=00;90:*.dpkg-dist=00;90:*.dpkg-new=00;90:*.dpkg-old=00;90:*.dpkg-tmp=00;90:*.old=00;90:*.orig=00;90:*.part=00;90:*.rej=00;90:*.rpmnew=00;90:*.rpmorig=00;90:*.rpmsave=00;90:*.swp=00;90:*.tmp=00;90:*.ucf-dist=00;90:*.ucf-new=00;90:*.ucf-old=00;90:', 'GNOME_TERMINAL_SERVICE': ':1.117', 'SSH_AUTH_SOCK': '/run/user/1000/keyring/ssh', 'AMENT_PREFIX_PATH': '/home/remii/Projects/so-arm/install/so_arm_utils:/home/remii/Projects/so-arm/install/feetech_ros2_driver:/opt/ros/jazzy', 'SHELL': '/bin/bash', 'QT_ACCESSIBILITY': '1', 'GDMSESSION': 'ubuntu', 'LESSCLOSE': '/usr/bin/lesspipe %s %s', 'GPG_AGENT_INFO': '/run/user/1000/gnupg/S.gpg-agent:0:1', 'ROS_AUTOMATIC_DISCOVERY_RANGE': 'SUBNET', 'QT_IM_MODULE': 'ibus', 'PWD': '/home/remii/Projects/so-arm/build/so_arm100_description', 'XDG_CONFIG_DIRS': '/etc/xdg/xdg-ubuntu:/etc/xdg', 'XDG_DATA_DIRS': '/usr/share/ubuntu:/usr/share/gnome:/usr/local/share/:/usr/share/:/var/lib/snapd/desktop', 'PYTHONPATH': '/home/remii/Projects/so-arm/install/so_arm_utils/lib/python3.12/site-packages:/opt/ros/jazzy/lib/python3.12/site-packages', 'COLCON': '1', 'MEMORY_PRESSURE_WRITE': 'c29tZSAyMDAwMDAgMjAwMDAwMAA=', 'VTE_VERSION': '7600', 'CMAKE_PREFIX_PATH': '/home/remii/Projects/so-arm/install/so_arm_utils:/home/remii/Projects/so-arm/install/feetech_ros2_driver:/opt/ros/jazzy/opt/gz_math_vendor:/opt/ros/jazzy/opt/gz_utils_vendor:/opt/ros/jazzy/opt/gz_cmake_vendor:/opt/ros/jazzy'}), 'shell': False}
[16.025375] (so_arm101_description) StdoutLine: {'line': b'-- Install configuration: ""\n'}
[16.025730] (so_arm101_description) StdoutLine: {'line': b'-- Execute custom install script\n'}
[16.025939] (so_arm101_description) StdoutLine: {'line': b'-- Symlinking: /home/remii/Projects/so-arm/install/so_arm101_description/share/so_arm101_description/environment/so_arm101_description.dsv\n'}
[16.026324] (so_arm100_description) StdoutLine: {'line': b'-- Install configuration: ""\n'}
[16.026647] (so_arm100_description) StdoutLine: {'line': b'-- Execute custom install script\n'}
[16.026896] (so_arm100_description) StdoutLine: {'line': b'-- Symlinking: /home/remii/Projects/so-arm/install/so_arm100_description/share/so_arm100_description/environment/so_arm100_description.dsv\n'}
[16.031760] (so_arm101_description) StdoutLine: {'line': b'-- Symlinking: /home/remii/Projects/so-arm/install/so_arm101_description/share/so_arm101_description//urdf/so_arm101.urdf.xacro\n'}
[16.032341] (so_arm100_description) StdoutLine: {'line': b'-- Symlinking: /home/remii/Projects/so-arm/install/so_arm100_description/share/so_arm100_description//urdf/so_arm100.urdf.xacro\n'}
[16.033205] (-) TimerEvent: {}
[16.037414] (so_arm101_description) StdoutLine: {'line': b'-- Symlinking: /home/remii/Projects/so-arm/install/so_arm101_description/share/so_arm101_description//urdf/so_arm101_macro.xacro\n'}
[16.037611] (so_arm100_description) StdoutLine: {'line': b'-- Symlinking: /home/remii/Projects/so-arm/install/so_arm100_description/share/so_arm100_description//urdf/so_arm100_macro.xacro\n'}
[16.043101] (so_arm100_description) StdoutLine: {'line': b'-- Symlinking: /home/remii/Projects/so-arm/install/so_arm100_description/share/so_arm100_description//mjcf/scene.xml\n'}
[16.043318] (so_arm101_description) StdoutLine: {'line': b'-- Symlinking: /home/remii/Projects/so-arm/install/so_arm101_description/share/so_arm101_description//control/ros2_controllers.yaml\n'}
[16.048645] (so_arm101_description) StdoutLine: {'line': b'-- Symlinking: /home/remii/Projects/so-arm/install/so_arm101_description/share/so_arm101_description//control/so_arm101.ros2_control.xacro\n'}
[16.048776] (so_arm100_description) StdoutLine: {'line': b'-- Symlinking: /home/remii/Projects/so-arm/install/so_arm100_description/share/so_arm100_description//mjcf/so_arm100.xml\n'}
[16.054520] (so_arm100_description) StdoutLine: {'line': b'-- Symlinking: /home/remii/Projects/so-arm/install/so_arm100_description/share/so_arm100_description//meshes/Base.stl\n'}
[16.054712] (so_arm101_description) StdoutLine: {'line': b'-- Symlinking: /home/remii/Projects/so-arm/install/so_arm101_description/share/so_arm101_description//meshes/LICENSE\n'}
[16.060243] (so_arm101_description) StdoutLine: {'line': b'-- Symlinking: /home/remii/Projects/so-arm/install/so_arm101_description/share/so_arm101_description//meshes/base_motor_holder_so101_v1.stl\n'}
[16.060370] (so_arm100_description) StdoutLine: {'line': b'-- Symlinking: /home/remii/Projects/so-arm/install/so_arm100_description/share/so_arm100_description//meshes/Base_Motor.stl\n'}
[16.066208] (so_arm100_description) StdoutLine: {'line': b'-- Symlinking: /home/remii/Projects/so-arm/install/so_arm100_description/share/so_arm100_description//meshes/Fixed_Jaw.stl\n'}
[16.066394] (so_arm101_description) StdoutLine: {'line': b'-- Symlinking: /home/remii/Projects/so-arm/install/so_arm101_description/share/so_arm101_description//meshes/base_so101_v2.stl\n'}
[16.071880] (so_arm101_description) StdoutLine: {'line': b'-- Symlinking: /home/remii/Projects/so-arm/install/so_arm101_description/share/so_arm101_description//meshes/motor_holder_so101_base_v1.stl\n'}
[16.072012] (so_arm100_description) StdoutLine: {'line': b'-- Symlinking: /home/remii/Projects/so-arm/install/so_arm100_description/share/so_arm100_description//meshes/Fixed_Jaw_Motor.stl\n'}
[16.077493] (so_arm101_description) StdoutLine: {'line': b'-- Symlinking: /home/remii/Projects/so-arm/install/so_arm101_description/share/so_arm101_description//meshes/motor_holder_so101_wrist_v1.stl\n'}
[16.077687] (so_arm100_description) StdoutLine: {'line': b'-- Symlinking: /home/remii/Projects/so-arm/install/so_arm100_description/share/so_arm100_description//meshes/LICENSE\n'}
[16.083255] (so_arm100_description) StdoutLine: {'line': b'-- Symlinking: /home/remii/Projects/so-arm/install/so_arm100_description/share/so_arm100_description//meshes/Lower_Arm.stl\n'}
[16.083488] (so_arm101_description) StdoutLine: {'line': b'-- Symlinking: /home/remii/Projects/so-arm/install/so_arm101_description/share/so_arm101_description//meshes/moving_jaw_so101_v1.stl\n'}
[16.089027] (so_arm101_description) StdoutLine: {'line': b'-- Symlinking: /home/remii/Projects/so-arm/install/so_arm101_description/share/so_arm101_description//meshes/rotation_pitch_so101_v1.stl\n'}
[16.089251] (so_arm100_description) StdoutLine: {'line': b'-- Symlinking: /home/remii/Projects/so-arm/install/so_arm100_description/share/so_arm100_description//meshes/Lower_Arm_Motor.stl\n'}
[16.094559] (so_arm101_description) StdoutLine: {'line': b'-- Symlinking: /home/remii/Projects/so-arm/install/so_arm101_description/share/so_arm101_description//meshes/sts3215_03a_no_horn_v1.stl\n'}
[16.094710] (so_arm100_description) StdoutLine: {'line': b'-- Symlinking: /home/remii/Projects/so-arm/install/so_arm100_description/share/so_arm100_description//meshes/Moving_Jaw.stl\n'}
[16.100151] (so_arm101_description) StdoutLine: {'line': b'-- Symlinking: /home/remii/Projects/so-arm/install/so_arm101_description/share/so_arm101_description//meshes/sts3215_03a_v1.stl\n'}
[16.100340] (so_arm100_description) StdoutLine: {'line': b'-- Symlinking: /home/remii/Projects/so-arm/install/so_arm100_description/share/so_arm100_description//meshes/Rotation_Pitch.stl\n'}
[16.106058] (so_arm101_description) StdoutLine: {'line': b'-- Symlinking: /home/remii/Projects/so-arm/install/so_arm101_description/share/so_arm101_description//meshes/under_arm_so101_v1.stl\n'}
[16.106250] (so_arm100_description) StdoutLine: {'line': b'-- Symlinking: /home/remii/Projects/so-arm/install/so_arm100_description/share/so_arm100_description//meshes/Rotation_Pitch_Motor.stl\n'}
[16.111778] (so_arm101_description) StdoutLine: {'line': b'-- Symlinking: /home/remii/Projects/so-arm/install/so_arm101_description/share/so_arm101_description//meshes/upper_arm_so101_v1.stl\n'}
[16.111920] (so_arm100_description) StdoutLine: {'line': b'-- Symlinking: /home/remii/Projects/so-arm/install/so_arm100_description/share/so_arm100_description//meshes/Upper_Arm.stl\n'}
[16.117578] (so_arm101_description) StdoutLine: {'line': b'-- Symlinking: /home/remii/Projects/so-arm/install/so_arm101_description/share/so_arm101_description//meshes/waveshare_mounting_plate_so101_v2.stl\n'}
[16.117764] (so_arm100_description) StdoutLine: {'line': b'-- Symlinking: /home/remii/Projects/so-arm/install/so_arm100_description/share/so_arm100_description//meshes/Upper_Arm_Motor.stl\n'}
[16.123515] (so_arm101_description) StdoutLine: {'line': b'-- Symlinking: /home/remii/Projects/so-arm/install/so_arm101_description/share/so_arm101_description//meshes/wrist_roll_follower_so101_v1.stl\n'}
[16.123657] (so_arm100_description) StdoutLine: {'line': b'-- Symlinking: /home/remii/Projects/so-arm/install/so_arm100_description/share/so_arm100_description//meshes/Wrist_Pitch_Roll.stl\n'}
[16.129299] (so_arm100_description) StdoutLine: {'line': b'-- Symlinking: /home/remii/Projects/so-arm/install/so_arm100_description/share/so_arm100_description//meshes/Wrist_Pitch_Roll_Motor.stl\n'}
[16.129517] (so_arm101_description) StdoutLine: {'line': b'-- Symlinking: /home/remii/Projects/so-arm/install/so_arm101_description/share/so_arm101_description//meshes/wrist_roll_pitch_so101_v2.stl\n'}
[16.133303] (-) TimerEvent: {}
[16.135400] (so_arm100_description) StdoutLine: {'line': b'-- Symlinking: /home/remii/Projects/so-arm/install/so_arm100_description/share/so_arm100_description//control/ros2_controllers.yaml\n'}
[16.135534] (so_arm101_description) StdoutLine: {'line': b'-- Symlinking: /home/remii/Projects/so-arm/install/so_arm101_description/share/so_arm101_description//mjcf/scene.xml\n'}
[16.141480] (so_arm101_description) StdoutLine: {'line': b'-- Symlinking: /home/remii/Projects/so-arm/install/so_arm101_description/share/so_arm101_description//mjcf/so_arm101.xml\n'}
[16.141628] (so_arm100_description) StdoutLine: {'line': b'-- Symlinking: /home/remii/Projects/so-arm/install/so_arm100_description/share/so_arm100_description//control/so_arm100.ros2_control.xacro\n'}
[16.147646] (so_arm101_description) StdoutLine: {'line': b'-- Symlinking: /home/remii/Projects/so-arm/install/so_arm101_description/share/so_arm101_description//rviz/config.rviz\n'}
[16.147831] (so_arm100_description) StdoutLine: {'line': b'-- Symlinking: /home/remii/Projects/so-arm/install/so_arm100_description/share/so_arm100_description//rviz/config.rviz\n'}
[16.153686] (so_arm100_description) StdoutLine: {'line': b'-- Symlinking: /home/remii/Projects/so-arm/install/so_arm100_description/share/so_arm100_description//launch/controllers_bringup.launch.py\n'}
[16.153864] (so_arm101_description) StdoutLine: {'line': b'-- Symlinking: /home/remii/Projects/so-arm/install/so_arm101_description/share/so_arm101_description//launch/controllers_bringup.launch.py\n'}
[16.159596] (so_arm101_description) StdoutLine: {'line': b'-- Symlinking: /home/remii/Projects/so-arm/install/so_arm101_description/share/so_arm101_description//launch/view_description.launch.py\n'}
[16.159779] (so_arm100_description) StdoutLine: {'line': b'-- Symlinking: /home/remii/Projects/so-arm/install/so_arm100_description/share/ament_index/resource_index/package_run_dependencies/so_arm100_description\n'}
[16.165571] (so_arm100_description) StdoutLine: {'line': b'-- Symlinking: /home/remii/Projects/so-arm/install/so_arm100_description/share/ament_index/resource_index/parent_prefix_path/so_arm100_description\n'}
[16.165731] (so_arm101_description) StdoutLine: {'line': b'-- Symlinking: /home/remii/Projects/so-arm/install/so_arm101_description/share/ament_index/resource_index/package_run_dependencies/so_arm101_description\n'}
[16.171573] (so_arm101_description) StdoutLine: {'line': b'-- Symlinking: /home/remii/Projects/so-arm/install/so_arm101_description/share/ament_index/resource_index/parent_prefix_path/so_arm101_description\n'}
[16.171744] (so_arm100_description) StdoutLine: {'line': b'-- Symlinking: /home/remii/Projects/so-arm/install/so_arm100_description/share/so_arm100_description/environment/ament_prefix_path.sh\n'}
[16.177441] (so_arm100_description) StdoutLine: {'line': b'-- Symlinking: /home/remii/Projects/so-arm/install/so_arm100_description/share/so_arm100_description/environment/ament_prefix_path.dsv\n'}
[16.177625] (so_arm101_description) StdoutLine: {'line': b'-- Symlinking: /home/remii/Projects/so-arm/install/so_arm101_description/share/so_arm101_description/environment/ament_prefix_path.sh\n'}
[16.183693] (so_arm101_description) StdoutLine: {'line': b'-- Symlinking: /home/remii/Projects/so-arm/install/so_arm101_description/share/so_arm101_description/environment/ament_prefix_path.dsv\n'}
[16.183869] (so_arm100_description) StdoutLine: {'line': b'-- Symlinking: /home/remii/Projects/so-arm/install/so_arm100_description/share/so_arm100_description/environment/path.sh\n'}
[16.189822] (so_arm100_description) StdoutLine: {'line': b'-- Symlinking: /home/remii/Projects/so-arm/install/so_arm100_description/share/so_arm100_description/environment/path.dsv\n'}
[16.190076] (so_arm101_description) StdoutLine: {'line': b'-- Symlinking: /home/remii/Projects/so-arm/install/so_arm101_description/share/so_arm101_description/environment/path.sh\n'}
[16.195634] (so_arm100_description) StdoutLine: {'line': b'-- Symlinking: /home/remii/Projects/so-arm/install/so_arm100_description/share/so_arm100_description/local_setup.bash\n'}
[16.195781] (so_arm101_description) StdoutLine: {'line': b'-- Symlinking: /home/remii/Projects/so-arm/install/so_arm101_description/share/so_arm101_description/environment/path.dsv\n'}
[16.201674] (so_arm101_description) StdoutLine: {'line': b'-- Symlinking: /home/remii/Projects/so-arm/install/so_arm101_description/share/so_arm101_description/local_setup.bash\n'}
[16.201808] (so_arm100_description) StdoutLine: {'line': b'-- Symlinking: /home/remii/Projects/so-arm/install/so_arm100_description/share/so_arm100_description/local_setup.sh\n'}
[16.207651] (so_arm100_description) StdoutLine: {'line': b'-- Symlinking: /home/remii/Projects/so-arm/install/so_arm100_description/share/so_arm100_description/local_setup.zsh\n'}
[16.207802] (so_arm101_description) StdoutLine: {'line': b'-- Symlinking: /home/remii/Projects/so-arm/install/so_arm101_description/share/so_arm101_description/local_setup.sh\n'}
[16.213644] (so_arm101_description) StdoutLine: {'line': b'-- Symlinking: /home/remii/Projects/so-arm/install/so_arm101_description/share/so_arm101_description/local_setup.zsh\n'}
[16.213788] (so_arm100_description) StdoutLine: {'line': b'-- Symlinking: /home/remii/Projects/so-arm/install/so_arm100_description/share/so_arm100_description/local_setup.dsv\n'}
[16.219611] (so_arm101_description) StdoutLine: {'line': b'-- Symlinking: /home/remii/Projects/so-arm/install/so_arm101_description/share/so_arm101_description/local_setup.dsv\n'}
[16.219734] (so_arm100_description) StdoutLine: {'line': b'-- Symlinking: /home/remii/Projects/so-arm/install/so_arm100_description/share/so_arm100_description/package.dsv\n'}
[16.225989] (so_arm101_description) StdoutLine: {'line': b'-- Symlinking: /home/remii/Projects/so-arm/install/so_arm101_description/share/so_arm101_description/package.dsv\n'}
[16.226202] (so_arm100_description) StdoutLine: {'line': b'-- Symlinking: /home/remii/Projects/so-arm/install/so_arm100_description/share/ament_index/resource_index/packages/so_arm100_description\n'}
[16.232052] (so_arm100_description) StdoutLine: {'line': b'-- Symlinking: /home/remii/Projects/so-arm/install/so_arm100_description/share/so_arm100_description/cmake/so_arm100_descriptionConfig.cmake\n'}
[16.232176] (so_arm101_description) StdoutLine: {'line': b'-- Symlinking: /home/remii/Projects/so-arm/install/so_arm101_description/share/ament_index/resource_index/packages/so_arm101_description\n'}
[16.233392] (-) TimerEvent: {}
[16.238037] (so_arm100_description) StdoutLine: {'line': b'-- Symlinking: /home/remii/Projects/so-arm/install/so_arm100_description/share/so_arm100_description/cmake/so_arm100_descriptionConfig-version.cmake\n'}
[16.238226] (so_arm101_description) StdoutLine: {'line': b'-- Symlinking: /home/remii/Projects/so-arm/install/so_arm101_description/share/so_arm101_description/cmake/so_arm101_descriptionConfig.cmake\n'}
[16.243975] (so_arm101_description) StdoutLine: {'line': b'-- Symlinking: /home/remii/Projects/so-arm/install/so_arm101_description/share/so_arm101_description/cmake/so_arm101_descriptionConfig-version.cmake\n'}
[16.244101] (so_arm100_description) StdoutLine: {'line': b'-- Symlinking: /home/remii/Projects/so-arm/install/so_arm100_description/share/so_arm100_description/package.xml\n'}
[16.249902] (so_arm101_description) StdoutLine: {'line': b'-- Symlinking: /home/remii/Projects/so-arm/install/so_arm101_description/share/so_arm101_description/package.xml\n'}
[16.250721] (so_arm100_description) CommandEnded: {'returncode': 0}
[16.260003] (so_arm100_description) JobEnded: {'identifier': 'so_arm100_description', 'rc': 0}
[16.260864] (so_arm100_moveit_config) JobStarted: {'identifier': 'so_arm100_moveit_config'}
[16.263419] (so_arm101_description) CommandEnded: {'returncode': 0}
[16.272226] (so_arm101_description) JobEnded: {'identifier': 'so_arm101_description', 'rc': 0}
[16.272967] (so_arm_gz) JobStarted: {'identifier': 'so_arm_gz'}
[16.275251] (so_arm100_moveit_config) JobProgress: {'identifier': 'so_arm100_moveit_config', 'progress': 'cmake'}
[16.275637] (so_arm100_moveit_config) Command: {'cmd': ['/usr/bin/cmake', '/home/remii/Projects/so-arm/src/ros2_so_arm100/so_arm100_moveit_config', '-DAMENT_CMAKE_SYMLINK_INSTALL=1', '-DCMAKE_INSTALL_PREFIX=/home/remii/Projects/so-arm/install/so_arm100_moveit_config'], 'cwd': '/home/remii/Projects/so-arm/build/so_arm100_moveit_config', 'env': OrderedDict({'LESSOPEN': '| /usr/bin/lesspipe %s', 'USER': 'remii', 'XDG_SESSION_TYPE': 'x11', 'CLUTTER_DISABLE_MIPMAPPED_TEXT': '1', 'SHLVL': '1', 'LD_LIBRARY_PATH': '/home/remii/Projects/so-arm/install/feetech_ros2_driver/lib:/opt/ros/jazzy/opt/rviz_ogre_vendor/lib:/opt/ros/jazzy/lib/x86_64-linux-gnu:/opt/ros/jazzy/opt/gz_math_vendor/lib:/opt/ros/jazzy/opt/gz_utils_vendor/lib:/opt/ros/jazzy/opt/gz_cmake_vendor/lib:/opt/ros/jazzy/lib', 'HOME': '/home/remii', 'OLDPWD': '/home/remii/Projects/so-arm/src', 'DESKTOP_SESSION': 'ubuntu', 'ROS_PYTHON_VERSION': '3', 'GNOME_SHELL_SESSION_MODE': 'ubuntu', 'GTK_MODULES': 'gail:atk-bridge', 'SYSTEMD_EXEC_PID': '2433', 'GSM_SKIP_SSH_AGENT_WORKAROUND': 'true', 'DBUS_SESSION_BUS_ADDRESS': 'unix:path=/run/user/1000/bus', 'COLORTERM': 'truecolor', 'DEBUGINFOD_URLS': 'https://debuginfod.ubuntu.com', 'ROS_DISTRO': 'jazzy', 'LOGNAME': 'remii', '_': '/usr/bin/colcon', 'ROS_VERSION': '2', 'MEMORY_PRESSURE_WATCH': '/sys/fs/cgroup/user.slice/user-1000.slice/user@1000.service/session.slice/org.gnome.Shell@x11.service/memory.pressure', 'XDG_SESSION_CLASS': 'user', 'USERNAME': 'remii', 'TERM': 'xterm-256color', 'GNOME_DESKTOP_SESSION_ID': 'this-is-deprecated', 'WINDOWPATH': '2', 'PATH': '/home/remii/Projects/so-arm/install/feetech_ros2_driver/bin:/opt/ros/jazzy/bin:/usr/local/sbin:/usr/local/bin:/usr/sbin:/usr/bin:/sbin:/bin:/usr/games:/usr/local/games:/snap/bin:/snap/bin', 'SESSION_MANAGER': 'local/ubuntu:@/tmp/.ICE-unix/2375,unix/ubuntu:/tmp/.ICE-unix/2375', 'XDG_MENU_PREFIX': 'gnome-', 'GNOME_TERMINAL_SCREEN': '/org/gnome/Terminal/screen/ba02816f_a271_4558_9c60_419ba256475e', 'XDG_RUNTIME_DIR': '/run/user/1000', 'DISPLAY': ':1', 'LANG': 'en_US.UTF-8', 'XDG_CURRENT_DESKTOP': 'ubuntu:GNOME', 'XMODIFIERS': '@im=ibus', 'XDG_SESSION_DESKTOP': 'ubuntu', 'XAUTHORITY': '/run/user/1000/gdm/Xauthority', 'LS_COLORS': 'rs=0:di=01;34:ln=01;36:mh=00:pi=40;33:so=01;35:do=01;35:bd=40;33;01:cd=40;33;01:or=40;31;01:mi=00:su=37;41:sg=30;43:ca=00:tw=30;42:ow=34;42:st=37;44:ex=01;32:*.tar=01;31:*.tgz=01;31:*.arc=01;31:*.arj=01;31:*.taz=01;31:*.lha=01;31:*.lz4=01;31:*.lzh=01;31:*.lzma=01;31:*.tlz=01;31:*.txz=01;31:*.tzo=01;31:*.t7z=01;31:*.zip=01;31:*.z=01;31:*.dz=01;31:*.gz=01;31:*.lrz=01;31:*.lz=01;31:*.lzo=01;31:*.xz=01;31:*.zst=01;31:*.tzst=01;31:*.bz2=01;31:*.bz=01;31:*.tbz=01;31:*.tbz2=01;31:*.tz=01;31:*.deb=01;31:*.rpm=01;31:*.jar=01;31:*.war=01;31:*.ear=01;31:*.sar=01;31:*.rar=01;31:*.alz=01;31:*.ace=01;31:*.zoo=01;31:*.cpio=01;31:*.7z=01;31:*.rz=01;31:*.cab=01;31:*.wim=01;31:*.swm=01;31:*.dwm=01;31:*.esd=01;31:*.avif=01;35:*.jpg=01;35:*.jpeg=01;35:*.mjpg=01;35:*.mjpeg=01;35:*.gif=01;35:*.bmp=01;35:*.pbm=01;35:*.pgm=01;35:*.ppm=01;35:*.tga=01;35:*.xbm=01;35:*.xpm=01;35:*.tif=01;35:*.tiff=01;35:*.png=01;35:*.svg=01;35:*.svgz=01;35:*.mng=01;35:*.pcx=01;35:*.mov=01;35:*.mpg=01;35:*.mpeg=01;35:*.m2v=01;35:*.mkv=01;35:*.webm=01;35:*.webp=01;35:*.ogm=01;35:*.mp4=01;35:*.m4v=01;35:*.mp4v=01;35:*.vob=01;35:*.qt=01;35:*.nuv=01;35:*.wmv=01;35:*.asf=01;35:*.rm=01;35:*.rmvb=01;35:*.flc=01;35:*.avi=01;35:*.fli=01;35:*.flv=01;35:*.gl=01;35:*.dl=01;35:*.xcf=01;35:*.xwd=01;35:*.yuv=01;35:*.cgm=01;35:*.emf=01;35:*.ogv=01;35:*.ogx=01;35:*.aac=00;36:*.au=00;36:*.flac=00;36:*.m4a=00;36:*.mid=00;36:*.midi=00;36:*.mka=00;36:*.mp3=00;36:*.mpc=00;36:*.ogg=00;36:*.ra=00;36:*.wav=00;36:*.oga=00;36:*.opus=00;36:*.spx=00;36:*.xspf=00;36:*~=00;90:*#=00;90:*.bak=00;90:*.crdownload=00;90:*.dpkg-dist=00;90:*.dpkg-new=00;90:*.dpkg-old=00;90:*.dpkg-tmp=00;90:*.old=00;90:*.orig=00;90:*.part=00;90:*.rej=00;90:*.rpmnew=00;90:*.rpmorig=00;90:*.rpmsave=00;90:*.swp=00;90:*.tmp=00;90:*.ucf-dist=00;90:*.ucf-new=00;90:*.ucf-old=00;90:', 'GNOME_TERMINAL_SERVICE': ':1.117', 'SSH_AUTH_SOCK': '/run/user/1000/keyring/ssh', 'AMENT_PREFIX_PATH': '/home/remii/Projects/so-arm/install/so_arm100_description:/home/remii/Projects/so-arm/install/so_arm_utils:/home/remii/Projects/so-arm/install/feetech_ros2_driver:/opt/ros/jazzy', 'SHELL': '/bin/bash', 'QT_ACCESSIBILITY': '1', 'GDMSESSION': 'ubuntu', 'LESSCLOSE': '/usr/bin/lesspipe %s %s', 'GPG_AGENT_INFO': '/run/user/1000/gnupg/S.gpg-agent:0:1', 'ROS_AUTOMATIC_DISCOVERY_RANGE': 'SUBNET', 'QT_IM_MODULE': 'ibus', 'PWD': '/home/remii/Projects/so-arm/build/so_arm100_moveit_config', 'XDG_CONFIG_DIRS': '/etc/xdg/xdg-ubuntu:/etc/xdg', 'XDG_DATA_DIRS': '/usr/share/ubuntu:/usr/share/gnome:/usr/local/share/:/usr/share/:/var/lib/snapd/desktop', 'PYTHONPATH': '/home/remii/Projects/so-arm/install/so_arm_utils/lib/python3.12/site-packages:/opt/ros/jazzy/lib/python3.12/site-packages', 'COLCON': '1', 'MEMORY_PRESSURE_WRITE': 'c29tZSAyMDAwMDAgMjAwMDAwMAA=', 'VTE_VERSION': '7600', 'CMAKE_PREFIX_PATH': '/home/remii/Projects/so-arm/install/so_arm100_description:/home/remii/Projects/so-arm/install/so_arm_utils:/home/remii/Projects/so-arm/install/feetech_ros2_driver:/opt/ros/jazzy/opt/gz_math_vendor:/opt/ros/jazzy/opt/gz_utils_vendor:/opt/ros/jazzy/opt/gz_cmake_vendor:/opt/ros/jazzy'}), 'shell': False}
[16.279480] (so_arm_gz) JobProgress: {'identifier': 'so_arm_gz', 'progress': 'cmake'}
[16.279984] (so_arm_gz) Command: {'cmd': ['/usr/bin/cmake', '/home/remii/Projects/so-arm/src/ros2_so_arm100/so_arm_gz', '-DAMENT_CMAKE_SYMLINK_INSTALL=1', '-DCMAKE_INSTALL_PREFIX=/home/remii/Projects/so-arm/install/so_arm_gz'], 'cwd': '/home/remii/Projects/so-arm/build/so_arm_gz', 'env': OrderedDict({'LESSOPEN': '| /usr/bin/lesspipe %s', 'USER': 'remii', 'XDG_SESSION_TYPE': 'x11', 'CLUTTER_DISABLE_MIPMAPPED_TEXT': '1', 'SHLVL': '1', 'LD_LIBRARY_PATH': '/home/remii/Projects/so-arm/install/feetech_ros2_driver/lib:/opt/ros/jazzy/opt/rviz_ogre_vendor/lib:/opt/ros/jazzy/lib/x86_64-linux-gnu:/opt/ros/jazzy/opt/gz_math_vendor/lib:/opt/ros/jazzy/opt/gz_utils_vendor/lib:/opt/ros/jazzy/opt/gz_cmake_vendor/lib:/opt/ros/jazzy/lib', 'HOME': '/home/remii', 'OLDPWD': '/home/remii/Projects/so-arm/src', 'DESKTOP_SESSION': 'ubuntu', 'ROS_PYTHON_VERSION': '3', 'GNOME_SHELL_SESSION_MODE': 'ubuntu', 'GTK_MODULES': 'gail:atk-bridge', 'SYSTEMD_EXEC_PID': '2433', 'GSM_SKIP_SSH_AGENT_WORKAROUND': 'true', 'DBUS_SESSION_BUS_ADDRESS': 'unix:path=/run/user/1000/bus', 'COLORTERM': 'truecolor', 'DEBUGINFOD_URLS': 'https://debuginfod.ubuntu.com', 'ROS_DISTRO': 'jazzy', 'LOGNAME': 'remii', '_': '/usr/bin/colcon', 'ROS_VERSION': '2', 'MEMORY_PRESSURE_WATCH': '/sys/fs/cgroup/user.slice/user-1000.slice/user@1000.service/session.slice/org.gnome.Shell@x11.service/memory.pressure', 'XDG_SESSION_CLASS': 'user', 'USERNAME': 'remii', 'TERM': 'xterm-256color', 'GNOME_DESKTOP_SESSION_ID': 'this-is-deprecated', 'WINDOWPATH': '2', 'PATH': '/home/remii/Projects/so-arm/install/feetech_ros2_driver/bin:/opt/ros/jazzy/bin:/usr/local/sbin:/usr/local/bin:/usr/sbin:/usr/bin:/sbin:/bin:/usr/games:/usr/local/games:/snap/bin:/snap/bin', 'SESSION_MANAGER': 'local/ubuntu:@/tmp/.ICE-unix/2375,unix/ubuntu:/tmp/.ICE-unix/2375', 'XDG_MENU_PREFIX': 'gnome-', 'GNOME_TERMINAL_SCREEN': '/org/gnome/Terminal/screen/ba02816f_a271_4558_9c60_419ba256475e', 'XDG_RUNTIME_DIR': '/run/user/1000', 'DISPLAY': ':1', 'LANG': 'en_US.UTF-8', 'XDG_CURRENT_DESKTOP': 'ubuntu:GNOME', 'XMODIFIERS': '@im=ibus', 'XDG_SESSION_DESKTOP': 'ubuntu', 'XAUTHORITY': '/run/user/1000/gdm/Xauthority', 'LS_COLORS': 'rs=0:di=01;34:ln=01;36:mh=00:pi=40;33:so=01;35:do=01;35:bd=40;33;01:cd=40;33;01:or=40;31;01:mi=00:su=37;41:sg=30;43:ca=00:tw=30;42:ow=34;42:st=37;44:ex=01;32:*.tar=01;31:*.tgz=01;31:*.arc=01;31:*.arj=01;31:*.taz=01;31:*.lha=01;31:*.lz4=01;31:*.lzh=01;31:*.lzma=01;31:*.tlz=01;31:*.txz=01;31:*.tzo=01;31:*.t7z=01;31:*.zip=01;31:*.z=01;31:*.dz=01;31:*.gz=01;31:*.lrz=01;31:*.lz=01;31:*.lzo=01;31:*.xz=01;31:*.zst=01;31:*.tzst=01;31:*.bz2=01;31:*.bz=01;31:*.tbz=01;31:*.tbz2=01;31:*.tz=01;31:*.deb=01;31:*.rpm=01;31:*.jar=01;31:*.war=01;31:*.ear=01;31:*.sar=01;31:*.rar=01;31:*.alz=01;31:*.ace=01;31:*.zoo=01;31:*.cpio=01;31:*.7z=01;31:*.rz=01;31:*.cab=01;31:*.wim=01;31:*.swm=01;31:*.dwm=01;31:*.esd=01;31:*.avif=01;35:*.jpg=01;35:*.jpeg=01;35:*.mjpg=01;35:*.mjpeg=01;35:*.gif=01;35:*.bmp=01;35:*.pbm=01;35:*.pgm=01;35:*.ppm=01;35:*.tga=01;35:*.xbm=01;35:*.xpm=01;35:*.tif=01;35:*.tiff=01;35:*.png=01;35:*.svg=01;35:*.svgz=01;35:*.mng=01;35:*.pcx=01;35:*.mov=01;35:*.mpg=01;35:*.mpeg=01;35:*.m2v=01;35:*.mkv=01;35:*.webm=01;35:*.webp=01;35:*.ogm=01;35:*.mp4=01;35:*.m4v=01;35:*.mp4v=01;35:*.vob=01;35:*.qt=01;35:*.nuv=01;35:*.wmv=01;35:*.asf=01;35:*.rm=01;35:*.rmvb=01;35:*.flc=01;35:*.avi=01;35:*.fli=01;35:*.flv=01;35:*.gl=01;35:*.dl=01;35:*.xcf=01;35:*.xwd=01;35:*.yuv=01;35:*.cgm=01;35:*.emf=01;35:*.ogv=01;35:*.ogx=01;35:*.aac=00;36:*.au=00;36:*.flac=00;36:*.m4a=00;36:*.mid=00;36:*.midi=00;36:*.mka=00;36:*.mp3=00;36:*.mpc=00;36:*.ogg=00;36:*.ra=00;36:*.wav=00;36:*.oga=00;36:*.opus=00;36:*.spx=00;36:*.xspf=00;36:*~=00;90:*#=00;90:*.bak=00;90:*.crdownload=00;90:*.dpkg-dist=00;90:*.dpkg-new=00;90:*.dpkg-old=00;90:*.dpkg-tmp=00;90:*.old=00;90:*.orig=00;90:*.part=00;90:*.rej=00;90:*.rpmnew=00;90:*.rpmorig=00;90:*.rpmsave=00;90:*.swp=00;90:*.tmp=00;90:*.ucf-dist=00;90:*.ucf-new=00;90:*.ucf-old=00;90:', 'GNOME_TERMINAL_SERVICE': ':1.117', 'SSH_AUTH_SOCK': '/run/user/1000/keyring/ssh', 'AMENT_PREFIX_PATH': '/home/remii/Projects/so-arm/install/so_arm101_description:/home/remii/Projects/so-arm/install/so_arm100_description:/home/remii/Projects/so-arm/install/so_arm_utils:/home/remii/Projects/so-arm/install/feetech_ros2_driver:/opt/ros/jazzy', 'SHELL': '/bin/bash', 'QT_ACCESSIBILITY': '1', 'GDMSESSION': 'ubuntu', 'LESSCLOSE': '/usr/bin/lesspipe %s %s', 'GPG_AGENT_INFO': '/run/user/1000/gnupg/S.gpg-agent:0:1', 'ROS_AUTOMATIC_DISCOVERY_RANGE': 'SUBNET', 'QT_IM_MODULE': 'ibus', 'PWD': '/home/remii/Projects/so-arm/build/so_arm_gz', 'XDG_CONFIG_DIRS': '/etc/xdg/xdg-ubuntu:/etc/xdg', 'XDG_DATA_DIRS': '/usr/share/ubuntu:/usr/share/gnome:/usr/local/share/:/usr/share/:/var/lib/snapd/desktop', 'PYTHONPATH': '/home/remii/Projects/so-arm/install/so_arm_utils/lib/python3.12/site-packages:/opt/ros/jazzy/lib/python3.12/site-packages', 'COLCON': '1', 'MEMORY_PRESSURE_WRITE': 'c29tZSAyMDAwMDAgMjAwMDAwMAA=', 'VTE_VERSION': '7600', 'CMAKE_PREFIX_PATH': '/home/remii/Projects/so-arm/install/so_arm101_description:/home/remii/Projects/so-arm/install/so_arm100_description:/home/remii/Projects/so-arm/install/so_arm_utils:/home/remii/Projects/so-arm/install/feetech_ros2_driver:/opt/ros/jazzy/opt/gz_math_vendor:/opt/ros/jazzy/opt/gz_utils_vendor:/opt/ros/jazzy/opt/gz_cmake_vendor:/opt/ros/jazzy'}), 'shell': False}
[16.313128] (so_arm100_moveit_config) StdoutLine: {'line': b'-- The C compiler identification is GNU 13.3.0\n'}
[16.316993] (so_arm_gz) StdoutLine: {'line': b'-- The C compiler identification is GNU 13.3.0\n'}
[16.333509] (-) TimerEvent: {}
[16.353987] (so_arm100_moveit_config) StdoutLine: {'line': b'-- The CXX compiler identification is GNU 13.3.0\n'}
[16.357612] (so_arm_gz) StdoutLine: {'line': b'-- The CXX compiler identification is GNU 13.3.0\n'}
[16.364256] (so_arm100_moveit_config) StdoutLine: {'line': b'-- Detecting C compiler ABI info\n'}
[16.367452] (so_arm_gz) StdoutLine: {'line': b'-- Detecting C compiler ABI info\n'}
[16.420629] (so_arm100_moveit_config) StdoutLine: {'line': b'-- Detecting C compiler ABI info - done\n'}
[16.422179] (so_arm_gz) StdoutLine: {'line': b'-- Detecting C compiler ABI info - done\n'}
[16.428916] (so_arm100_moveit_config) StdoutLine: {'line': b'-- Check for working C compiler: /usr/bin/cc - skipped\n'}
[16.429111] (so_arm100_moveit_config) StdoutLine: {'line': b'-- Detecting C compile features\n'}
[16.429440] (so_arm100_moveit_config) StdoutLine: {'line': b'-- Detecting C compile features - done\n'}
[16.430189] (so_arm_gz) StdoutLine: {'line': b'-- Check for working C compiler: /usr/bin/cc - skipped\n'}
[16.430392] (so_arm_gz) StdoutLine: {'line': b'-- Detecting C compile features\n'}
[16.430677] (so_arm_gz) StdoutLine: {'line': b'-- Detecting C compile features - done\n'}
[16.433603] (-) TimerEvent: {}
[16.435577] (so_arm100_moveit_config) StdoutLine: {'line': b'-- Detecting CXX compiler ABI info\n'}
[16.436464] (so_arm_gz) StdoutLine: {'line': b'-- Detecting CXX compiler ABI info\n'}
[16.501231] (so_arm_gz) StdoutLine: {'line': b'-- Detecting CXX compiler ABI info - done\n'}
[16.501418] (so_arm100_moveit_config) StdoutLine: {'line': b'-- Detecting CXX compiler ABI info - done\n'}
[16.509460] (so_arm_gz) StdoutLine: {'line': b'-- Check for working CXX compiler: /usr/bin/c++ - skipped\n'}
[16.509672] (so_arm_gz) StdoutLine: {'line': b'-- Detecting CXX compile features\n'}
[16.509822] (so_arm100_moveit_config) StdoutLine: {'line': b'-- Check for working CXX compiler: /usr/bin/c++ - skipped\n'}
[16.509986] (so_arm100_moveit_config) StdoutLine: {'line': b'-- Detecting CXX compile features\n'}
[16.510140] (so_arm_gz) StdoutLine: {'line': b'-- Detecting CXX compile features - done\n'}
[16.510379] (so_arm100_moveit_config) StdoutLine: {'line': b'-- Detecting CXX compile features - done\n'}
[16.511858] (so_arm_gz) StdoutLine: {'line': b'-- Found ament_cmake: 2.5.6 (/opt/ros/jazzy/share/ament_cmake/cmake)\n'}
[16.511985] (so_arm100_moveit_config) StdoutLine: {'line': b'-- Found ament_cmake: 2.5.6 (/opt/ros/jazzy/share/ament_cmake/cmake)\n'}
[16.533705] (-) TimerEvent: {}
[16.621778] (so_arm100_moveit_config) StdoutLine: {'line': b'-- Found Python3: /usr/bin/python3 (found version "3.12.3") found components: Interpreter \n'}
[16.621988] (so_arm_gz) StdoutLine: {'line': b'-- Found Python3: /usr/bin/python3 (found version "3.12.3") found components: Interpreter \n'}
[16.633810] (-) TimerEvent: {}
[16.680764] (so_arm100_moveit_config) StdoutLine: {'line': b'-- Override CMake install command with custom implementation using symlinks instead of copying resources\n'}
[16.681097] (so_arm_gz) StdoutLine: {'line': b'-- Override CMake install command with custom implementation using symlinks instead of copying resources\n'}
[16.733886] (-) TimerEvent: {}
[16.772918] (so_arm_gz) StdoutLine: {'line': b'-- Configuring done (0.5s)\n'}
[16.773150] (so_arm100_moveit_config) StdoutLine: {'line': b'-- Configuring done (0.5s)\n'}
[16.774816] (so_arm_gz) StdoutLine: {'line': b'-- Generating done (0.0s)\n'}
[16.775013] (so_arm100_moveit_config) StdoutLine: {'line': b'-- Generating done (0.0s)\n'}
[16.775942] (so_arm_gz) StdoutLine: {'line': b'-- Build files have been written to: /home/remii/Projects/so-arm/build/so_arm_gz\n'}
[16.776142] (so_arm100_moveit_config) StdoutLine: {'line': b'-- Build files have been written to: /home/remii/Projects/so-arm/build/so_arm100_moveit_config\n'}
[16.779577] (so_arm100_moveit_config) CommandEnded: {'returncode': 0}
[16.780301] (so_arm100_moveit_config) JobProgress: {'identifier': 'so_arm100_moveit_config', 'progress': 'build'}
[16.780326] (so_arm100_moveit_config) Command: {'cmd': ['/usr/bin/cmake', '--build', '/home/remii/Projects/so-arm/build/so_arm100_moveit_config', '--', '-j8', '-l8'], 'cwd': '/home/remii/Projects/so-arm/build/so_arm100_moveit_config', 'env': OrderedDict({'LESSOPEN': '| /usr/bin/lesspipe %s', 'USER': 'remii', 'XDG_SESSION_TYPE': 'x11', 'CLUTTER_DISABLE_MIPMAPPED_TEXT': '1', 'SHLVL': '1', 'LD_LIBRARY_PATH': '/home/remii/Projects/so-arm/install/feetech_ros2_driver/lib:/opt/ros/jazzy/opt/rviz_ogre_vendor/lib:/opt/ros/jazzy/lib/x86_64-linux-gnu:/opt/ros/jazzy/opt/gz_math_vendor/lib:/opt/ros/jazzy/opt/gz_utils_vendor/lib:/opt/ros/jazzy/opt/gz_cmake_vendor/lib:/opt/ros/jazzy/lib', 'HOME': '/home/remii', 'OLDPWD': '/home/remii/Projects/so-arm/src', 'DESKTOP_SESSION': 'ubuntu', 'ROS_PYTHON_VERSION': '3', 'GNOME_SHELL_SESSION_MODE': 'ubuntu', 'GTK_MODULES': 'gail:atk-bridge', 'SYSTEMD_EXEC_PID': '2433', 'GSM_SKIP_SSH_AGENT_WORKAROUND': 'true', 'DBUS_SESSION_BUS_ADDRESS': 'unix:path=/run/user/1000/bus', 'COLORTERM': 'truecolor', 'DEBUGINFOD_URLS': 'https://debuginfod.ubuntu.com', 'ROS_DISTRO': 'jazzy', 'LOGNAME': 'remii', '_': '/usr/bin/colcon', 'ROS_VERSION': '2', 'MEMORY_PRESSURE_WATCH': '/sys/fs/cgroup/user.slice/user-1000.slice/user@1000.service/session.slice/org.gnome.Shell@x11.service/memory.pressure', 'XDG_SESSION_CLASS': 'user', 'USERNAME': 'remii', 'TERM': 'xterm-256color', 'GNOME_DESKTOP_SESSION_ID': 'this-is-deprecated', 'WINDOWPATH': '2', 'PATH': '/home/remii/Projects/so-arm/install/feetech_ros2_driver/bin:/opt/ros/jazzy/bin:/usr/local/sbin:/usr/local/bin:/usr/sbin:/usr/bin:/sbin:/bin:/usr/games:/usr/local/games:/snap/bin:/snap/bin', 'SESSION_MANAGER': 'local/ubuntu:@/tmp/.ICE-unix/2375,unix/ubuntu:/tmp/.ICE-unix/2375', 'XDG_MENU_PREFIX': 'gnome-', 'GNOME_TERMINAL_SCREEN': '/org/gnome/Terminal/screen/ba02816f_a271_4558_9c60_419ba256475e', 'XDG_RUNTIME_DIR': '/run/user/1000', 'DISPLAY': ':1', 'LANG': 'en_US.UTF-8', 'XDG_CURRENT_DESKTOP': 'ubuntu:GNOME', 'XMODIFIERS': '@im=ibus', 'XDG_SESSION_DESKTOP': 'ubuntu', 'XAUTHORITY': '/run/user/1000/gdm/Xauthority', 'LS_COLORS': 'rs=0:di=01;34:ln=01;36:mh=00:pi=40;33:so=01;35:do=01;35:bd=40;33;01:cd=40;33;01:or=40;31;01:mi=00:su=37;41:sg=30;43:ca=00:tw=30;42:ow=34;42:st=37;44:ex=01;32:*.tar=01;31:*.tgz=01;31:*.arc=01;31:*.arj=01;31:*.taz=01;31:*.lha=01;31:*.lz4=01;31:*.lzh=01;31:*.lzma=01;31:*.tlz=01;31:*.txz=01;31:*.tzo=01;31:*.t7z=01;31:*.zip=01;31:*.z=01;31:*.dz=01;31:*.gz=01;31:*.lrz=01;31:*.lz=01;31:*.lzo=01;31:*.xz=01;31:*.zst=01;31:*.tzst=01;31:*.bz2=01;31:*.bz=01;31:*.tbz=01;31:*.tbz2=01;31:*.tz=01;31:*.deb=01;31:*.rpm=01;31:*.jar=01;31:*.war=01;31:*.ear=01;31:*.sar=01;31:*.rar=01;31:*.alz=01;31:*.ace=01;31:*.zoo=01;31:*.cpio=01;31:*.7z=01;31:*.rz=01;31:*.cab=01;31:*.wim=01;31:*.swm=01;31:*.dwm=01;31:*.esd=01;31:*.avif=01;35:*.jpg=01;35:*.jpeg=01;35:*.mjpg=01;35:*.mjpeg=01;35:*.gif=01;35:*.bmp=01;35:*.pbm=01;35:*.pgm=01;35:*.ppm=01;35:*.tga=01;35:*.xbm=01;35:*.xpm=01;35:*.tif=01;35:*.tiff=01;35:*.png=01;35:*.svg=01;35:*.svgz=01;35:*.mng=01;35:*.pcx=01;35:*.mov=01;35:*.mpg=01;35:*.mpeg=01;35:*.m2v=01;35:*.mkv=01;35:*.webm=01;35:*.webp=01;35:*.ogm=01;35:*.mp4=01;35:*.m4v=01;35:*.mp4v=01;35:*.vob=01;35:*.qt=01;35:*.nuv=01;35:*.wmv=01;35:*.asf=01;35:*.rm=01;35:*.rmvb=01;35:*.flc=01;35:*.avi=01;35:*.fli=01;35:*.flv=01;35:*.gl=01;35:*.dl=01;35:*.xcf=01;35:*.xwd=01;35:*.yuv=01;35:*.cgm=01;35:*.emf=01;35:*.ogv=01;35:*.ogx=01;35:*.aac=00;36:*.au=00;36:*.flac=00;36:*.m4a=00;36:*.mid=00;36:*.midi=00;36:*.mka=00;36:*.mp3=00;36:*.mpc=00;36:*.ogg=00;36:*.ra=00;36:*.wav=00;36:*.oga=00;36:*.opus=00;36:*.spx=00;36:*.xspf=00;36:*~=00;90:*#=00;90:*.bak=00;90:*.crdownload=00;90:*.dpkg-dist=00;90:*.dpkg-new=00;90:*.dpkg-old=00;90:*.dpkg-tmp=00;90:*.old=00;90:*.orig=00;90:*.part=00;90:*.rej=00;90:*.rpmnew=00;90:*.rpmorig=00;90:*.rpmsave=00;90:*.swp=00;90:*.tmp=00;90:*.ucf-dist=00;90:*.ucf-new=00;90:*.ucf-old=00;90:', 'GNOME_TERMINAL_SERVICE': ':1.117', 'SSH_AUTH_SOCK': '/run/user/1000/keyring/ssh', 'AMENT_PREFIX_PATH': '/home/remii/Projects/so-arm/install/so_arm100_description:/home/remii/Projects/so-arm/install/so_arm_utils:/home/remii/Projects/so-arm/install/feetech_ros2_driver:/opt/ros/jazzy', 'SHELL': '/bin/bash', 'QT_ACCESSIBILITY': '1', 'GDMSESSION': 'ubuntu', 'LESSCLOSE': '/usr/bin/lesspipe %s %s', 'GPG_AGENT_INFO': '/run/user/1000/gnupg/S.gpg-agent:0:1', 'ROS_AUTOMATIC_DISCOVERY_RANGE': 'SUBNET', 'QT_IM_MODULE': 'ibus', 'PWD': '/home/remii/Projects/so-arm/build/so_arm100_moveit_config', 'XDG_CONFIG_DIRS': '/etc/xdg/xdg-ubuntu:/etc/xdg', 'XDG_DATA_DIRS': '/usr/share/ubuntu:/usr/share/gnome:/usr/local/share/:/usr/share/:/var/lib/snapd/desktop', 'PYTHONPATH': '/home/remii/Projects/so-arm/install/so_arm_utils/lib/python3.12/site-packages:/opt/ros/jazzy/lib/python3.12/site-packages', 'COLCON': '1', 'MEMORY_PRESSURE_WRITE': 'c29tZSAyMDAwMDAgMjAwMDAwMAA=', 'VTE_VERSION': '7600', 'CMAKE_PREFIX_PATH': '/home/remii/Projects/so-arm/install/so_arm100_description:/home/remii/Projects/so-arm/install/so_arm_utils:/home/remii/Projects/so-arm/install/feetech_ros2_driver:/opt/ros/jazzy/opt/gz_math_vendor:/opt/ros/jazzy/opt/gz_utils_vendor:/opt/ros/jazzy/opt/gz_cmake_vendor:/opt/ros/jazzy'}), 'shell': False}
[16.780785] (so_arm_gz) CommandEnded: {'returncode': 0}
[16.781380] (so_arm_gz) JobProgress: {'identifier': 'so_arm_gz', 'progress': 'build'}
[16.781461] (so_arm_gz) Command: {'cmd': ['/usr/bin/cmake', '--build', '/home/remii/Projects/so-arm/build/so_arm_gz', '--', '-j8', '-l8'], 'cwd': '/home/remii/Projects/so-arm/build/so_arm_gz', 'env': OrderedDict({'LESSOPEN': '| /usr/bin/lesspipe %s', 'USER': 'remii', 'XDG_SESSION_TYPE': 'x11', 'CLUTTER_DISABLE_MIPMAPPED_TEXT': '1', 'SHLVL': '1', 'LD_LIBRARY_PATH': '/home/remii/Projects/so-arm/install/feetech_ros2_driver/lib:/opt/ros/jazzy/opt/rviz_ogre_vendor/lib:/opt/ros/jazzy/lib/x86_64-linux-gnu:/opt/ros/jazzy/opt/gz_math_vendor/lib:/opt/ros/jazzy/opt/gz_utils_vendor/lib:/opt/ros/jazzy/opt/gz_cmake_vendor/lib:/opt/ros/jazzy/lib', 'HOME': '/home/remii', 'OLDPWD': '/home/remii/Projects/so-arm/src', 'DESKTOP_SESSION': 'ubuntu', 'ROS_PYTHON_VERSION': '3', 'GNOME_SHELL_SESSION_MODE': 'ubuntu', 'GTK_MODULES': 'gail:atk-bridge', 'SYSTEMD_EXEC_PID': '2433', 'GSM_SKIP_SSH_AGENT_WORKAROUND': 'true', 'DBUS_SESSION_BUS_ADDRESS': 'unix:path=/run/user/1000/bus', 'COLORTERM': 'truecolor', 'DEBUGINFOD_URLS': 'https://debuginfod.ubuntu.com', 'ROS_DISTRO': 'jazzy', 'LOGNAME': 'remii', '_': '/usr/bin/colcon', 'ROS_VERSION': '2', 'MEMORY_PRESSURE_WATCH': '/sys/fs/cgroup/user.slice/user-1000.slice/user@1000.service/session.slice/org.gnome.Shell@x11.service/memory.pressure', 'XDG_SESSION_CLASS': 'user', 'USERNAME': 'remii', 'TERM': 'xterm-256color', 'GNOME_DESKTOP_SESSION_ID': 'this-is-deprecated', 'WINDOWPATH': '2', 'PATH': '/home/remii/Projects/so-arm/install/feetech_ros2_driver/bin:/opt/ros/jazzy/bin:/usr/local/sbin:/usr/local/bin:/usr/sbin:/usr/bin:/sbin:/bin:/usr/games:/usr/local/games:/snap/bin:/snap/bin', 'SESSION_MANAGER': 'local/ubuntu:@/tmp/.ICE-unix/2375,unix/ubuntu:/tmp/.ICE-unix/2375', 'XDG_MENU_PREFIX': 'gnome-', 'GNOME_TERMINAL_SCREEN': '/org/gnome/Terminal/screen/ba02816f_a271_4558_9c60_419ba256475e', 'XDG_RUNTIME_DIR': '/run/user/1000', 'DISPLAY': ':1', 'LANG': 'en_US.UTF-8', 'XDG_CURRENT_DESKTOP': 'ubuntu:GNOME', 'XMODIFIERS': '@im=ibus', 'XDG_SESSION_DESKTOP': 'ubuntu', 'XAUTHORITY': '/run/user/1000/gdm/Xauthority', 'LS_COLORS': 'rs=0:di=01;34:ln=01;36:mh=00:pi=40;33:so=01;35:do=01;35:bd=40;33;01:cd=40;33;01:or=40;31;01:mi=00:su=37;41:sg=30;43:ca=00:tw=30;42:ow=34;42:st=37;44:ex=01;32:*.tar=01;31:*.tgz=01;31:*.arc=01;31:*.arj=01;31:*.taz=01;31:*.lha=01;31:*.lz4=01;31:*.lzh=01;31:*.lzma=01;31:*.tlz=01;31:*.txz=01;31:*.tzo=01;31:*.t7z=01;31:*.zip=01;31:*.z=01;31:*.dz=01;31:*.gz=01;31:*.lrz=01;31:*.lz=01;31:*.lzo=01;31:*.xz=01;31:*.zst=01;31:*.tzst=01;31:*.bz2=01;31:*.bz=01;31:*.tbz=01;31:*.tbz2=01;31:*.tz=01;31:*.deb=01;31:*.rpm=01;31:*.jar=01;31:*.war=01;31:*.ear=01;31:*.sar=01;31:*.rar=01;31:*.alz=01;31:*.ace=01;31:*.zoo=01;31:*.cpio=01;31:*.7z=01;31:*.rz=01;31:*.cab=01;31:*.wim=01;31:*.swm=01;31:*.dwm=01;31:*.esd=01;31:*.avif=01;35:*.jpg=01;35:*.jpeg=01;35:*.mjpg=01;35:*.mjpeg=01;35:*.gif=01;35:*.bmp=01;35:*.pbm=01;35:*.pgm=01;35:*.ppm=01;35:*.tga=01;35:*.xbm=01;35:*.xpm=01;35:*.tif=01;35:*.tiff=01;35:*.png=01;35:*.svg=01;35:*.svgz=01;35:*.mng=01;35:*.pcx=01;35:*.mov=01;35:*.mpg=01;35:*.mpeg=01;35:*.m2v=01;35:*.mkv=01;35:*.webm=01;35:*.webp=01;35:*.ogm=01;35:*.mp4=01;35:*.m4v=01;35:*.mp4v=01;35:*.vob=01;35:*.qt=01;35:*.nuv=01;35:*.wmv=01;35:*.asf=01;35:*.rm=01;35:*.rmvb=01;35:*.flc=01;35:*.avi=01;35:*.fli=01;35:*.flv=01;35:*.gl=01;35:*.dl=01;35:*.xcf=01;35:*.xwd=01;35:*.yuv=01;35:*.cgm=01;35:*.emf=01;35:*.ogv=01;35:*.ogx=01;35:*.aac=00;36:*.au=00;36:*.flac=00;36:*.m4a=00;36:*.mid=00;36:*.midi=00;36:*.mka=00;36:*.mp3=00;36:*.mpc=00;36:*.ogg=00;36:*.ra=00;36:*.wav=00;36:*.oga=00;36:*.opus=00;36:*.spx=00;36:*.xspf=00;36:*~=00;90:*#=00;90:*.bak=00;90:*.crdownload=00;90:*.dpkg-dist=00;90:*.dpkg-new=00;90:*.dpkg-old=00;90:*.dpkg-tmp=00;90:*.old=00;90:*.orig=00;90:*.part=00;90:*.rej=00;90:*.rpmnew=00;90:*.rpmorig=00;90:*.rpmsave=00;90:*.swp=00;90:*.tmp=00;90:*.ucf-dist=00;90:*.ucf-new=00;90:*.ucf-old=00;90:', 'GNOME_TERMINAL_SERVICE': ':1.117', 'SSH_AUTH_SOCK': '/run/user/1000/keyring/ssh', 'AMENT_PREFIX_PATH': '/home/remii/Projects/so-arm/install/so_arm101_description:/home/remii/Projects/so-arm/install/so_arm100_description:/home/remii/Projects/so-arm/install/so_arm_utils:/home/remii/Projects/so-arm/install/feetech_ros2_driver:/opt/ros/jazzy', 'SHELL': '/bin/bash', 'QT_ACCESSIBILITY': '1', 'GDMSESSION': 'ubuntu', 'LESSCLOSE': '/usr/bin/lesspipe %s %s', 'GPG_AGENT_INFO': '/run/user/1000/gnupg/S.gpg-agent:0:1', 'ROS_AUTOMATIC_DISCOVERY_RANGE': 'SUBNET', 'QT_IM_MODULE': 'ibus', 'PWD': '/home/remii/Projects/so-arm/build/so_arm_gz', 'XDG_CONFIG_DIRS': '/etc/xdg/xdg-ubuntu:/etc/xdg', 'XDG_DATA_DIRS': '/usr/share/ubuntu:/usr/share/gnome:/usr/local/share/:/usr/share/:/var/lib/snapd/desktop', 'PYTHONPATH': '/home/remii/Projects/so-arm/install/so_arm_utils/lib/python3.12/site-packages:/opt/ros/jazzy/lib/python3.12/site-packages', 'COLCON': '1', 'MEMORY_PRESSURE_WRITE': 'c29tZSAyMDAwMDAgMjAwMDAwMAA=', 'VTE_VERSION': '7600', 'CMAKE_PREFIX_PATH': '/home/remii/Projects/so-arm/install/so_arm101_description:/home/remii/Projects/so-arm/install/so_arm100_description:/home/remii/Projects/so-arm/install/so_arm_utils:/home/remii/Projects/so-arm/install/feetech_ros2_driver:/opt/ros/jazzy/opt/gz_math_vendor:/opt/ros/jazzy/opt/gz_utils_vendor:/opt/ros/jazzy/opt/gz_cmake_vendor:/opt/ros/jazzy'}), 'shell': False}
[16.806185] (so_arm_gz) CommandEnded: {'returncode': 0}
[16.806748] (so_arm_gz) JobProgress: {'identifier': 'so_arm_gz', 'progress': 'install'}
[16.807147] (so_arm_gz) Command: {'cmd': ['/usr/bin/cmake', '--install', '/home/remii/Projects/so-arm/build/so_arm_gz'], 'cwd': '/home/remii/Projects/so-arm/build/so_arm_gz', 'env': OrderedDict({'LESSOPEN': '| /usr/bin/lesspipe %s', 'USER': 'remii', 'XDG_SESSION_TYPE': 'x11', 'CLUTTER_DISABLE_MIPMAPPED_TEXT': '1', 'SHLVL': '1', 'LD_LIBRARY_PATH': '/home/remii/Projects/so-arm/install/feetech_ros2_driver/lib:/opt/ros/jazzy/opt/rviz_ogre_vendor/lib:/opt/ros/jazzy/lib/x86_64-linux-gnu:/opt/ros/jazzy/opt/gz_math_vendor/lib:/opt/ros/jazzy/opt/gz_utils_vendor/lib:/opt/ros/jazzy/opt/gz_cmake_vendor/lib:/opt/ros/jazzy/lib', 'HOME': '/home/remii', 'OLDPWD': '/home/remii/Projects/so-arm/src', 'DESKTOP_SESSION': 'ubuntu', 'ROS_PYTHON_VERSION': '3', 'GNOME_SHELL_SESSION_MODE': 'ubuntu', 'GTK_MODULES': 'gail:atk-bridge', 'SYSTEMD_EXEC_PID': '2433', 'GSM_SKIP_SSH_AGENT_WORKAROUND': 'true', 'DBUS_SESSION_BUS_ADDRESS': 'unix:path=/run/user/1000/bus', 'COLORTERM': 'truecolor', 'DEBUGINFOD_URLS': 'https://debuginfod.ubuntu.com', 'ROS_DISTRO': 'jazzy', 'LOGNAME': 'remii', '_': '/usr/bin/colcon', 'ROS_VERSION': '2', 'MEMORY_PRESSURE_WATCH': '/sys/fs/cgroup/user.slice/user-1000.slice/user@1000.service/session.slice/org.gnome.Shell@x11.service/memory.pressure', 'XDG_SESSION_CLASS': 'user', 'USERNAME': 'remii', 'TERM': 'xterm-256color', 'GNOME_DESKTOP_SESSION_ID': 'this-is-deprecated', 'WINDOWPATH': '2', 'PATH': '/home/remii/Projects/so-arm/install/feetech_ros2_driver/bin:/opt/ros/jazzy/bin:/usr/local/sbin:/usr/local/bin:/usr/sbin:/usr/bin:/sbin:/bin:/usr/games:/usr/local/games:/snap/bin:/snap/bin', 'SESSION_MANAGER': 'local/ubuntu:@/tmp/.ICE-unix/2375,unix/ubuntu:/tmp/.ICE-unix/2375', 'XDG_MENU_PREFIX': 'gnome-', 'GNOME_TERMINAL_SCREEN': '/org/gnome/Terminal/screen/ba02816f_a271_4558_9c60_419ba256475e', 'XDG_RUNTIME_DIR': '/run/user/1000', 'DISPLAY': ':1', 'LANG': 'en_US.UTF-8', 'XDG_CURRENT_DESKTOP': 'ubuntu:GNOME', 'XMODIFIERS': '@im=ibus', 'XDG_SESSION_DESKTOP': 'ubuntu', 'XAUTHORITY': '/run/user/1000/gdm/Xauthority', 'LS_COLORS': 'rs=0:di=01;34:ln=01;36:mh=00:pi=40;33:so=01;35:do=01;35:bd=40;33;01:cd=40;33;01:or=40;31;01:mi=00:su=37;41:sg=30;43:ca=00:tw=30;42:ow=34;42:st=37;44:ex=01;32:*.tar=01;31:*.tgz=01;31:*.arc=01;31:*.arj=01;31:*.taz=01;31:*.lha=01;31:*.lz4=01;31:*.lzh=01;31:*.lzma=01;31:*.tlz=01;31:*.txz=01;31:*.tzo=01;31:*.t7z=01;31:*.zip=01;31:*.z=01;31:*.dz=01;31:*.gz=01;31:*.lrz=01;31:*.lz=01;31:*.lzo=01;31:*.xz=01;31:*.zst=01;31:*.tzst=01;31:*.bz2=01;31:*.bz=01;31:*.tbz=01;31:*.tbz2=01;31:*.tz=01;31:*.deb=01;31:*.rpm=01;31:*.jar=01;31:*.war=01;31:*.ear=01;31:*.sar=01;31:*.rar=01;31:*.alz=01;31:*.ace=01;31:*.zoo=01;31:*.cpio=01;31:*.7z=01;31:*.rz=01;31:*.cab=01;31:*.wim=01;31:*.swm=01;31:*.dwm=01;31:*.esd=01;31:*.avif=01;35:*.jpg=01;35:*.jpeg=01;35:*.mjpg=01;35:*.mjpeg=01;35:*.gif=01;35:*.bmp=01;35:*.pbm=01;35:*.pgm=01;35:*.ppm=01;35:*.tga=01;35:*.xbm=01;35:*.xpm=01;35:*.tif=01;35:*.tiff=01;35:*.png=01;35:*.svg=01;35:*.svgz=01;35:*.mng=01;35:*.pcx=01;35:*.mov=01;35:*.mpg=01;35:*.mpeg=01;35:*.m2v=01;35:*.mkv=01;35:*.webm=01;35:*.webp=01;35:*.ogm=01;35:*.mp4=01;35:*.m4v=01;35:*.mp4v=01;35:*.vob=01;35:*.qt=01;35:*.nuv=01;35:*.wmv=01;35:*.asf=01;35:*.rm=01;35:*.rmvb=01;35:*.flc=01;35:*.avi=01;35:*.fli=01;35:*.flv=01;35:*.gl=01;35:*.dl=01;35:*.xcf=01;35:*.xwd=01;35:*.yuv=01;35:*.cgm=01;35:*.emf=01;35:*.ogv=01;35:*.ogx=01;35:*.aac=00;36:*.au=00;36:*.flac=00;36:*.m4a=00;36:*.mid=00;36:*.midi=00;36:*.mka=00;36:*.mp3=00;36:*.mpc=00;36:*.ogg=00;36:*.ra=00;36:*.wav=00;36:*.oga=00;36:*.opus=00;36:*.spx=00;36:*.xspf=00;36:*~=00;90:*#=00;90:*.bak=00;90:*.crdownload=00;90:*.dpkg-dist=00;90:*.dpkg-new=00;90:*.dpkg-old=00;90:*.dpkg-tmp=00;90:*.old=00;90:*.orig=00;90:*.part=00;90:*.rej=00;90:*.rpmnew=00;90:*.rpmorig=00;90:*.rpmsave=00;90:*.swp=00;90:*.tmp=00;90:*.ucf-dist=00;90:*.ucf-new=00;90:*.ucf-old=00;90:', 'GNOME_TERMINAL_SERVICE': ':1.117', 'SSH_AUTH_SOCK': '/run/user/1000/keyring/ssh', 'AMENT_PREFIX_PATH': '/home/remii/Projects/so-arm/install/so_arm101_description:/home/remii/Projects/so-arm/install/so_arm100_description:/home/remii/Projects/so-arm/install/so_arm_utils:/home/remii/Projects/so-arm/install/feetech_ros2_driver:/opt/ros/jazzy', 'SHELL': '/bin/bash', 'QT_ACCESSIBILITY': '1', 'GDMSESSION': 'ubuntu', 'LESSCLOSE': '/usr/bin/lesspipe %s %s', 'GPG_AGENT_INFO': '/run/user/1000/gnupg/S.gpg-agent:0:1', 'ROS_AUTOMATIC_DISCOVERY_RANGE': 'SUBNET', 'QT_IM_MODULE': 'ibus', 'PWD': '/home/remii/Projects/so-arm/build/so_arm_gz', 'XDG_CONFIG_DIRS': '/etc/xdg/xdg-ubuntu:/etc/xdg', 'XDG_DATA_DIRS': '/usr/share/ubuntu:/usr/share/gnome:/usr/local/share/:/usr/share/:/var/lib/snapd/desktop', 'PYTHONPATH': '/home/remii/Projects/so-arm/install/so_arm_utils/lib/python3.12/site-packages:/opt/ros/jazzy/lib/python3.12/site-packages', 'COLCON': '1', 'MEMORY_PRESSURE_WRITE': 'c29tZSAyMDAwMDAgMjAwMDAwMAA=', 'VTE_VERSION': '7600', 'CMAKE_PREFIX_PATH': '/home/remii/Projects/so-arm/install/so_arm101_description:/home/remii/Projects/so-arm/install/so_arm100_description:/home/remii/Projects/so-arm/install/so_arm_utils:/home/remii/Projects/so-arm/install/feetech_ros2_driver:/opt/ros/jazzy/opt/gz_math_vendor:/opt/ros/jazzy/opt/gz_utils_vendor:/opt/ros/jazzy/opt/gz_cmake_vendor:/opt/ros/jazzy'}), 'shell': False}
[16.807668] (so_arm100_moveit_config) CommandEnded: {'returncode': 0}
[16.808138] (so_arm100_moveit_config) JobProgress: {'identifier': 'so_arm100_moveit_config', 'progress': 'install'}
[16.808461] (so_arm100_moveit_config) Command: {'cmd': ['/usr/bin/cmake', '--install', '/home/remii/Projects/so-arm/build/so_arm100_moveit_config'], 'cwd': '/home/remii/Projects/so-arm/build/so_arm100_moveit_config', 'env': OrderedDict({'LESSOPEN': '| /usr/bin/lesspipe %s', 'USER': 'remii', 'XDG_SESSION_TYPE': 'x11', 'CLUTTER_DISABLE_MIPMAPPED_TEXT': '1', 'SHLVL': '1', 'LD_LIBRARY_PATH': '/home/remii/Projects/so-arm/install/feetech_ros2_driver/lib:/opt/ros/jazzy/opt/rviz_ogre_vendor/lib:/opt/ros/jazzy/lib/x86_64-linux-gnu:/opt/ros/jazzy/opt/gz_math_vendor/lib:/opt/ros/jazzy/opt/gz_utils_vendor/lib:/opt/ros/jazzy/opt/gz_cmake_vendor/lib:/opt/ros/jazzy/lib', 'HOME': '/home/remii', 'OLDPWD': '/home/remii/Projects/so-arm/src', 'DESKTOP_SESSION': 'ubuntu', 'ROS_PYTHON_VERSION': '3', 'GNOME_SHELL_SESSION_MODE': 'ubuntu', 'GTK_MODULES': 'gail:atk-bridge', 'SYSTEMD_EXEC_PID': '2433', 'GSM_SKIP_SSH_AGENT_WORKAROUND': 'true', 'DBUS_SESSION_BUS_ADDRESS': 'unix:path=/run/user/1000/bus', 'COLORTERM': 'truecolor', 'DEBUGINFOD_URLS': 'https://debuginfod.ubuntu.com', 'ROS_DISTRO': 'jazzy', 'LOGNAME': 'remii', '_': '/usr/bin/colcon', 'ROS_VERSION': '2', 'MEMORY_PRESSURE_WATCH': '/sys/fs/cgroup/user.slice/user-1000.slice/user@1000.service/session.slice/org.gnome.Shell@x11.service/memory.pressure', 'XDG_SESSION_CLASS': 'user', 'USERNAME': 'remii', 'TERM': 'xterm-256color', 'GNOME_DESKTOP_SESSION_ID': 'this-is-deprecated', 'WINDOWPATH': '2', 'PATH': '/home/remii/Projects/so-arm/install/feetech_ros2_driver/bin:/opt/ros/jazzy/bin:/usr/local/sbin:/usr/local/bin:/usr/sbin:/usr/bin:/sbin:/bin:/usr/games:/usr/local/games:/snap/bin:/snap/bin', 'SESSION_MANAGER': 'local/ubuntu:@/tmp/.ICE-unix/2375,unix/ubuntu:/tmp/.ICE-unix/2375', 'XDG_MENU_PREFIX': 'gnome-', 'GNOME_TERMINAL_SCREEN': '/org/gnome/Terminal/screen/ba02816f_a271_4558_9c60_419ba256475e', 'XDG_RUNTIME_DIR': '/run/user/1000', 'DISPLAY': ':1', 'LANG': 'en_US.UTF-8', 'XDG_CURRENT_DESKTOP': 'ubuntu:GNOME', 'XMODIFIERS': '@im=ibus', 'XDG_SESSION_DESKTOP': 'ubuntu', 'XAUTHORITY': '/run/user/1000/gdm/Xauthority', 'LS_COLORS': 'rs=0:di=01;34:ln=01;36:mh=00:pi=40;33:so=01;35:do=01;35:bd=40;33;01:cd=40;33;01:or=40;31;01:mi=00:su=37;41:sg=30;43:ca=00:tw=30;42:ow=34;42:st=37;44:ex=01;32:*.tar=01;31:*.tgz=01;31:*.arc=01;31:*.arj=01;31:*.taz=01;31:*.lha=01;31:*.lz4=01;31:*.lzh=01;31:*.lzma=01;31:*.tlz=01;31:*.txz=01;31:*.tzo=01;31:*.t7z=01;31:*.zip=01;31:*.z=01;31:*.dz=01;31:*.gz=01;31:*.lrz=01;31:*.lz=01;31:*.lzo=01;31:*.xz=01;31:*.zst=01;31:*.tzst=01;31:*.bz2=01;31:*.bz=01;31:*.tbz=01;31:*.tbz2=01;31:*.tz=01;31:*.deb=01;31:*.rpm=01;31:*.jar=01;31:*.war=01;31:*.ear=01;31:*.sar=01;31:*.rar=01;31:*.alz=01;31:*.ace=01;31:*.zoo=01;31:*.cpio=01;31:*.7z=01;31:*.rz=01;31:*.cab=01;31:*.wim=01;31:*.swm=01;31:*.dwm=01;31:*.esd=01;31:*.avif=01;35:*.jpg=01;35:*.jpeg=01;35:*.mjpg=01;35:*.mjpeg=01;35:*.gif=01;35:*.bmp=01;35:*.pbm=01;35:*.pgm=01;35:*.ppm=01;35:*.tga=01;35:*.xbm=01;35:*.xpm=01;35:*.tif=01;35:*.tiff=01;35:*.png=01;35:*.svg=01;35:*.svgz=01;35:*.mng=01;35:*.pcx=01;35:*.mov=01;35:*.mpg=01;35:*.mpeg=01;35:*.m2v=01;35:*.mkv=01;35:*.webm=01;35:*.webp=01;35:*.ogm=01;35:*.mp4=01;35:*.m4v=01;35:*.mp4v=01;35:*.vob=01;35:*.qt=01;35:*.nuv=01;35:*.wmv=01;35:*.asf=01;35:*.rm=01;35:*.rmvb=01;35:*.flc=01;35:*.avi=01;35:*.fli=01;35:*.flv=01;35:*.gl=01;35:*.dl=01;35:*.xcf=01;35:*.xwd=01;35:*.yuv=01;35:*.cgm=01;35:*.emf=01;35:*.ogv=01;35:*.ogx=01;35:*.aac=00;36:*.au=00;36:*.flac=00;36:*.m4a=00;36:*.mid=00;36:*.midi=00;36:*.mka=00;36:*.mp3=00;36:*.mpc=00;36:*.ogg=00;36:*.ra=00;36:*.wav=00;36:*.oga=00;36:*.opus=00;36:*.spx=00;36:*.xspf=00;36:*~=00;90:*#=00;90:*.bak=00;90:*.crdownload=00;90:*.dpkg-dist=00;90:*.dpkg-new=00;90:*.dpkg-old=00;90:*.dpkg-tmp=00;90:*.old=00;90:*.orig=00;90:*.part=00;90:*.rej=00;90:*.rpmnew=00;90:*.rpmorig=00;90:*.rpmsave=00;90:*.swp=00;90:*.tmp=00;90:*.ucf-dist=00;90:*.ucf-new=00;90:*.ucf-old=00;90:', 'GNOME_TERMINAL_SERVICE': ':1.117', 'SSH_AUTH_SOCK': '/run/user/1000/keyring/ssh', 'AMENT_PREFIX_PATH': '/home/remii/Projects/so-arm/install/so_arm100_description:/home/remii/Projects/so-arm/install/so_arm_utils:/home/remii/Projects/so-arm/install/feetech_ros2_driver:/opt/ros/jazzy', 'SHELL': '/bin/bash', 'QT_ACCESSIBILITY': '1', 'GDMSESSION': 'ubuntu', 'LESSCLOSE': '/usr/bin/lesspipe %s %s', 'GPG_AGENT_INFO': '/run/user/1000/gnupg/S.gpg-agent:0:1', 'ROS_AUTOMATIC_DISCOVERY_RANGE': 'SUBNET', 'QT_IM_MODULE': 'ibus', 'PWD': '/home/remii/Projects/so-arm/build/so_arm100_moveit_config', 'XDG_CONFIG_DIRS': '/etc/xdg/xdg-ubuntu:/etc/xdg', 'XDG_DATA_DIRS': '/usr/share/ubuntu:/usr/share/gnome:/usr/local/share/:/usr/share/:/var/lib/snapd/desktop', 'PYTHONPATH': '/home/remii/Projects/so-arm/install/so_arm_utils/lib/python3.12/site-packages:/opt/ros/jazzy/lib/python3.12/site-packages', 'COLCON': '1', 'MEMORY_PRESSURE_WRITE': 'c29tZSAyMDAwMDAgMjAwMDAwMAA=', 'VTE_VERSION': '7600', 'CMAKE_PREFIX_PATH': '/home/remii/Projects/so-arm/install/so_arm100_description:/home/remii/Projects/so-arm/install/so_arm_utils:/home/remii/Projects/so-arm/install/feetech_ros2_driver:/opt/ros/jazzy/opt/gz_math_vendor:/opt/ros/jazzy/opt/gz_utils_vendor:/opt/ros/jazzy/opt/gz_cmake_vendor:/opt/ros/jazzy'}), 'shell': False}
[16.812302] (so_arm_gz) StdoutLine: {'line': b'-- Install configuration: ""\n'}
[16.812620] (so_arm_gz) StdoutLine: {'line': b'-- Execute custom install script\n'}
[16.812998] (so_arm_gz) StdoutLine: {'line': b'-- Symlinking: /home/remii/Projects/so-arm/install/so_arm_gz/share/so_arm_gz/launch/so_arm_gz_bringup.launch.py\n'}
[16.813193] (so_arm100_moveit_config) StdoutLine: {'line': b'-- Install configuration: ""\n'}
[16.813533] (so_arm100_moveit_config) StdoutLine: {'line': b'-- Execute custom install script\n'}
[16.813963] (so_arm100_moveit_config) StdoutLine: {'line': b'-- Symlinking: /home/remii/Projects/so-arm/install/so_arm100_moveit_config/share/so_arm100_moveit_config/launch/demo.launch.py\n'}
[16.819033] (so_arm_gz) StdoutLine: {'line': b'-- Symlinking: /home/remii/Projects/so-arm/install/so_arm_gz/share/ament_index/resource_index/package_run_dependencies/so_arm_gz\n'}
[16.819269] (so_arm100_moveit_config) StdoutLine: {'line': b'-- Symlinking: /home/remii/Projects/so-arm/install/so_arm100_moveit_config/share/so_arm100_moveit_config/launch/move_group.launch.py\n'}
[16.825031] (so_arm100_moveit_config) StdoutLine: {'line': b'-- Symlinking: /home/remii/Projects/so-arm/install/so_arm100_moveit_config/share/so_arm100_moveit_config/launch/moveit_rviz.launch.py\n'}
[16.825238] (so_arm_gz) StdoutLine: {'line': b'-- Symlinking: /home/remii/Projects/so-arm/install/so_arm_gz/share/ament_index/resource_index/parent_prefix_path/so_arm_gz\n'}
[16.830886] (so_arm_gz) StdoutLine: {'line': b'-- Symlinking: /home/remii/Projects/so-arm/install/so_arm_gz/share/so_arm_gz/environment/ament_prefix_path.sh\n'}
[16.831107] (so_arm100_moveit_config) StdoutLine: {'line': b'-- Symlinking: /home/remii/Projects/so-arm/install/so_arm100_moveit_config/share/so_arm100_moveit_config/rviz/move_group.rviz\n'}
[16.833955] (-) TimerEvent: {}
[16.836651] (so_arm_gz) StdoutLine: {'line': b'-- Symlinking: /home/remii/Projects/so-arm/install/so_arm_gz/share/so_arm_gz/environment/ament_prefix_path.dsv\n'}
[16.836806] (so_arm100_moveit_config) StdoutLine: {'line': b'-- Up-to-date symlink: /home/remii/Projects/so-arm/install/so_arm100_moveit_config/share/so_arm100_moveit_config/launch/demo.launch.py\n'}
[16.836932] (so_arm100_moveit_config) StdoutLine: {'line': b'-- Up-to-date symlink: /home/remii/Projects/so-arm/install/so_arm100_moveit_config/share/so_arm100_moveit_config/launch/move_group.launch.py\n'}
[16.837021] (so_arm100_moveit_config) StdoutLine: {'line': b'-- Up-to-date symlink: /home/remii/Projects/so-arm/install/so_arm100_moveit_config/share/so_arm100_moveit_config/launch/moveit_rviz.launch.py\n'}
[16.837147] (so_arm100_moveit_config) StdoutLine: {'line': b'-- Symlinking: /home/remii/Projects/so-arm/install/so_arm100_moveit_config/share/so_arm100_moveit_config/config/joint_limits.yaml\n'}
[16.842327] (so_arm100_moveit_config) StdoutLine: {'line': b'-- Symlinking: /home/remii/Projects/so-arm/install/so_arm100_moveit_config/share/so_arm100_moveit_config/config/kinematics.yaml\n'}
[16.842541] (so_arm_gz) StdoutLine: {'line': b'-- Symlinking: /home/remii/Projects/so-arm/install/so_arm_gz/share/so_arm_gz/environment/path.sh\n'}
[16.848214] (so_arm100_moveit_config) StdoutLine: {'line': b'-- Symlinking: /home/remii/Projects/so-arm/install/so_arm100_moveit_config/share/so_arm100_moveit_config/config/moveit_cpp.yaml\n'}
[16.848338] (so_arm_gz) StdoutLine: {'line': b'-- Symlinking: /home/remii/Projects/so-arm/install/so_arm_gz/share/so_arm_gz/environment/path.dsv\n'}
[16.854244] (so_arm100_moveit_config) StdoutLine: {'line': b'-- Symlinking: /home/remii/Projects/so-arm/install/so_arm100_moveit_config/share/so_arm100_moveit_config/config/ompl_planning.yaml\n'}
[16.854372] (so_arm_gz) StdoutLine: {'line': b'-- Symlinking: /home/remii/Projects/so-arm/install/so_arm_gz/share/so_arm_gz/local_setup.bash\n'}
[16.860228] (so_arm100_moveit_config) StdoutLine: {'line': b'-- Symlinking: /home/remii/Projects/so-arm/install/so_arm100_moveit_config/share/so_arm100_moveit_config/config/so_arm100.srdf\n'}
[16.860496] (so_arm_gz) StdoutLine: {'line': b'-- Symlinking: /home/remii/Projects/so-arm/install/so_arm_gz/share/so_arm_gz/local_setup.sh\n'}
[16.866419] (so_arm100_moveit_config) StdoutLine: {'line': b'-- Symlinking: /home/remii/Projects/so-arm/install/so_arm100_moveit_config/share/so_arm100_moveit_config/config/trajectory_execution.yaml\n'}
[16.866583] (so_arm_gz) StdoutLine: {'line': b'-- Symlinking: /home/remii/Projects/so-arm/install/so_arm_gz/share/so_arm_gz/local_setup.zsh\n'}
[16.872196] (so_arm100_moveit_config) StdoutLine: {'line': b'-- Symlinking: /home/remii/Projects/so-arm/install/so_arm100_moveit_config/share/so_arm100_moveit_config/.setup_assistant\n'}
[16.872405] (so_arm_gz) StdoutLine: {'line': b'-- Symlinking: /home/remii/Projects/so-arm/install/so_arm_gz/share/so_arm_gz/local_setup.dsv\n'}
[16.878022] (so_arm_gz) StdoutLine: {'line': b'-- Symlinking: /home/remii/Projects/so-arm/install/so_arm_gz/share/so_arm_gz/package.dsv\n'}
[16.878248] (so_arm100_moveit_config) StdoutLine: {'line': b'-- Symlinking: /home/remii/Projects/so-arm/install/so_arm100_moveit_config/share/ament_index/resource_index/package_run_dependencies/so_arm100_moveit_config\n'}
[16.883930] (so_arm100_moveit_config) StdoutLine: {'line': b'-- Symlinking: /home/remii/Projects/so-arm/install/so_arm100_moveit_config/share/ament_index/resource_index/parent_prefix_path/so_arm100_moveit_config\n'}
[16.884090] (so_arm_gz) StdoutLine: {'line': b'-- Symlinking: /home/remii/Projects/so-arm/install/so_arm_gz/share/ament_index/resource_index/packages/so_arm_gz\n'}
[16.889764] (so_arm_gz) StdoutLine: {'line': b'-- Symlinking: /home/remii/Projects/so-arm/install/so_arm_gz/share/so_arm_gz/cmake/so_arm_gzConfig.cmake\n'}
[16.890019] (so_arm100_moveit_config) StdoutLine: {'line': b'-- Symlinking: /home/remii/Projects/so-arm/install/so_arm100_moveit_config/share/so_arm100_moveit_config/environment/ament_prefix_path.sh\n'}
[16.895767] (so_arm_gz) StdoutLine: {'line': b'-- Symlinking: /home/remii/Projects/so-arm/install/so_arm_gz/share/so_arm_gz/cmake/so_arm_gzConfig-version.cmake\n'}
[16.895914] (so_arm100_moveit_config) StdoutLine: {'line': b'-- Symlinking: /home/remii/Projects/so-arm/install/so_arm100_moveit_config/share/so_arm100_moveit_config/environment/ament_prefix_path.dsv\n'}
[16.901524] (so_arm_gz) StdoutLine: {'line': b'-- Symlinking: /home/remii/Projects/so-arm/install/so_arm_gz/share/so_arm_gz/package.xml\n'}
[16.901661] (so_arm100_moveit_config) StdoutLine: {'line': b'-- Symlinking: /home/remii/Projects/so-arm/install/so_arm100_moveit_config/share/so_arm100_moveit_config/environment/path.sh\n'}
[16.907633] (so_arm100_moveit_config) StdoutLine: {'line': b'-- Symlinking: /home/remii/Projects/so-arm/install/so_arm100_moveit_config/share/so_arm100_moveit_config/environment/path.dsv\n'}
[16.908649] (so_arm_gz) CommandEnded: {'returncode': 0}
[16.913714] (so_arm100_moveit_config) StdoutLine: {'line': b'-- Symlinking: /home/remii/Projects/so-arm/install/so_arm100_moveit_config/share/so_arm100_moveit_config/local_setup.bash\n'}
[16.917946] (so_arm_gz) JobEnded: {'identifier': 'so_arm_gz', 'rc': 0}
[16.919288] (so_arm100_moveit_config) StdoutLine: {'line': b'-- Symlinking: /home/remii/Projects/so-arm/install/so_arm100_moveit_config/share/so_arm100_moveit_config/local_setup.sh\n'}
[16.925075] (so_arm100_moveit_config) StdoutLine: {'line': b'-- Symlinking: /home/remii/Projects/so-arm/install/so_arm100_moveit_config/share/so_arm100_moveit_config/local_setup.zsh\n'}
[16.930546] (so_arm100_moveit_config) StdoutLine: {'line': b'-- Symlinking: /home/remii/Projects/so-arm/install/so_arm100_moveit_config/share/so_arm100_moveit_config/local_setup.dsv\n'}
[16.934026] (-) TimerEvent: {}
[16.936009] (so_arm100_moveit_config) StdoutLine: {'line': b'-- Symlinking: /home/remii/Projects/so-arm/install/so_arm100_moveit_config/share/so_arm100_moveit_config/package.dsv\n'}
[16.941764] (so_arm100_moveit_config) StdoutLine: {'line': b'-- Symlinking: /home/remii/Projects/so-arm/install/so_arm100_moveit_config/share/ament_index/resource_index/packages/so_arm100_moveit_config\n'}
[16.947800] (so_arm100_moveit_config) StdoutLine: {'line': b'-- Symlinking: /home/remii/Projects/so-arm/install/so_arm100_moveit_config/share/so_arm100_moveit_config/cmake/so_arm100_moveit_configConfig.cmake\n'}
[16.953624] (so_arm100_moveit_config) StdoutLine: {'line': b'-- Symlinking: /home/remii/Projects/so-arm/install/so_arm100_moveit_config/share/so_arm100_moveit_config/cmake/so_arm100_moveit_configConfig-version.cmake\n'}
[16.959014] (so_arm100_moveit_config) StdoutLine: {'line': b'-- Symlinking: /home/remii/Projects/so-arm/install/so_arm100_moveit_config/share/so_arm100_moveit_config/package.xml\n'}
[16.965385] (so_arm100_moveit_config) CommandEnded: {'returncode': 0}
[16.974093] (so_arm100_moveit_config) JobEnded: {'identifier': 'so_arm100_moveit_config', 'rc': 0}
[16.974699] (-) EventReactorShutdown: {}
