[0.112s] DEBUG:colcon:Command line arguments: ['/usr/bin/colcon', 'build', '--symlink-install']
[0.112s] DEBUG:colcon:Parsed command line arguments: Namespace(log_base=None, log_level=None, verb_name='build', build_base='build', install_base='install', merge_install=False, symlink_install=True, test_result_base=None, continue_on_error=False, executor='parallel', parallel_workers=8, event_handlers=None, ignore_user_meta=False, metas=['./colcon.meta'], base_paths=['.'], packages_ignore=None, packages_ignore_regex=None, paths=None, packages_up_to=None, packages_up_to_regex=None, packages_above=None, packages_above_and_dependencies=None, packages_above_depth=None, packages_select_by_dep=None, packages_skip_by_dep=None, packages_skip_up_to=None, packages_select_build_failed=False, packages_skip_build_finished=False, packages_select_test_failures=False, packages_skip_test_passed=False, packages_select=None, packages_skip=None, packages_select_regex=None, packages_skip_regex=None, packages_start=None, packages_end=None, allow_overriding=[], cmake_args=None, cmake_target=None, cmake_target_skip_unavailable=False, cmake_clean_cache=False, cmake_clean_first=False, cmake_force_configure=False, ament_cmake_args=None, catkin_cmake_args=None, catkin_skip_building_tests=False, mixin_files=None, mixin=None, verb_parser=<colcon_mixin.mixin.mixin_argument.MixinArgumentDecorator object at 0x7030580887a0>, verb_extension=<colcon_core.verb.build.BuildVerb object at 0x7030581d45c0>, main=<bound method BuildVerb.main of <colcon_core.verb.build.BuildVerb object at 0x7030581d45c0>>, mixin_verb=('build',))
[0.142s] Level 1:colcon.colcon_core.package_discovery:discover_packages(colcon_meta) check parameters
[0.142s] Level 1:colcon.colcon_core.package_discovery:discover_packages(recursive) check parameters
[0.142s] Level 1:colcon.colcon_core.package_discovery:discover_packages(ignore) check parameters
[0.142s] Level 1:colcon.colcon_core.package_discovery:discover_packages(path) check parameters
[0.142s] Level 1:colcon.colcon_core.package_discovery:discover_packages(colcon_meta) discover
[0.142s] Level 1:colcon.colcon_core.package_discovery:discover_packages(recursive) discover
[0.142s] INFO:colcon.colcon_core.package_discovery:Crawling recursively for packages in '/home/remii/Projects/so-arm'
[0.142s] Level 1:colcon.colcon_core.package_identification:_identify(.) by extensions ['ignore', 'ignore_ament_install']
[0.142s] Level 1:colcon.colcon_core.package_identification:_identify(.) by extension 'ignore'
[0.142s] Level 1:colcon.colcon_core.package_identification:_identify(.) by extension 'ignore_ament_install'
[0.142s] Level 1:colcon.colcon_core.package_identification:_identify(.) by extensions ['colcon_pkg']
[0.142s] Level 1:colcon.colcon_core.package_identification:_identify(.) by extension 'colcon_pkg'
[0.142s] Level 1:colcon.colcon_core.package_identification:_identify(.) by extensions ['colcon_meta']
[0.142s] Level 1:colcon.colcon_core.package_identification:_identify(.) by extension 'colcon_meta'
[0.142s] Level 1:colcon.colcon_core.package_identification:_identify(.) by extensions ['ros']
[0.143s] Level 1:colcon.colcon_core.package_identification:_identify(.) by extension 'ros'
[0.163s] Level 1:colcon.colcon_core.package_identification:_identify(.) by extensions ['cmake', 'python']
[0.163s] Level 1:colcon.colcon_core.package_identification:_identify(.) by extension 'cmake'
[0.163s] Level 1:colcon.colcon_core.package_identification:_identify(.) by extension 'python'
[0.163s] Level 1:colcon.colcon_core.package_identification:_identify(.) by extensions ['python_setup_py']
[0.163s] Level 1:colcon.colcon_core.package_identification:_identify(.) by extension 'python_setup_py'
[0.163s] Level 1:colcon.colcon_core.package_identification:_identify(build) by extensions ['ignore', 'ignore_ament_install']
[0.163s] Level 1:colcon.colcon_core.package_identification:_identify(build) by extension 'ignore'
[0.163s] Level 1:colcon.colcon_core.package_identification:_identify(build) ignored
[0.163s] Level 1:colcon.colcon_core.package_identification:_identify(install) by extensions ['ignore', 'ignore_ament_install']
[0.163s] Level 1:colcon.colcon_core.package_identification:_identify(install) by extension 'ignore'
[0.163s] Level 1:colcon.colcon_core.package_identification:_identify(install) ignored
[0.164s] Level 1:colcon.colcon_core.package_identification:_identify(log) by extensions ['ignore', 'ignore_ament_install']
[0.164s] Level 1:colcon.colcon_core.package_identification:_identify(log) by extension 'ignore'
[0.164s] Level 1:colcon.colcon_core.package_identification:_identify(log) ignored
[0.164s] Level 1:colcon.colcon_core.package_identification:_identify(src) by extensions ['ignore', 'ignore_ament_install']
[0.164s] Level 1:colcon.colcon_core.package_identification:_identify(src) by extension 'ignore'
[0.164s] Level 1:colcon.colcon_core.package_identification:_identify(src) by extension 'ignore_ament_install'
[0.164s] Level 1:colcon.colcon_core.package_identification:_identify(src) by extensions ['colcon_pkg']
[0.164s] Level 1:colcon.colcon_core.package_identification:_identify(src) by extension 'colcon_pkg'
[0.164s] Level 1:colcon.colcon_core.package_identification:_identify(src) by extensions ['colcon_meta']
[0.164s] Level 1:colcon.colcon_core.package_identification:_identify(src) by extension 'colcon_meta'
[0.164s] Level 1:colcon.colcon_core.package_identification:_identify(src) by extensions ['ros']
[0.164s] Level 1:colcon.colcon_core.package_identification:_identify(src) by extension 'ros'
[0.164s] Level 1:colcon.colcon_core.package_identification:_identify(src) by extensions ['cmake', 'python']
[0.164s] Level 1:colcon.colcon_core.package_identification:_identify(src) by extension 'cmake'
[0.164s] Level 1:colcon.colcon_core.package_identification:_identify(src) by extension 'python'
[0.164s] Level 1:colcon.colcon_core.package_identification:_identify(src) by extensions ['python_setup_py']
[0.164s] Level 1:colcon.colcon_core.package_identification:_identify(src) by extension 'python_setup_py'
[0.164s] Level 1:colcon.colcon_core.package_identification:_identify(src/feetech_ros2_driver) by extensions ['ignore', 'ignore_ament_install']
[0.164s] Level 1:colcon.colcon_core.package_identification:_identify(src/feetech_ros2_driver) by extension 'ignore'
[0.164s] Level 1:colcon.colcon_core.package_identification:_identify(src/feetech_ros2_driver) by extension 'ignore_ament_install'
[0.164s] Level 1:colcon.colcon_core.package_identification:_identify(src/feetech_ros2_driver) by extensions ['colcon_pkg']
[0.164s] Level 1:colcon.colcon_core.package_identification:_identify(src/feetech_ros2_driver) by extension 'colcon_pkg'
[0.164s] Level 1:colcon.colcon_core.package_identification:_identify(src/feetech_ros2_driver) by extensions ['colcon_meta']
[0.164s] Level 1:colcon.colcon_core.package_identification:_identify(src/feetech_ros2_driver) by extension 'colcon_meta'
[0.165s] Level 1:colcon.colcon_core.package_identification:_identify(src/feetech_ros2_driver) by extensions ['ros']
[0.165s] Level 1:colcon.colcon_core.package_identification:_identify(src/feetech_ros2_driver) by extension 'ros'
[0.167s] DEBUG:colcon.colcon_core.package_identification:Package 'src/feetech_ros2_driver' with type 'ros.ament_cmake' and name 'feetech_ros2_driver'
[0.167s] Level 1:colcon.colcon_core.package_identification:_identify(src/ros2_so_arm100) by extensions ['ignore', 'ignore_ament_install']
[0.167s] Level 1:colcon.colcon_core.package_identification:_identify(src/ros2_so_arm100) by extension 'ignore'
[0.167s] Level 1:colcon.colcon_core.package_identification:_identify(src/ros2_so_arm100) by extension 'ignore_ament_install'
[0.167s] Level 1:colcon.colcon_core.package_identification:_identify(src/ros2_so_arm100) by extensions ['colcon_pkg']
[0.167s] Level 1:colcon.colcon_core.package_identification:_identify(src/ros2_so_arm100) by extension 'colcon_pkg'
[0.167s] Level 1:colcon.colcon_core.package_identification:_identify(src/ros2_so_arm100) by extensions ['colcon_meta']
[0.167s] Level 1:colcon.colcon_core.package_identification:_identify(src/ros2_so_arm100) by extension 'colcon_meta'
[0.167s] Level 1:colcon.colcon_core.package_identification:_identify(src/ros2_so_arm100) by extensions ['ros']
[0.167s] Level 1:colcon.colcon_core.package_identification:_identify(src/ros2_so_arm100) by extension 'ros'
[0.167s] Level 1:colcon.colcon_core.package_identification:_identify(src/ros2_so_arm100) by extensions ['cmake', 'python']
[0.167s] Level 1:colcon.colcon_core.package_identification:_identify(src/ros2_so_arm100) by extension 'cmake'
[0.167s] Level 1:colcon.colcon_core.package_identification:_identify(src/ros2_so_arm100) by extension 'python'
[0.167s] Level 1:colcon.colcon_core.package_identification:_identify(src/ros2_so_arm100) by extensions ['python_setup_py']
[0.167s] Level 1:colcon.colcon_core.package_identification:_identify(src/ros2_so_arm100) by extension 'python_setup_py'
[0.168s] Level 1:colcon.colcon_core.package_identification:_identify(src/ros2_so_arm100/so_arm100_description) by extensions ['ignore', 'ignore_ament_install']
[0.168s] Level 1:colcon.colcon_core.package_identification:_identify(src/ros2_so_arm100/so_arm100_description) by extension 'ignore'
[0.168s] Level 1:colcon.colcon_core.package_identification:_identify(src/ros2_so_arm100/so_arm100_description) by extension 'ignore_ament_install'
[0.168s] Level 1:colcon.colcon_core.package_identification:_identify(src/ros2_so_arm100/so_arm100_description) by extensions ['colcon_pkg']
[0.168s] Level 1:colcon.colcon_core.package_identification:_identify(src/ros2_so_arm100/so_arm100_description) by extension 'colcon_pkg'
[0.168s] Level 1:colcon.colcon_core.package_identification:_identify(src/ros2_so_arm100/so_arm100_description) by extensions ['colcon_meta']
[0.168s] Level 1:colcon.colcon_core.package_identification:_identify(src/ros2_so_arm100/so_arm100_description) by extension 'colcon_meta'
[0.168s] Level 1:colcon.colcon_core.package_identification:_identify(src/ros2_so_arm100/so_arm100_description) by extensions ['ros']
[0.168s] Level 1:colcon.colcon_core.package_identification:_identify(src/ros2_so_arm100/so_arm100_description) by extension 'ros'
[0.168s] DEBUG:colcon.colcon_core.package_identification:Package 'src/ros2_so_arm100/so_arm100_description' with type 'ros.ament_cmake' and name 'so_arm100_description'
[0.168s] Level 1:colcon.colcon_core.package_identification:_identify(src/ros2_so_arm100/so_arm100_moveit_config) by extensions ['ignore', 'ignore_ament_install']
[0.168s] Level 1:colcon.colcon_core.package_identification:_identify(src/ros2_so_arm100/so_arm100_moveit_config) by extension 'ignore'
[0.168s] Level 1:colcon.colcon_core.package_identification:_identify(src/ros2_so_arm100/so_arm100_moveit_config) by extension 'ignore_ament_install'
[0.168s] Level 1:colcon.colcon_core.package_identification:_identify(src/ros2_so_arm100/so_arm100_moveit_config) by extensions ['colcon_pkg']
[0.168s] Level 1:colcon.colcon_core.package_identification:_identify(src/ros2_so_arm100/so_arm100_moveit_config) by extension 'colcon_pkg'
[0.169s] Level 1:colcon.colcon_core.package_identification:_identify(src/ros2_so_arm100/so_arm100_moveit_config) by extensions ['colcon_meta']
[0.169s] Level 1:colcon.colcon_core.package_identification:_identify(src/ros2_so_arm100/so_arm100_moveit_config) by extension 'colcon_meta'
[0.169s] Level 1:colcon.colcon_core.package_identification:_identify(src/ros2_so_arm100/so_arm100_moveit_config) by extensions ['ros']
[0.169s] Level 1:colcon.colcon_core.package_identification:_identify(src/ros2_so_arm100/so_arm100_moveit_config) by extension 'ros'
[0.169s] DEBUG:colcon.colcon_core.package_identification:Package 'src/ros2_so_arm100/so_arm100_moveit_config' with type 'ros.ament_cmake' and name 'so_arm100_moveit_config'
[0.169s] Level 1:colcon.colcon_core.package_identification:_identify(src/ros2_so_arm100/so_arm101_description) by extensions ['ignore', 'ignore_ament_install']
[0.169s] Level 1:colcon.colcon_core.package_identification:_identify(src/ros2_so_arm100/so_arm101_description) by extension 'ignore'
[0.169s] Level 1:colcon.colcon_core.package_identification:_identify(src/ros2_so_arm100/so_arm101_description) by extension 'ignore_ament_install'
[0.169s] Level 1:colcon.colcon_core.package_identification:_identify(src/ros2_so_arm100/so_arm101_description) by extensions ['colcon_pkg']
[0.169s] Level 1:colcon.colcon_core.package_identification:_identify(src/ros2_so_arm100/so_arm101_description) by extension 'colcon_pkg'
[0.169s] Level 1:colcon.colcon_core.package_identification:_identify(src/ros2_so_arm100/so_arm101_description) by extensions ['colcon_meta']
[0.169s] Level 1:colcon.colcon_core.package_identification:_identify(src/ros2_so_arm100/so_arm101_description) by extension 'colcon_meta'
[0.169s] Level 1:colcon.colcon_core.package_identification:_identify(src/ros2_so_arm100/so_arm101_description) by extensions ['ros']
[0.170s] Level 1:colcon.colcon_core.package_identification:_identify(src/ros2_so_arm100/so_arm101_description) by extension 'ros'
[0.170s] DEBUG:colcon.colcon_core.package_identification:Package 'src/ros2_so_arm100/so_arm101_description' with type 'ros.ament_cmake' and name 'so_arm101_description'
[0.170s] Level 1:colcon.colcon_core.package_identification:_identify(src/ros2_so_arm100/so_arm101_moveit_config) by extensions ['ignore', 'ignore_ament_install']
[0.170s] Level 1:colcon.colcon_core.package_identification:_identify(src/ros2_so_arm100/so_arm101_moveit_config) by extension 'ignore'
[0.170s] Level 1:colcon.colcon_core.package_identification:_identify(src/ros2_so_arm100/so_arm101_moveit_config) by extension 'ignore_ament_install'
[0.170s] Level 1:colcon.colcon_core.package_identification:_identify(src/ros2_so_arm100/so_arm101_moveit_config) by extensions ['colcon_pkg']
[0.170s] Level 1:colcon.colcon_core.package_identification:_identify(src/ros2_so_arm100/so_arm101_moveit_config) by extension 'colcon_pkg'
[0.170s] Level 1:colcon.colcon_core.package_identification:_identify(src/ros2_so_arm100/so_arm101_moveit_config) by extensions ['colcon_meta']
[0.170s] Level 1:colcon.colcon_core.package_identification:_identify(src/ros2_so_arm100/so_arm101_moveit_config) by extension 'colcon_meta'
[0.170s] Level 1:colcon.colcon_core.package_identification:_identify(src/ros2_so_arm100/so_arm101_moveit_config) by extensions ['ros']
[0.170s] Level 1:colcon.colcon_core.package_identification:_identify(src/ros2_so_arm100/so_arm101_moveit_config) by extension 'ros'
[0.171s] DEBUG:colcon.colcon_core.package_identification:Package 'src/ros2_so_arm100/so_arm101_moveit_config' with type 'ros.ament_cmake' and name 'so_arm101_moveit_config'
[0.171s] Level 1:colcon.colcon_core.package_identification:_identify(src/ros2_so_arm100/so_arm_gz) by extensions ['ignore', 'ignore_ament_install']
[0.171s] Level 1:colcon.colcon_core.package_identification:_identify(src/ros2_so_arm100/so_arm_gz) by extension 'ignore'
[0.171s] Level 1:colcon.colcon_core.package_identification:_identify(src/ros2_so_arm100/so_arm_gz) by extension 'ignore_ament_install'
[0.171s] Level 1:colcon.colcon_core.package_identification:_identify(src/ros2_so_arm100/so_arm_gz) by extensions ['colcon_pkg']
[0.171s] Level 1:colcon.colcon_core.package_identification:_identify(src/ros2_so_arm100/so_arm_gz) by extension 'colcon_pkg'
[0.171s] Level 1:colcon.colcon_core.package_identification:_identify(src/ros2_so_arm100/so_arm_gz) by extensions ['colcon_meta']
[0.171s] Level 1:colcon.colcon_core.package_identification:_identify(src/ros2_so_arm100/so_arm_gz) by extension 'colcon_meta'
[0.171s] Level 1:colcon.colcon_core.package_identification:_identify(src/ros2_so_arm100/so_arm_gz) by extensions ['ros']
[0.171s] Level 1:colcon.colcon_core.package_identification:_identify(src/ros2_so_arm100/so_arm_gz) by extension 'ros'
[0.171s] DEBUG:colcon.colcon_core.package_identification:Package 'src/ros2_so_arm100/so_arm_gz' with type 'ros.ament_cmake' and name 'so_arm_gz'
[0.171s] Level 1:colcon.colcon_core.package_identification:_identify(src/ros2_so_arm100/so_arm_utils) by extensions ['ignore', 'ignore_ament_install']
[0.172s] Level 1:colcon.colcon_core.package_identification:_identify(src/ros2_so_arm100/so_arm_utils) by extension 'ignore'
[0.172s] Level 1:colcon.colcon_core.package_identification:_identify(src/ros2_so_arm100/so_arm_utils) by extension 'ignore_ament_install'
[0.172s] Level 1:colcon.colcon_core.package_identification:_identify(src/ros2_so_arm100/so_arm_utils) by extensions ['colcon_pkg']
[0.172s] Level 1:colcon.colcon_core.package_identification:_identify(src/ros2_so_arm100/so_arm_utils) by extension 'colcon_pkg'
[0.172s] Level 1:colcon.colcon_core.package_identification:_identify(src/ros2_so_arm100/so_arm_utils) by extensions ['colcon_meta']
[0.172s] Level 1:colcon.colcon_core.package_identification:_identify(src/ros2_so_arm100/so_arm_utils) by extension 'colcon_meta'
[0.172s] Level 1:colcon.colcon_core.package_identification:_identify(src/ros2_so_arm100/so_arm_utils) by extensions ['ros']
[0.172s] Level 1:colcon.colcon_core.package_identification:_identify(src/ros2_so_arm100/so_arm_utils) by extension 'ros'
[0.172s] DEBUG:colcon.colcon_core.package_identification:Package 'src/ros2_so_arm100/so_arm_utils' with type 'ros.ament_cmake' and name 'so_arm_utils'
[0.172s] Level 1:colcon.colcon_core.package_discovery:discover_packages(recursive) using defaults
[0.172s] Level 1:colcon.colcon_core.package_discovery:discover_packages(ignore) discover
[0.172s] Level 1:colcon.colcon_core.package_discovery:discover_packages(ignore) using defaults
[0.172s] Level 1:colcon.colcon_core.package_discovery:discover_packages(path) discover
[0.172s] Level 1:colcon.colcon_core.package_discovery:discover_packages(path) using defaults
[0.188s] Level 1:colcon.colcon_core.package_discovery:discover_packages(prefix_path) check parameters
[0.188s] Level 1:colcon.colcon_core.package_discovery:discover_packages(prefix_path) discover
[0.191s] DEBUG:colcon.colcon_installed_package_information.package_discovery:Found 372 installed packages in /opt/ros/jazzy
[0.192s] Level 1:colcon.colcon_core.package_discovery:discover_packages(prefix_path) using defaults
[0.236s] Level 5:colcon.colcon_core.verb:set package 'feetech_ros2_driver' build argument 'cmake_args' from command line to 'None'
[0.237s] Level 5:colcon.colcon_core.verb:set package 'feetech_ros2_driver' build argument 'cmake_target' from command line to 'None'
[0.237s] Level 5:colcon.colcon_core.verb:set package 'feetech_ros2_driver' build argument 'cmake_target_skip_unavailable' from command line to 'False'
[0.237s] Level 5:colcon.colcon_core.verb:set package 'feetech_ros2_driver' build argument 'cmake_clean_cache' from command line to 'False'
[0.237s] Level 5:colcon.colcon_core.verb:set package 'feetech_ros2_driver' build argument 'cmake_clean_first' from command line to 'False'
[0.237s] Level 5:colcon.colcon_core.verb:set package 'feetech_ros2_driver' build argument 'cmake_force_configure' from command line to 'False'
[0.237s] Level 5:colcon.colcon_core.verb:set package 'feetech_ros2_driver' build argument 'ament_cmake_args' from command line to 'None'
[0.237s] Level 5:colcon.colcon_core.verb:set package 'feetech_ros2_driver' build argument 'catkin_cmake_args' from command line to 'None'
[0.237s] Level 5:colcon.colcon_core.verb:set package 'feetech_ros2_driver' build argument 'catkin_skip_building_tests' from command line to 'False'
[0.237s] DEBUG:colcon.colcon_core.verb:Building package 'feetech_ros2_driver' with the following arguments: {'ament_cmake_args': None, 'build_base': '/home/remii/Projects/so-arm/build/feetech_ros2_driver', 'catkin_cmake_args': None, 'catkin_skip_building_tests': False, 'cmake_args': None, 'cmake_clean_cache': False, 'cmake_clean_first': False, 'cmake_force_configure': False, 'cmake_target': None, 'cmake_target_skip_unavailable': False, 'install_base': '/home/remii/Projects/so-arm/install/feetech_ros2_driver', 'merge_install': False, 'path': '/home/remii/Projects/so-arm/src/feetech_ros2_driver', 'symlink_install': True, 'test_result_base': None}
[0.237s] Level 5:colcon.colcon_core.verb:set package 'so_arm_utils' build argument 'cmake_args' from command line to 'None'
[0.237s] Level 5:colcon.colcon_core.verb:set package 'so_arm_utils' build argument 'cmake_target' from command line to 'None'
[0.237s] Level 5:colcon.colcon_core.verb:set package 'so_arm_utils' build argument 'cmake_target_skip_unavailable' from command line to 'False'
[0.237s] Level 5:colcon.colcon_core.verb:set package 'so_arm_utils' build argument 'cmake_clean_cache' from command line to 'False'
[0.237s] Level 5:colcon.colcon_core.verb:set package 'so_arm_utils' build argument 'cmake_clean_first' from command line to 'False'
[0.237s] Level 5:colcon.colcon_core.verb:set package 'so_arm_utils' build argument 'cmake_force_configure' from command line to 'False'
[0.237s] Level 5:colcon.colcon_core.verb:set package 'so_arm_utils' build argument 'ament_cmake_args' from command line to 'None'
[0.237s] Level 5:colcon.colcon_core.verb:set package 'so_arm_utils' build argument 'catkin_cmake_args' from command line to 'None'
[0.237s] Level 5:colcon.colcon_core.verb:set package 'so_arm_utils' build argument 'catkin_skip_building_tests' from command line to 'False'
[0.237s] DEBUG:colcon.colcon_core.verb:Building package 'so_arm_utils' with the following arguments: {'ament_cmake_args': None, 'build_base': '/home/remii/Projects/so-arm/build/so_arm_utils', 'catkin_cmake_args': None, 'catkin_skip_building_tests': False, 'cmake_args': None, 'cmake_clean_cache': False, 'cmake_clean_first': False, 'cmake_force_configure': False, 'cmake_target': None, 'cmake_target_skip_unavailable': False, 'install_base': '/home/remii/Projects/so-arm/install/so_arm_utils', 'merge_install': False, 'path': '/home/remii/Projects/so-arm/src/ros2_so_arm100/so_arm_utils', 'symlink_install': True, 'test_result_base': None}
[0.237s] Level 5:colcon.colcon_core.verb:set package 'so_arm100_description' build argument 'cmake_args' from command line to 'None'
[0.237s] Level 5:colcon.colcon_core.verb:set package 'so_arm100_description' build argument 'cmake_target' from command line to 'None'
[0.237s] Level 5:colcon.colcon_core.verb:set package 'so_arm100_description' build argument 'cmake_target_skip_unavailable' from command line to 'False'
[0.237s] Level 5:colcon.colcon_core.verb:set package 'so_arm100_description' build argument 'cmake_clean_cache' from command line to 'False'
[0.237s] Level 5:colcon.colcon_core.verb:set package 'so_arm100_description' build argument 'cmake_clean_first' from command line to 'False'
[0.237s] Level 5:colcon.colcon_core.verb:set package 'so_arm100_description' build argument 'cmake_force_configure' from command line to 'False'
[0.237s] Level 5:colcon.colcon_core.verb:set package 'so_arm100_description' build argument 'ament_cmake_args' from command line to 'None'
[0.237s] Level 5:colcon.colcon_core.verb:set package 'so_arm100_description' build argument 'catkin_cmake_args' from command line to 'None'
[0.237s] Level 5:colcon.colcon_core.verb:set package 'so_arm100_description' build argument 'catkin_skip_building_tests' from command line to 'False'
[0.237s] DEBUG:colcon.colcon_core.verb:Building package 'so_arm100_description' with the following arguments: {'ament_cmake_args': None, 'build_base': '/home/remii/Projects/so-arm/build/so_arm100_description', 'catkin_cmake_args': None, 'catkin_skip_building_tests': False, 'cmake_args': None, 'cmake_clean_cache': False, 'cmake_clean_first': False, 'cmake_force_configure': False, 'cmake_target': None, 'cmake_target_skip_unavailable': False, 'install_base': '/home/remii/Projects/so-arm/install/so_arm100_description', 'merge_install': False, 'path': '/home/remii/Projects/so-arm/src/ros2_so_arm100/so_arm100_description', 'symlink_install': True, 'test_result_base': None}
[0.238s] Level 5:colcon.colcon_core.verb:set package 'so_arm101_description' build argument 'cmake_args' from command line to 'None'
[0.238s] Level 5:colcon.colcon_core.verb:set package 'so_arm101_description' build argument 'cmake_target' from command line to 'None'
[0.238s] Level 5:colcon.colcon_core.verb:set package 'so_arm101_description' build argument 'cmake_target_skip_unavailable' from command line to 'False'
[0.238s] Level 5:colcon.colcon_core.verb:set package 'so_arm101_description' build argument 'cmake_clean_cache' from command line to 'False'
[0.238s] Level 5:colcon.colcon_core.verb:set package 'so_arm101_description' build argument 'cmake_clean_first' from command line to 'False'
[0.238s] Level 5:colcon.colcon_core.verb:set package 'so_arm101_description' build argument 'cmake_force_configure' from command line to 'False'
[0.238s] Level 5:colcon.colcon_core.verb:set package 'so_arm101_description' build argument 'ament_cmake_args' from command line to 'None'
[0.238s] Level 5:colcon.colcon_core.verb:set package 'so_arm101_description' build argument 'catkin_cmake_args' from command line to 'None'
[0.238s] Level 5:colcon.colcon_core.verb:set package 'so_arm101_description' build argument 'catkin_skip_building_tests' from command line to 'False'
[0.238s] DEBUG:colcon.colcon_core.verb:Building package 'so_arm101_description' with the following arguments: {'ament_cmake_args': None, 'build_base': '/home/remii/Projects/so-arm/build/so_arm101_description', 'catkin_cmake_args': None, 'catkin_skip_building_tests': False, 'cmake_args': None, 'cmake_clean_cache': False, 'cmake_clean_first': False, 'cmake_force_configure': False, 'cmake_target': None, 'cmake_target_skip_unavailable': False, 'install_base': '/home/remii/Projects/so-arm/install/so_arm101_description', 'merge_install': False, 'path': '/home/remii/Projects/so-arm/src/ros2_so_arm100/so_arm101_description', 'symlink_install': True, 'test_result_base': None}
[0.238s] Level 5:colcon.colcon_core.verb:set package 'so_arm100_moveit_config' build argument 'cmake_args' from command line to 'None'
[0.238s] Level 5:colcon.colcon_core.verb:set package 'so_arm100_moveit_config' build argument 'cmake_target' from command line to 'None'
[0.238s] Level 5:colcon.colcon_core.verb:set package 'so_arm100_moveit_config' build argument 'cmake_target_skip_unavailable' from command line to 'False'
[0.238s] Level 5:colcon.colcon_core.verb:set package 'so_arm100_moveit_config' build argument 'cmake_clean_cache' from command line to 'False'
[0.238s] Level 5:colcon.colcon_core.verb:set package 'so_arm100_moveit_config' build argument 'cmake_clean_first' from command line to 'False'
[0.238s] Level 5:colcon.colcon_core.verb:set package 'so_arm100_moveit_config' build argument 'cmake_force_configure' from command line to 'False'
[0.238s] Level 5:colcon.colcon_core.verb:set package 'so_arm100_moveit_config' build argument 'ament_cmake_args' from command line to 'None'
[0.238s] Level 5:colcon.colcon_core.verb:set package 'so_arm100_moveit_config' build argument 'catkin_cmake_args' from command line to 'None'
[0.238s] Level 5:colcon.colcon_core.verb:set package 'so_arm100_moveit_config' build argument 'catkin_skip_building_tests' from command line to 'False'
[0.238s] DEBUG:colcon.colcon_core.verb:Building package 'so_arm100_moveit_config' with the following arguments: {'ament_cmake_args': None, 'build_base': '/home/remii/Projects/so-arm/build/so_arm100_moveit_config', 'catkin_cmake_args': None, 'catkin_skip_building_tests': False, 'cmake_args': None, 'cmake_clean_cache': False, 'cmake_clean_first': False, 'cmake_force_configure': False, 'cmake_target': None, 'cmake_target_skip_unavailable': False, 'install_base': '/home/remii/Projects/so-arm/install/so_arm100_moveit_config', 'merge_install': False, 'path': '/home/remii/Projects/so-arm/src/ros2_so_arm100/so_arm100_moveit_config', 'symlink_install': True, 'test_result_base': None}
[0.238s] Level 5:colcon.colcon_core.verb:set package 'so_arm101_moveit_config' build argument 'cmake_args' from command line to 'None'
[0.238s] Level 5:colcon.colcon_core.verb:set package 'so_arm101_moveit_config' build argument 'cmake_target' from command line to 'None'
[0.238s] Level 5:colcon.colcon_core.verb:set package 'so_arm101_moveit_config' build argument 'cmake_target_skip_unavailable' from command line to 'False'
[0.238s] Level 5:colcon.colcon_core.verb:set package 'so_arm101_moveit_config' build argument 'cmake_clean_cache' from command line to 'False'
[0.238s] Level 5:colcon.colcon_core.verb:set package 'so_arm101_moveit_config' build argument 'cmake_clean_first' from command line to 'False'
[0.238s] Level 5:colcon.colcon_core.verb:set package 'so_arm101_moveit_config' build argument 'cmake_force_configure' from command line to 'False'
[0.239s] Level 5:colcon.colcon_core.verb:set package 'so_arm101_moveit_config' build argument 'ament_cmake_args' from command line to 'None'
[0.239s] Level 5:colcon.colcon_core.verb:set package 'so_arm101_moveit_config' build argument 'catkin_cmake_args' from command line to 'None'
[0.239s] Level 5:colcon.colcon_core.verb:set package 'so_arm101_moveit_config' build argument 'catkin_skip_building_tests' from command line to 'False'
[0.239s] DEBUG:colcon.colcon_core.verb:Building package 'so_arm101_moveit_config' with the following arguments: {'ament_cmake_args': None, 'build_base': '/home/remii/Projects/so-arm/build/so_arm101_moveit_config', 'catkin_cmake_args': None, 'catkin_skip_building_tests': False, 'cmake_args': None, 'cmake_clean_cache': False, 'cmake_clean_first': False, 'cmake_force_configure': False, 'cmake_target': None, 'cmake_target_skip_unavailable': False, 'install_base': '/home/remii/Projects/so-arm/install/so_arm101_moveit_config', 'merge_install': False, 'path': '/home/remii/Projects/so-arm/src/ros2_so_arm100/so_arm101_moveit_config', 'symlink_install': True, 'test_result_base': None}
[0.239s] Level 5:colcon.colcon_core.verb:set package 'so_arm_gz' build argument 'cmake_args' from command line to 'None'
[0.239s] Level 5:colcon.colcon_core.verb:set package 'so_arm_gz' build argument 'cmake_target' from command line to 'None'
[0.239s] Level 5:colcon.colcon_core.verb:set package 'so_arm_gz' build argument 'cmake_target_skip_unavailable' from command line to 'False'
[0.239s] Level 5:colcon.colcon_core.verb:set package 'so_arm_gz' build argument 'cmake_clean_cache' from command line to 'False'
[0.239s] Level 5:colcon.colcon_core.verb:set package 'so_arm_gz' build argument 'cmake_clean_first' from command line to 'False'
[0.239s] Level 5:colcon.colcon_core.verb:set package 'so_arm_gz' build argument 'cmake_force_configure' from command line to 'False'
[0.239s] Level 5:colcon.colcon_core.verb:set package 'so_arm_gz' build argument 'ament_cmake_args' from command line to 'None'
[0.239s] Level 5:colcon.colcon_core.verb:set package 'so_arm_gz' build argument 'catkin_cmake_args' from command line to 'None'
[0.239s] Level 5:colcon.colcon_core.verb:set package 'so_arm_gz' build argument 'catkin_skip_building_tests' from command line to 'False'
[0.239s] DEBUG:colcon.colcon_core.verb:Building package 'so_arm_gz' with the following arguments: {'ament_cmake_args': None, 'build_base': '/home/remii/Projects/so-arm/build/so_arm_gz', 'catkin_cmake_args': None, 'catkin_skip_building_tests': False, 'cmake_args': None, 'cmake_clean_cache': False, 'cmake_clean_first': False, 'cmake_force_configure': False, 'cmake_target': None, 'cmake_target_skip_unavailable': False, 'install_base': '/home/remii/Projects/so-arm/install/so_arm_gz', 'merge_install': False, 'path': '/home/remii/Projects/so-arm/src/ros2_so_arm100/so_arm_gz', 'symlink_install': True, 'test_result_base': None}
[0.239s] INFO:colcon.colcon_core.executor:Executing jobs using 'parallel' executor
[0.240s] DEBUG:colcon.colcon_parallel_executor.executor.parallel:run_until_complete
[0.240s] INFO:colcon.colcon_ros.task.ament_cmake.build:Building ROS package in '/home/remii/Projects/so-arm/src/feetech_ros2_driver' with build type 'ament_cmake'
[0.240s] INFO:colcon.colcon_cmake.task.cmake.build:Building CMake package in '/home/remii/Projects/so-arm/src/feetech_ros2_driver'
[0.242s] INFO:colcon.colcon_core.plugin_system:Skipping extension 'colcon_core.shell.bat': Not used on non-Windows systems
[0.242s] INFO:colcon.colcon_core.shell:Skip shell extension 'powershell' for command environment: Not usable outside of PowerShell
[0.242s] DEBUG:colcon.colcon_core.shell:Skip shell extension 'dsv' for command environment
[0.244s] INFO:colcon.colcon_ros.task.ament_cmake.build:Building ROS package in '/home/remii/Projects/so-arm/src/ros2_so_arm100/so_arm_utils' with build type 'ament_cmake'
[0.244s] INFO:colcon.colcon_cmake.task.cmake.build:Building CMake package in '/home/remii/Projects/so-arm/src/ros2_so_arm100/so_arm_utils'
[0.244s] INFO:colcon.colcon_core.shell:Skip shell extension 'powershell' for command environment: Not usable outside of PowerShell
[0.245s] DEBUG:colcon.colcon_core.shell:Skip shell extension 'dsv' for command environment
[0.250s] DEBUG:colcon.colcon_core.event_handler.log_command:Invoking command in '/home/remii/Projects/so-arm/build/feetech_ros2_driver': CMAKE_PREFIX_PATH=${CMAKE_PREFIX_PATH}:/opt/ros/jazzy DEBUGINFOD_URLS=https://debuginfod.ubuntu.com /usr/bin/cmake --build /home/remii/Projects/so-arm/build/feetech_ros2_driver -- -j8 -l8
[0.253s] DEBUG:colcon.colcon_core.event_handler.log_command:Invoking command in '/home/remii/Projects/so-arm/build/so_arm_utils': CMAKE_PREFIX_PATH=${CMAKE_PREFIX_PATH}:/opt/ros/jazzy DEBUGINFOD_URLS=https://debuginfod.ubuntu.com /usr/bin/cmake --build /home/remii/Projects/so-arm/build/so_arm_utils -- -j8 -l8
[0.340s] DEBUG:colcon.colcon_core.event_handler.log_command:Invoked command in '/home/remii/Projects/so-arm/build/feetech_ros2_driver' returned '0': CMAKE_PREFIX_PATH=${CMAKE_PREFIX_PATH}:/opt/ros/jazzy DEBUGINFOD_URLS=https://debuginfod.ubuntu.com /usr/bin/cmake --build /home/remii/Projects/so-arm/build/feetech_ros2_driver -- -j8 -l8
[0.348s] DEBUG:colcon.colcon_core.event_handler.log_command:Invoking command in '/home/remii/Projects/so-arm/build/feetech_ros2_driver': CMAKE_PREFIX_PATH=${CMAKE_PREFIX_PATH}:/opt/ros/jazzy DEBUGINFOD_URLS=https://debuginfod.ubuntu.com /usr/bin/cmake --install /home/remii/Projects/so-arm/build/feetech_ros2_driver
[0.366s] Level 1:colcon.colcon_core.environment:create_environment_scripts_only(feetech_ros2_driver)
[0.366s] DEBUG:colcon.colcon_core.event_handler.log_command:Invoked command in '/home/remii/Projects/so-arm/build/feetech_ros2_driver' returned '0': CMAKE_PREFIX_PATH=${CMAKE_PREFIX_PATH}:/opt/ros/jazzy DEBUGINFOD_URLS=https://debuginfod.ubuntu.com /usr/bin/cmake --install /home/remii/Projects/so-arm/build/feetech_ros2_driver
[0.368s] Level 1:colcon.colcon_core.environment:checking '/home/remii/Projects/so-arm/install/feetech_ros2_driver' for CMake module files
[0.368s] Level 1:colcon.colcon_core.environment:checking '/home/remii/Projects/so-arm/install/feetech_ros2_driver' for CMake config files
[0.368s] Level 1:colcon.colcon_core.shell:create_environment_hook('feetech_ros2_driver', 'cmake_prefix_path')
[0.369s] INFO:colcon.colcon_core.shell:Creating environment hook '/home/remii/Projects/so-arm/install/feetech_ros2_driver/share/feetech_ros2_driver/hook/cmake_prefix_path.ps1'
[0.369s] INFO:colcon.colcon_core.shell:Creating environment descriptor '/home/remii/Projects/so-arm/install/feetech_ros2_driver/share/feetech_ros2_driver/hook/cmake_prefix_path.dsv'
[0.369s] INFO:colcon.colcon_core.shell:Creating environment hook '/home/remii/Projects/so-arm/install/feetech_ros2_driver/share/feetech_ros2_driver/hook/cmake_prefix_path.sh'
[0.370s] Level 1:colcon.colcon_core.environment:checking '/home/remii/Projects/so-arm/install/feetech_ros2_driver/lib'
[0.370s] Level 1:colcon.colcon_core.shell:create_environment_hook('feetech_ros2_driver', 'ld_library_path_lib')
[0.370s] INFO:colcon.colcon_core.shell:Creating environment hook '/home/remii/Projects/so-arm/install/feetech_ros2_driver/share/feetech_ros2_driver/hook/ld_library_path_lib.ps1'
[0.370s] INFO:colcon.colcon_core.shell:Creating environment descriptor '/home/remii/Projects/so-arm/install/feetech_ros2_driver/share/feetech_ros2_driver/hook/ld_library_path_lib.dsv'
[0.371s] INFO:colcon.colcon_core.shell:Creating environment hook '/home/remii/Projects/so-arm/install/feetech_ros2_driver/share/feetech_ros2_driver/hook/ld_library_path_lib.sh'
[0.371s] Level 1:colcon.colcon_core.environment:checking '/home/remii/Projects/so-arm/install/feetech_ros2_driver/bin'
[0.371s] Level 1:colcon.colcon_core.shell:create_environment_hook('feetech_ros2_driver', 'path')
[0.371s] INFO:colcon.colcon_core.shell:Creating environment hook '/home/remii/Projects/so-arm/install/feetech_ros2_driver/share/feetech_ros2_driver/hook/path.ps1'
[0.371s] INFO:colcon.colcon_core.shell:Creating environment descriptor '/home/remii/Projects/so-arm/install/feetech_ros2_driver/share/feetech_ros2_driver/hook/path.dsv'
[0.372s] INFO:colcon.colcon_core.shell:Creating environment hook '/home/remii/Projects/so-arm/install/feetech_ros2_driver/share/feetech_ros2_driver/hook/path.sh'
[0.372s] Level 1:colcon.colcon_core.environment:checking '/home/remii/Projects/so-arm/install/feetech_ros2_driver/lib/pkgconfig/feetech_ros2_driver.pc'
[0.372s] Level 1:colcon.colcon_core.environment:checking '/home/remii/Projects/so-arm/install/feetech_ros2_driver/lib/python3.12/site-packages'
[0.372s] Level 1:colcon.colcon_core.environment:checking '/home/remii/Projects/so-arm/install/feetech_ros2_driver/bin'
[0.372s] Level 1:colcon.colcon_core.shell:create_environment_hook('feetech_ros2_driver', 'pythonscriptspath')
[0.373s] INFO:colcon.colcon_core.shell:Creating environment hook '/home/remii/Projects/so-arm/install/feetech_ros2_driver/share/feetech_ros2_driver/hook/pythonscriptspath.ps1'
[0.373s] INFO:colcon.colcon_core.shell:Creating environment descriptor '/home/remii/Projects/so-arm/install/feetech_ros2_driver/share/feetech_ros2_driver/hook/pythonscriptspath.dsv'
[0.373s] INFO:colcon.colcon_core.shell:Creating environment hook '/home/remii/Projects/so-arm/install/feetech_ros2_driver/share/feetech_ros2_driver/hook/pythonscriptspath.sh'
[0.374s] INFO:colcon.colcon_core.shell:Creating package script '/home/remii/Projects/so-arm/install/feetech_ros2_driver/share/feetech_ros2_driver/package.ps1'
[0.375s] INFO:colcon.colcon_core.shell:Creating package descriptor '/home/remii/Projects/so-arm/install/feetech_ros2_driver/share/feetech_ros2_driver/package.dsv'
[0.375s] INFO:colcon.colcon_core.shell:Creating package script '/home/remii/Projects/so-arm/install/feetech_ros2_driver/share/feetech_ros2_driver/package.sh'
[0.376s] INFO:colcon.colcon_core.shell:Creating package script '/home/remii/Projects/so-arm/install/feetech_ros2_driver/share/feetech_ros2_driver/package.bash'
[0.376s] INFO:colcon.colcon_core.shell:Creating package script '/home/remii/Projects/so-arm/install/feetech_ros2_driver/share/feetech_ros2_driver/package.zsh'
[0.377s] Level 1:colcon.colcon_core.environment:create_file_with_runtime_dependencies(/home/remii/Projects/so-arm/install/feetech_ros2_driver/share/colcon-core/packages/feetech_ros2_driver)
[0.377s] Level 1:colcon.colcon_core.environment:create_environment_scripts_only(feetech_ros2_driver)
[0.377s] Level 1:colcon.colcon_core.environment:checking '/home/remii/Projects/so-arm/install/feetech_ros2_driver' for CMake module files
[0.377s] Level 1:colcon.colcon_core.environment:checking '/home/remii/Projects/so-arm/install/feetech_ros2_driver' for CMake config files
[0.378s] Level 1:colcon.colcon_core.shell:create_environment_hook('feetech_ros2_driver', 'cmake_prefix_path')
[0.378s] INFO:colcon.colcon_core.shell:Creating environment hook '/home/remii/Projects/so-arm/install/feetech_ros2_driver/share/feetech_ros2_driver/hook/cmake_prefix_path.ps1'
[0.378s] INFO:colcon.colcon_core.shell:Creating environment descriptor '/home/remii/Projects/so-arm/install/feetech_ros2_driver/share/feetech_ros2_driver/hook/cmake_prefix_path.dsv'
[0.378s] INFO:colcon.colcon_core.shell:Creating environment hook '/home/remii/Projects/so-arm/install/feetech_ros2_driver/share/feetech_ros2_driver/hook/cmake_prefix_path.sh'
[0.379s] Level 1:colcon.colcon_core.environment:checking '/home/remii/Projects/so-arm/install/feetech_ros2_driver/lib'
[0.379s] Level 1:colcon.colcon_core.shell:create_environment_hook('feetech_ros2_driver', 'ld_library_path_lib')
[0.379s] INFO:colcon.colcon_core.shell:Creating environment hook '/home/remii/Projects/so-arm/install/feetech_ros2_driver/share/feetech_ros2_driver/hook/ld_library_path_lib.ps1'
[0.379s] INFO:colcon.colcon_core.shell:Creating environment descriptor '/home/remii/Projects/so-arm/install/feetech_ros2_driver/share/feetech_ros2_driver/hook/ld_library_path_lib.dsv'
[0.379s] INFO:colcon.colcon_core.shell:Creating environment hook '/home/remii/Projects/so-arm/install/feetech_ros2_driver/share/feetech_ros2_driver/hook/ld_library_path_lib.sh'
[0.380s] Level 1:colcon.colcon_core.environment:checking '/home/remii/Projects/so-arm/install/feetech_ros2_driver/bin'
[0.380s] Level 1:colcon.colcon_core.shell:create_environment_hook('feetech_ros2_driver', 'path')
[0.380s] INFO:colcon.colcon_core.shell:Creating environment hook '/home/remii/Projects/so-arm/install/feetech_ros2_driver/share/feetech_ros2_driver/hook/path.ps1'
[0.380s] INFO:colcon.colcon_core.shell:Creating environment descriptor '/home/remii/Projects/so-arm/install/feetech_ros2_driver/share/feetech_ros2_driver/hook/path.dsv'
[0.380s] INFO:colcon.colcon_core.shell:Creating environment hook '/home/remii/Projects/so-arm/install/feetech_ros2_driver/share/feetech_ros2_driver/hook/path.sh'
[0.381s] Level 1:colcon.colcon_core.environment:checking '/home/remii/Projects/so-arm/install/feetech_ros2_driver/lib/pkgconfig/feetech_ros2_driver.pc'
[0.381s] Level 1:colcon.colcon_core.environment:checking '/home/remii/Projects/so-arm/install/feetech_ros2_driver/lib/python3.12/site-packages'
[0.381s] Level 1:colcon.colcon_core.environment:checking '/home/remii/Projects/so-arm/install/feetech_ros2_driver/bin'
[0.381s] Level 1:colcon.colcon_core.shell:create_environment_hook('feetech_ros2_driver', 'pythonscriptspath')
[0.381s] INFO:colcon.colcon_core.shell:Creating environment hook '/home/remii/Projects/so-arm/install/feetech_ros2_driver/share/feetech_ros2_driver/hook/pythonscriptspath.ps1'
[0.382s] INFO:colcon.colcon_core.shell:Creating environment descriptor '/home/remii/Projects/so-arm/install/feetech_ros2_driver/share/feetech_ros2_driver/hook/pythonscriptspath.dsv'
[0.382s] INFO:colcon.colcon_core.shell:Creating environment hook '/home/remii/Projects/so-arm/install/feetech_ros2_driver/share/feetech_ros2_driver/hook/pythonscriptspath.sh'
[0.382s] INFO:colcon.colcon_core.shell:Creating package script '/home/remii/Projects/so-arm/install/feetech_ros2_driver/share/feetech_ros2_driver/package.ps1'
[0.383s] INFO:colcon.colcon_core.shell:Creating package descriptor '/home/remii/Projects/so-arm/install/feetech_ros2_driver/share/feetech_ros2_driver/package.dsv'
[0.383s] INFO:colcon.colcon_core.shell:Creating package script '/home/remii/Projects/so-arm/install/feetech_ros2_driver/share/feetech_ros2_driver/package.sh'
[0.384s] INFO:colcon.colcon_core.shell:Creating package script '/home/remii/Projects/so-arm/install/feetech_ros2_driver/share/feetech_ros2_driver/package.bash'
[0.384s] INFO:colcon.colcon_core.shell:Creating package script '/home/remii/Projects/so-arm/install/feetech_ros2_driver/share/feetech_ros2_driver/package.zsh'
[0.384s] Level 1:colcon.colcon_core.environment:create_file_with_runtime_dependencies(/home/remii/Projects/so-arm/install/feetech_ros2_driver/share/colcon-core/packages/feetech_ros2_driver)
[1.100s] DEBUG:colcon.colcon_core.event_handler.log_command:Invoked command in '/home/remii/Projects/so-arm/build/so_arm_utils' returned '0': CMAKE_PREFIX_PATH=${CMAKE_PREFIX_PATH}:/opt/ros/jazzy DEBUGINFOD_URLS=https://debuginfod.ubuntu.com /usr/bin/cmake --build /home/remii/Projects/so-arm/build/so_arm_utils -- -j8 -l8
[1.101s] DEBUG:colcon.colcon_core.event_handler.log_command:Invoking command in '/home/remii/Projects/so-arm/build/so_arm_utils': CMAKE_PREFIX_PATH=${CMAKE_PREFIX_PATH}:/opt/ros/jazzy DEBUGINFOD_URLS=https://debuginfod.ubuntu.com /usr/bin/cmake --install /home/remii/Projects/so-arm/build/so_arm_utils
[1.154s] Level 1:colcon.colcon_core.environment:create_environment_scripts_only(so_arm_utils)
[1.154s] Level 1:colcon.colcon_core.environment:checking '/home/remii/Projects/so-arm/install/so_arm_utils' for CMake module files
[1.154s] DEBUG:colcon.colcon_core.event_handler.log_command:Invoked command in '/home/remii/Projects/so-arm/build/so_arm_utils' returned '0': CMAKE_PREFIX_PATH=${CMAKE_PREFIX_PATH}:/opt/ros/jazzy DEBUGINFOD_URLS=https://debuginfod.ubuntu.com /usr/bin/cmake --install /home/remii/Projects/so-arm/build/so_arm_utils
[1.155s] Level 1:colcon.colcon_core.environment:checking '/home/remii/Projects/so-arm/install/so_arm_utils' for CMake config files
[1.155s] Level 1:colcon.colcon_core.shell:create_environment_hook('so_arm_utils', 'cmake_prefix_path')
[1.155s] INFO:colcon.colcon_core.shell:Creating environment hook '/home/remii/Projects/so-arm/install/so_arm_utils/share/so_arm_utils/hook/cmake_prefix_path.ps1'
[1.156s] INFO:colcon.colcon_core.shell:Creating environment descriptor '/home/remii/Projects/so-arm/install/so_arm_utils/share/so_arm_utils/hook/cmake_prefix_path.dsv'
[1.156s] INFO:colcon.colcon_core.shell:Creating environment hook '/home/remii/Projects/so-arm/install/so_arm_utils/share/so_arm_utils/hook/cmake_prefix_path.sh'
[1.156s] Level 1:colcon.colcon_core.environment:checking '/home/remii/Projects/so-arm/install/so_arm_utils/lib'
[1.156s] Level 1:colcon.colcon_core.environment:checking '/home/remii/Projects/so-arm/install/so_arm_utils/bin'
[1.156s] Level 1:colcon.colcon_core.environment:checking '/home/remii/Projects/so-arm/install/so_arm_utils/lib/pkgconfig/so_arm_utils.pc'
[1.157s] Level 1:colcon.colcon_core.environment:checking '/home/remii/Projects/so-arm/install/so_arm_utils/lib/python3.12/site-packages'
[1.157s] Level 1:colcon.colcon_core.shell:create_environment_hook('so_arm_utils', 'pythonpath')
[1.157s] INFO:colcon.colcon_core.shell:Creating environment hook '/home/remii/Projects/so-arm/install/so_arm_utils/share/so_arm_utils/hook/pythonpath.ps1'
[1.157s] INFO:colcon.colcon_core.shell:Creating environment descriptor '/home/remii/Projects/so-arm/install/so_arm_utils/share/so_arm_utils/hook/pythonpath.dsv'
[1.157s] INFO:colcon.colcon_core.shell:Creating environment hook '/home/remii/Projects/so-arm/install/so_arm_utils/share/so_arm_utils/hook/pythonpath.sh'
[1.158s] Level 1:colcon.colcon_core.environment:checking '/home/remii/Projects/so-arm/install/so_arm_utils/bin'
[1.158s] INFO:colcon.colcon_core.shell:Creating package script '/home/remii/Projects/so-arm/install/so_arm_utils/share/so_arm_utils/package.ps1'
[1.158s] INFO:colcon.colcon_core.shell:Creating package descriptor '/home/remii/Projects/so-arm/install/so_arm_utils/share/so_arm_utils/package.dsv'
[1.159s] INFO:colcon.colcon_core.shell:Creating package script '/home/remii/Projects/so-arm/install/so_arm_utils/share/so_arm_utils/package.sh'
[1.159s] INFO:colcon.colcon_core.shell:Creating package script '/home/remii/Projects/so-arm/install/so_arm_utils/share/so_arm_utils/package.bash'
[1.159s] INFO:colcon.colcon_core.shell:Creating package script '/home/remii/Projects/so-arm/install/so_arm_utils/share/so_arm_utils/package.zsh'
[1.160s] Level 1:colcon.colcon_core.environment:create_file_with_runtime_dependencies(/home/remii/Projects/so-arm/install/so_arm_utils/share/colcon-core/packages/so_arm_utils)
[1.160s] Level 1:colcon.colcon_core.environment:create_environment_scripts_only(so_arm_utils)
[1.160s] Level 1:colcon.colcon_core.environment:checking '/home/remii/Projects/so-arm/install/so_arm_utils' for CMake module files
[1.160s] Level 1:colcon.colcon_core.environment:checking '/home/remii/Projects/so-arm/install/so_arm_utils' for CMake config files
[1.161s] Level 1:colcon.colcon_core.shell:create_environment_hook('so_arm_utils', 'cmake_prefix_path')
[1.161s] INFO:colcon.colcon_core.shell:Creating environment hook '/home/remii/Projects/so-arm/install/so_arm_utils/share/so_arm_utils/hook/cmake_prefix_path.ps1'
[1.161s] INFO:colcon.colcon_core.shell:Creating environment descriptor '/home/remii/Projects/so-arm/install/so_arm_utils/share/so_arm_utils/hook/cmake_prefix_path.dsv'
[1.161s] INFO:colcon.colcon_core.shell:Creating environment hook '/home/remii/Projects/so-arm/install/so_arm_utils/share/so_arm_utils/hook/cmake_prefix_path.sh'
[1.162s] Level 1:colcon.colcon_core.environment:checking '/home/remii/Projects/so-arm/install/so_arm_utils/lib'
[1.162s] Level 1:colcon.colcon_core.environment:checking '/home/remii/Projects/so-arm/install/so_arm_utils/bin'
[1.162s] Level 1:colcon.colcon_core.environment:checking '/home/remii/Projects/so-arm/install/so_arm_utils/lib/pkgconfig/so_arm_utils.pc'
[1.162s] Level 1:colcon.colcon_core.environment:checking '/home/remii/Projects/so-arm/install/so_arm_utils/lib/python3.12/site-packages'
[1.162s] Level 1:colcon.colcon_core.shell:create_environment_hook('so_arm_utils', 'pythonpath')
[1.162s] INFO:colcon.colcon_core.shell:Creating environment hook '/home/remii/Projects/so-arm/install/so_arm_utils/share/so_arm_utils/hook/pythonpath.ps1'
[1.162s] INFO:colcon.colcon_core.shell:Creating environment descriptor '/home/remii/Projects/so-arm/install/so_arm_utils/share/so_arm_utils/hook/pythonpath.dsv'
[1.163s] INFO:colcon.colcon_core.shell:Creating environment hook '/home/remii/Projects/so-arm/install/so_arm_utils/share/so_arm_utils/hook/pythonpath.sh'
[1.163s] Level 1:colcon.colcon_core.environment:checking '/home/remii/Projects/so-arm/install/so_arm_utils/bin'
[1.163s] INFO:colcon.colcon_core.shell:Creating package script '/home/remii/Projects/so-arm/install/so_arm_utils/share/so_arm_utils/package.ps1'
[1.164s] INFO:colcon.colcon_core.shell:Creating package descriptor '/home/remii/Projects/so-arm/install/so_arm_utils/share/so_arm_utils/package.dsv'
[1.164s] INFO:colcon.colcon_core.shell:Creating package script '/home/remii/Projects/so-arm/install/so_arm_utils/share/so_arm_utils/package.sh'
[1.165s] INFO:colcon.colcon_core.shell:Creating package script '/home/remii/Projects/so-arm/install/so_arm_utils/share/so_arm_utils/package.bash'
[1.165s] INFO:colcon.colcon_core.shell:Creating package script '/home/remii/Projects/so-arm/install/so_arm_utils/share/so_arm_utils/package.zsh'
[1.165s] Level 1:colcon.colcon_core.environment:create_file_with_runtime_dependencies(/home/remii/Projects/so-arm/install/so_arm_utils/share/colcon-core/packages/so_arm_utils)
[1.165s] INFO:colcon.colcon_ros.task.ament_cmake.build:Building ROS package in '/home/remii/Projects/so-arm/src/ros2_so_arm100/so_arm100_description' with build type 'ament_cmake'
[1.165s] INFO:colcon.colcon_cmake.task.cmake.build:Building CMake package in '/home/remii/Projects/so-arm/src/ros2_so_arm100/so_arm100_description'
[1.166s] INFO:colcon.colcon_core.shell:Skip shell extension 'powershell' for command environment: Not usable outside of PowerShell
[1.166s] DEBUG:colcon.colcon_core.shell:Skip shell extension 'dsv' for command environment
[1.168s] INFO:colcon.colcon_ros.task.ament_cmake.build:Building ROS package in '/home/remii/Projects/so-arm/src/ros2_so_arm100/so_arm101_description' with build type 'ament_cmake'
[1.168s] INFO:colcon.colcon_cmake.task.cmake.build:Building CMake package in '/home/remii/Projects/so-arm/src/ros2_so_arm100/so_arm101_description'
[1.168s] INFO:colcon.colcon_core.shell:Skip shell extension 'powershell' for command environment: Not usable outside of PowerShell
[1.168s] DEBUG:colcon.colcon_core.shell:Skip shell extension 'dsv' for command environment
[1.175s] DEBUG:colcon.colcon_core.event_handler.log_command:Invoking command in '/home/remii/Projects/so-arm/build/so_arm100_description': AMENT_PREFIX_PATH=/home/remii/Projects/so-arm/install/so_arm_utils:/home/remii/Projects/so-arm/install/feetech_ros2_driver:${AMENT_PREFIX_PATH} CMAKE_PREFIX_PATH=/home/remii/Projects/so-arm/install/so_arm_utils:/home/remii/Projects/so-arm/install/feetech_ros2_driver:/opt/ros/jazzy/opt/gz_sim_vendor:/opt/ros/jazzy/opt/gz_sensors_vendor:/opt/ros/jazzy/opt/gz_physics_vendor:/opt/ros/jazzy/opt/sdformat_vendor:/opt/ros/jazzy/opt/gz_gui_vendor:/opt/ros/jazzy/opt/gz_transport_vendor:/opt/ros/jazzy/opt/gz_rendering_vendor:/opt/ros/jazzy/opt/gz_plugin_vendor:/opt/ros/jazzy/opt/gz_fuel_tools_vendor:/opt/ros/jazzy/opt/gz_msgs_vendor:/opt/ros/jazzy/opt/gz_common_vendor:/opt/ros/jazzy/opt/gz_math_vendor:/opt/ros/jazzy/opt/gz_utils_vendor:/opt/ros/jazzy/opt/gz_tools_vendor:/opt/ros/jazzy/opt/gz_ogre_next_vendor:/opt/ros/jazzy/opt/gz_dartsim_vendor:/opt/ros/jazzy/opt/gz_cmake_vendor:/opt/ros/jazzy DEBUGINFOD_URLS=https://debuginfod.ubuntu.com LD_LIBRARY_PATH=/home/remii/Projects/so-arm/install/feetech_ros2_driver/lib:${LD_LIBRARY_PATH} PATH=/home/remii/Projects/so-arm/install/feetech_ros2_driver/bin:${PATH} PYTHONPATH=/home/remii/Projects/so-arm/install/so_arm_utils/lib/python3.12/site-packages:${PYTHONPATH} /usr/bin/cmake --build /home/remii/Projects/so-arm/build/so_arm100_description -- -j8 -l8
[1.177s] DEBUG:colcon.colcon_core.event_handler.log_command:Invoking command in '/home/remii/Projects/so-arm/build/so_arm101_description': AMENT_PREFIX_PATH=/home/remii/Projects/so-arm/install/so_arm_utils:/home/remii/Projects/so-arm/install/feetech_ros2_driver:${AMENT_PREFIX_PATH} CMAKE_PREFIX_PATH=/home/remii/Projects/so-arm/install/so_arm_utils:/home/remii/Projects/so-arm/install/feetech_ros2_driver:/opt/ros/jazzy/opt/gz_sim_vendor:/opt/ros/jazzy/opt/gz_sensors_vendor:/opt/ros/jazzy/opt/gz_physics_vendor:/opt/ros/jazzy/opt/sdformat_vendor:/opt/ros/jazzy/opt/gz_gui_vendor:/opt/ros/jazzy/opt/gz_transport_vendor:/opt/ros/jazzy/opt/gz_rendering_vendor:/opt/ros/jazzy/opt/gz_plugin_vendor:/opt/ros/jazzy/opt/gz_fuel_tools_vendor:/opt/ros/jazzy/opt/gz_msgs_vendor:/opt/ros/jazzy/opt/gz_common_vendor:/opt/ros/jazzy/opt/gz_math_vendor:/opt/ros/jazzy/opt/gz_utils_vendor:/opt/ros/jazzy/opt/gz_tools_vendor:/opt/ros/jazzy/opt/gz_ogre_next_vendor:/opt/ros/jazzy/opt/gz_dartsim_vendor:/opt/ros/jazzy/opt/gz_cmake_vendor:/opt/ros/jazzy DEBUGINFOD_URLS=https://debuginfod.ubuntu.com LD_LIBRARY_PATH=/home/remii/Projects/so-arm/install/feetech_ros2_driver/lib:${LD_LIBRARY_PATH} PATH=/home/remii/Projects/so-arm/install/feetech_ros2_driver/bin:${PATH} PYTHONPATH=/home/remii/Projects/so-arm/install/so_arm_utils/lib/python3.12/site-packages:${PYTHONPATH} /usr/bin/cmake --build /home/remii/Projects/so-arm/build/so_arm101_description -- -j8 -l8
[1.463s] DEBUG:colcon.colcon_core.event_handler.log_command:Invoked command in '/home/remii/Projects/so-arm/build/so_arm101_description' returned '0': AMENT_PREFIX_PATH=/home/remii/Projects/so-arm/install/so_arm_utils:/home/remii/Projects/so-arm/install/feetech_ros2_driver:${AMENT_PREFIX_PATH} CMAKE_PREFIX_PATH=/home/remii/Projects/so-arm/install/so_arm_utils:/home/remii/Projects/so-arm/install/feetech_ros2_driver:/opt/ros/jazzy/opt/gz_sim_vendor:/opt/ros/jazzy/opt/gz_sensors_vendor:/opt/ros/jazzy/opt/gz_physics_vendor:/opt/ros/jazzy/opt/sdformat_vendor:/opt/ros/jazzy/opt/gz_gui_vendor:/opt/ros/jazzy/opt/gz_transport_vendor:/opt/ros/jazzy/opt/gz_rendering_vendor:/opt/ros/jazzy/opt/gz_plugin_vendor:/opt/ros/jazzy/opt/gz_fuel_tools_vendor:/opt/ros/jazzy/opt/gz_msgs_vendor:/opt/ros/jazzy/opt/gz_common_vendor:/opt/ros/jazzy/opt/gz_math_vendor:/opt/ros/jazzy/opt/gz_utils_vendor:/opt/ros/jazzy/opt/gz_tools_vendor:/opt/ros/jazzy/opt/gz_ogre_next_vendor:/opt/ros/jazzy/opt/gz_dartsim_vendor:/opt/ros/jazzy/opt/gz_cmake_vendor:/opt/ros/jazzy DEBUGINFOD_URLS=https://debuginfod.ubuntu.com LD_LIBRARY_PATH=/home/remii/Projects/so-arm/install/feetech_ros2_driver/lib:${LD_LIBRARY_PATH} PATH=/home/remii/Projects/so-arm/install/feetech_ros2_driver/bin:${PATH} PYTHONPATH=/home/remii/Projects/so-arm/install/so_arm_utils/lib/python3.12/site-packages:${PYTHONPATH} /usr/bin/cmake --build /home/remii/Projects/so-arm/build/so_arm101_description -- -j8 -l8
[1.464s] DEBUG:colcon.colcon_core.event_handler.log_command:Invoking command in '/home/remii/Projects/so-arm/build/so_arm101_description': AMENT_PREFIX_PATH=/home/remii/Projects/so-arm/install/so_arm_utils:/home/remii/Projects/so-arm/install/feetech_ros2_driver:${AMENT_PREFIX_PATH} CMAKE_PREFIX_PATH=/home/remii/Projects/so-arm/install/so_arm_utils:/home/remii/Projects/so-arm/install/feetech_ros2_driver:/opt/ros/jazzy/opt/gz_sim_vendor:/opt/ros/jazzy/opt/gz_sensors_vendor:/opt/ros/jazzy/opt/gz_physics_vendor:/opt/ros/jazzy/opt/sdformat_vendor:/opt/ros/jazzy/opt/gz_gui_vendor:/opt/ros/jazzy/opt/gz_transport_vendor:/opt/ros/jazzy/opt/gz_rendering_vendor:/opt/ros/jazzy/opt/gz_plugin_vendor:/opt/ros/jazzy/opt/gz_fuel_tools_vendor:/opt/ros/jazzy/opt/gz_msgs_vendor:/opt/ros/jazzy/opt/gz_common_vendor:/opt/ros/jazzy/opt/gz_math_vendor:/opt/ros/jazzy/opt/gz_utils_vendor:/opt/ros/jazzy/opt/gz_tools_vendor:/opt/ros/jazzy/opt/gz_ogre_next_vendor:/opt/ros/jazzy/opt/gz_dartsim_vendor:/opt/ros/jazzy/opt/gz_cmake_vendor:/opt/ros/jazzy DEBUGINFOD_URLS=https://debuginfod.ubuntu.com LD_LIBRARY_PATH=/home/remii/Projects/so-arm/install/feetech_ros2_driver/lib:${LD_LIBRARY_PATH} PATH=/home/remii/Projects/so-arm/install/feetech_ros2_driver/bin:${PATH} PYTHONPATH=/home/remii/Projects/so-arm/install/so_arm_utils/lib/python3.12/site-packages:${PYTHONPATH} /usr/bin/cmake --install /home/remii/Projects/so-arm/build/so_arm101_description
[1.465s] DEBUG:colcon.colcon_core.event_handler.log_command:Invoked command in '/home/remii/Projects/so-arm/build/so_arm100_description' returned '0': AMENT_PREFIX_PATH=/home/remii/Projects/so-arm/install/so_arm_utils:/home/remii/Projects/so-arm/install/feetech_ros2_driver:${AMENT_PREFIX_PATH} CMAKE_PREFIX_PATH=/home/remii/Projects/so-arm/install/so_arm_utils:/home/remii/Projects/so-arm/install/feetech_ros2_driver:/opt/ros/jazzy/opt/gz_sim_vendor:/opt/ros/jazzy/opt/gz_sensors_vendor:/opt/ros/jazzy/opt/gz_physics_vendor:/opt/ros/jazzy/opt/sdformat_vendor:/opt/ros/jazzy/opt/gz_gui_vendor:/opt/ros/jazzy/opt/gz_transport_vendor:/opt/ros/jazzy/opt/gz_rendering_vendor:/opt/ros/jazzy/opt/gz_plugin_vendor:/opt/ros/jazzy/opt/gz_fuel_tools_vendor:/opt/ros/jazzy/opt/gz_msgs_vendor:/opt/ros/jazzy/opt/gz_common_vendor:/opt/ros/jazzy/opt/gz_math_vendor:/opt/ros/jazzy/opt/gz_utils_vendor:/opt/ros/jazzy/opt/gz_tools_vendor:/opt/ros/jazzy/opt/gz_ogre_next_vendor:/opt/ros/jazzy/opt/gz_dartsim_vendor:/opt/ros/jazzy/opt/gz_cmake_vendor:/opt/ros/jazzy DEBUGINFOD_URLS=https://debuginfod.ubuntu.com LD_LIBRARY_PATH=/home/remii/Projects/so-arm/install/feetech_ros2_driver/lib:${LD_LIBRARY_PATH} PATH=/home/remii/Projects/so-arm/install/feetech_ros2_driver/bin:${PATH} PYTHONPATH=/home/remii/Projects/so-arm/install/so_arm_utils/lib/python3.12/site-packages:${PYTHONPATH} /usr/bin/cmake --build /home/remii/Projects/so-arm/build/so_arm100_description -- -j8 -l8
[1.465s] DEBUG:colcon.colcon_core.event_handler.log_command:Invoking command in '/home/remii/Projects/so-arm/build/so_arm100_description': AMENT_PREFIX_PATH=/home/remii/Projects/so-arm/install/so_arm_utils:/home/remii/Projects/so-arm/install/feetech_ros2_driver:${AMENT_PREFIX_PATH} CMAKE_PREFIX_PATH=/home/remii/Projects/so-arm/install/so_arm_utils:/home/remii/Projects/so-arm/install/feetech_ros2_driver:/opt/ros/jazzy/opt/gz_sim_vendor:/opt/ros/jazzy/opt/gz_sensors_vendor:/opt/ros/jazzy/opt/gz_physics_vendor:/opt/ros/jazzy/opt/sdformat_vendor:/opt/ros/jazzy/opt/gz_gui_vendor:/opt/ros/jazzy/opt/gz_transport_vendor:/opt/ros/jazzy/opt/gz_rendering_vendor:/opt/ros/jazzy/opt/gz_plugin_vendor:/opt/ros/jazzy/opt/gz_fuel_tools_vendor:/opt/ros/jazzy/opt/gz_msgs_vendor:/opt/ros/jazzy/opt/gz_common_vendor:/opt/ros/jazzy/opt/gz_math_vendor:/opt/ros/jazzy/opt/gz_utils_vendor:/opt/ros/jazzy/opt/gz_tools_vendor:/opt/ros/jazzy/opt/gz_ogre_next_vendor:/opt/ros/jazzy/opt/gz_dartsim_vendor:/opt/ros/jazzy/opt/gz_cmake_vendor:/opt/ros/jazzy DEBUGINFOD_URLS=https://debuginfod.ubuntu.com LD_LIBRARY_PATH=/home/remii/Projects/so-arm/install/feetech_ros2_driver/lib:${LD_LIBRARY_PATH} PATH=/home/remii/Projects/so-arm/install/feetech_ros2_driver/bin:${PATH} PYTHONPATH=/home/remii/Projects/so-arm/install/so_arm_utils/lib/python3.12/site-packages:${PYTHONPATH} /usr/bin/cmake --install /home/remii/Projects/so-arm/build/so_arm100_description
[1.489s] Level 1:colcon.colcon_core.environment:create_environment_scripts_only(so_arm100_description)
[1.490s] Level 1:colcon.colcon_core.environment:checking '/home/remii/Projects/so-arm/install/so_arm100_description' for CMake module files
[1.490s] DEBUG:colcon.colcon_core.event_handler.log_command:Invoked command in '/home/remii/Projects/so-arm/build/so_arm100_description' returned '0': AMENT_PREFIX_PATH=/home/remii/Projects/so-arm/install/so_arm_utils:/home/remii/Projects/so-arm/install/feetech_ros2_driver:${AMENT_PREFIX_PATH} CMAKE_PREFIX_PATH=/home/remii/Projects/so-arm/install/so_arm_utils:/home/remii/Projects/so-arm/install/feetech_ros2_driver:/opt/ros/jazzy/opt/gz_sim_vendor:/opt/ros/jazzy/opt/gz_sensors_vendor:/opt/ros/jazzy/opt/gz_physics_vendor:/opt/ros/jazzy/opt/sdformat_vendor:/opt/ros/jazzy/opt/gz_gui_vendor:/opt/ros/jazzy/opt/gz_transport_vendor:/opt/ros/jazzy/opt/gz_rendering_vendor:/opt/ros/jazzy/opt/gz_plugin_vendor:/opt/ros/jazzy/opt/gz_fuel_tools_vendor:/opt/ros/jazzy/opt/gz_msgs_vendor:/opt/ros/jazzy/opt/gz_common_vendor:/opt/ros/jazzy/opt/gz_math_vendor:/opt/ros/jazzy/opt/gz_utils_vendor:/opt/ros/jazzy/opt/gz_tools_vendor:/opt/ros/jazzy/opt/gz_ogre_next_vendor:/opt/ros/jazzy/opt/gz_dartsim_vendor:/opt/ros/jazzy/opt/gz_cmake_vendor:/opt/ros/jazzy DEBUGINFOD_URLS=https://debuginfod.ubuntu.com LD_LIBRARY_PATH=/home/remii/Projects/so-arm/install/feetech_ros2_driver/lib:${LD_LIBRARY_PATH} PATH=/home/remii/Projects/so-arm/install/feetech_ros2_driver/bin:${PATH} PYTHONPATH=/home/remii/Projects/so-arm/install/so_arm_utils/lib/python3.12/site-packages:${PYTHONPATH} /usr/bin/cmake --install /home/remii/Projects/so-arm/build/so_arm100_description
[1.490s] Level 1:colcon.colcon_core.environment:checking '/home/remii/Projects/so-arm/install/so_arm100_description' for CMake config files
[1.491s] Level 1:colcon.colcon_core.shell:create_environment_hook('so_arm100_description', 'cmake_prefix_path')
[1.491s] INFO:colcon.colcon_core.shell:Creating environment hook '/home/remii/Projects/so-arm/install/so_arm100_description/share/so_arm100_description/hook/cmake_prefix_path.ps1'
[1.491s] INFO:colcon.colcon_core.shell:Creating environment descriptor '/home/remii/Projects/so-arm/install/so_arm100_description/share/so_arm100_description/hook/cmake_prefix_path.dsv'
[1.492s] INFO:colcon.colcon_core.shell:Creating environment hook '/home/remii/Projects/so-arm/install/so_arm100_description/share/so_arm100_description/hook/cmake_prefix_path.sh'
[1.492s] Level 1:colcon.colcon_core.environment:checking '/home/remii/Projects/so-arm/install/so_arm100_description/bin'
[1.492s] Level 1:colcon.colcon_core.environment:checking '/home/remii/Projects/so-arm/install/so_arm100_description/lib/pkgconfig/so_arm100_description.pc'
[1.492s] Level 1:colcon.colcon_core.environment:checking '/home/remii/Projects/so-arm/install/so_arm100_description/lib/python3.12/site-packages'
[1.493s] Level 1:colcon.colcon_core.environment:checking '/home/remii/Projects/so-arm/install/so_arm100_description/bin'
[1.493s] INFO:colcon.colcon_core.shell:Creating package script '/home/remii/Projects/so-arm/install/so_arm100_description/share/so_arm100_description/package.ps1'
[1.493s] INFO:colcon.colcon_core.shell:Creating package descriptor '/home/remii/Projects/so-arm/install/so_arm100_description/share/so_arm100_description/package.dsv'
[1.494s] INFO:colcon.colcon_core.shell:Creating package script '/home/remii/Projects/so-arm/install/so_arm100_description/share/so_arm100_description/package.sh'
[1.494s] INFO:colcon.colcon_core.shell:Creating package script '/home/remii/Projects/so-arm/install/so_arm100_description/share/so_arm100_description/package.bash'
[1.494s] INFO:colcon.colcon_core.shell:Creating package script '/home/remii/Projects/so-arm/install/so_arm100_description/share/so_arm100_description/package.zsh'
[1.494s] Level 1:colcon.colcon_core.environment:create_file_with_runtime_dependencies(/home/remii/Projects/so-arm/install/so_arm100_description/share/colcon-core/packages/so_arm100_description)
[1.495s] Level 1:colcon.colcon_core.environment:create_environment_scripts_only(so_arm100_description)
[1.495s] Level 1:colcon.colcon_core.environment:checking '/home/remii/Projects/so-arm/install/so_arm100_description' for CMake module files
[1.495s] Level 1:colcon.colcon_core.environment:checking '/home/remii/Projects/so-arm/install/so_arm100_description' for CMake config files
[1.495s] Level 1:colcon.colcon_core.shell:create_environment_hook('so_arm100_description', 'cmake_prefix_path')
[1.495s] INFO:colcon.colcon_core.shell:Creating environment hook '/home/remii/Projects/so-arm/install/so_arm100_description/share/so_arm100_description/hook/cmake_prefix_path.ps1'
[1.496s] INFO:colcon.colcon_core.shell:Creating environment descriptor '/home/remii/Projects/so-arm/install/so_arm100_description/share/so_arm100_description/hook/cmake_prefix_path.dsv'
[1.496s] INFO:colcon.colcon_core.shell:Creating environment hook '/home/remii/Projects/so-arm/install/so_arm100_description/share/so_arm100_description/hook/cmake_prefix_path.sh'
[1.496s] Level 1:colcon.colcon_core.environment:checking '/home/remii/Projects/so-arm/install/so_arm100_description/bin'
[1.496s] Level 1:colcon.colcon_core.environment:checking '/home/remii/Projects/so-arm/install/so_arm100_description/lib/pkgconfig/so_arm100_description.pc'
[1.497s] Level 1:colcon.colcon_core.environment:checking '/home/remii/Projects/so-arm/install/so_arm100_description/lib/python3.12/site-packages'
[1.497s] Level 1:colcon.colcon_core.environment:checking '/home/remii/Projects/so-arm/install/so_arm100_description/bin'
[1.497s] INFO:colcon.colcon_core.shell:Creating package script '/home/remii/Projects/so-arm/install/so_arm100_description/share/so_arm100_description/package.ps1'
[1.497s] INFO:colcon.colcon_core.shell:Creating package descriptor '/home/remii/Projects/so-arm/install/so_arm100_description/share/so_arm100_description/package.dsv'
[1.498s] INFO:colcon.colcon_core.shell:Creating package script '/home/remii/Projects/so-arm/install/so_arm100_description/share/so_arm100_description/package.sh'
[1.498s] INFO:colcon.colcon_core.shell:Creating package script '/home/remii/Projects/so-arm/install/so_arm100_description/share/so_arm100_description/package.bash'
[1.498s] INFO:colcon.colcon_core.shell:Creating package script '/home/remii/Projects/so-arm/install/so_arm100_description/share/so_arm100_description/package.zsh'
[1.499s] Level 1:colcon.colcon_core.environment:create_file_with_runtime_dependencies(/home/remii/Projects/so-arm/install/so_arm100_description/share/colcon-core/packages/so_arm100_description)
[1.499s] Level 1:colcon.colcon_core.environment:create_environment_scripts_only(so_arm101_description)
[1.499s] Level 1:colcon.colcon_core.environment:checking '/home/remii/Projects/so-arm/install/so_arm101_description' for CMake module files
[1.500s] DEBUG:colcon.colcon_core.event_handler.log_command:Invoked command in '/home/remii/Projects/so-arm/build/so_arm101_description' returned '0': AMENT_PREFIX_PATH=/home/remii/Projects/so-arm/install/so_arm_utils:/home/remii/Projects/so-arm/install/feetech_ros2_driver:${AMENT_PREFIX_PATH} CMAKE_PREFIX_PATH=/home/remii/Projects/so-arm/install/so_arm_utils:/home/remii/Projects/so-arm/install/feetech_ros2_driver:/opt/ros/jazzy/opt/gz_sim_vendor:/opt/ros/jazzy/opt/gz_sensors_vendor:/opt/ros/jazzy/opt/gz_physics_vendor:/opt/ros/jazzy/opt/sdformat_vendor:/opt/ros/jazzy/opt/gz_gui_vendor:/opt/ros/jazzy/opt/gz_transport_vendor:/opt/ros/jazzy/opt/gz_rendering_vendor:/opt/ros/jazzy/opt/gz_plugin_vendor:/opt/ros/jazzy/opt/gz_fuel_tools_vendor:/opt/ros/jazzy/opt/gz_msgs_vendor:/opt/ros/jazzy/opt/gz_common_vendor:/opt/ros/jazzy/opt/gz_math_vendor:/opt/ros/jazzy/opt/gz_utils_vendor:/opt/ros/jazzy/opt/gz_tools_vendor:/opt/ros/jazzy/opt/gz_ogre_next_vendor:/opt/ros/jazzy/opt/gz_dartsim_vendor:/opt/ros/jazzy/opt/gz_cmake_vendor:/opt/ros/jazzy DEBUGINFOD_URLS=https://debuginfod.ubuntu.com LD_LIBRARY_PATH=/home/remii/Projects/so-arm/install/feetech_ros2_driver/lib:${LD_LIBRARY_PATH} PATH=/home/remii/Projects/so-arm/install/feetech_ros2_driver/bin:${PATH} PYTHONPATH=/home/remii/Projects/so-arm/install/so_arm_utils/lib/python3.12/site-packages:${PYTHONPATH} /usr/bin/cmake --install /home/remii/Projects/so-arm/build/so_arm101_description
[1.500s] Level 1:colcon.colcon_core.environment:checking '/home/remii/Projects/so-arm/install/so_arm101_description' for CMake config files
[1.500s] Level 1:colcon.colcon_core.shell:create_environment_hook('so_arm101_description', 'cmake_prefix_path')
[1.500s] INFO:colcon.colcon_core.shell:Creating environment hook '/home/remii/Projects/so-arm/install/so_arm101_description/share/so_arm101_description/hook/cmake_prefix_path.ps1'
[1.501s] INFO:colcon.colcon_core.shell:Creating environment descriptor '/home/remii/Projects/so-arm/install/so_arm101_description/share/so_arm101_description/hook/cmake_prefix_path.dsv'
[1.501s] INFO:colcon.colcon_core.shell:Creating environment hook '/home/remii/Projects/so-arm/install/so_arm101_description/share/so_arm101_description/hook/cmake_prefix_path.sh'
[1.501s] Level 1:colcon.colcon_core.environment:checking '/home/remii/Projects/so-arm/install/so_arm101_description/bin'
[1.501s] Level 1:colcon.colcon_core.environment:checking '/home/remii/Projects/so-arm/install/so_arm101_description/lib/pkgconfig/so_arm101_description.pc'
[1.502s] Level 1:colcon.colcon_core.environment:checking '/home/remii/Projects/so-arm/install/so_arm101_description/lib/python3.12/site-packages'
[1.502s] Level 1:colcon.colcon_core.environment:checking '/home/remii/Projects/so-arm/install/so_arm101_description/bin'
[1.502s] INFO:colcon.colcon_core.shell:Creating package script '/home/remii/Projects/so-arm/install/so_arm101_description/share/so_arm101_description/package.ps1'
[1.502s] INFO:colcon.colcon_core.shell:Creating package descriptor '/home/remii/Projects/so-arm/install/so_arm101_description/share/so_arm101_description/package.dsv'
[1.503s] INFO:colcon.colcon_core.shell:Creating package script '/home/remii/Projects/so-arm/install/so_arm101_description/share/so_arm101_description/package.sh'
[1.503s] INFO:colcon.colcon_core.shell:Creating package script '/home/remii/Projects/so-arm/install/so_arm101_description/share/so_arm101_description/package.bash'
[1.503s] INFO:colcon.colcon_core.shell:Creating package script '/home/remii/Projects/so-arm/install/so_arm101_description/share/so_arm101_description/package.zsh'
[1.503s] Level 1:colcon.colcon_core.environment:create_file_with_runtime_dependencies(/home/remii/Projects/so-arm/install/so_arm101_description/share/colcon-core/packages/so_arm101_description)
[1.504s] Level 1:colcon.colcon_core.environment:create_environment_scripts_only(so_arm101_description)
[1.504s] Level 1:colcon.colcon_core.environment:checking '/home/remii/Projects/so-arm/install/so_arm101_description' for CMake module files
[1.504s] Level 1:colcon.colcon_core.environment:checking '/home/remii/Projects/so-arm/install/so_arm101_description' for CMake config files
[1.504s] Level 1:colcon.colcon_core.shell:create_environment_hook('so_arm101_description', 'cmake_prefix_path')
[1.504s] INFO:colcon.colcon_core.shell:Creating environment hook '/home/remii/Projects/so-arm/install/so_arm101_description/share/so_arm101_description/hook/cmake_prefix_path.ps1'
[1.505s] INFO:colcon.colcon_core.shell:Creating environment descriptor '/home/remii/Projects/so-arm/install/so_arm101_description/share/so_arm101_description/hook/cmake_prefix_path.dsv'
[1.505s] INFO:colcon.colcon_core.shell:Creating environment hook '/home/remii/Projects/so-arm/install/so_arm101_description/share/so_arm101_description/hook/cmake_prefix_path.sh'
[1.505s] Level 1:colcon.colcon_core.environment:checking '/home/remii/Projects/so-arm/install/so_arm101_description/bin'
[1.505s] Level 1:colcon.colcon_core.environment:checking '/home/remii/Projects/so-arm/install/so_arm101_description/lib/pkgconfig/so_arm101_description.pc'
[1.506s] Level 1:colcon.colcon_core.environment:checking '/home/remii/Projects/so-arm/install/so_arm101_description/lib/python3.12/site-packages'
[1.506s] Level 1:colcon.colcon_core.environment:checking '/home/remii/Projects/so-arm/install/so_arm101_description/bin'
[1.506s] INFO:colcon.colcon_core.shell:Creating package script '/home/remii/Projects/so-arm/install/so_arm101_description/share/so_arm101_description/package.ps1'
[1.506s] INFO:colcon.colcon_core.shell:Creating package descriptor '/home/remii/Projects/so-arm/install/so_arm101_description/share/so_arm101_description/package.dsv'
[1.507s] INFO:colcon.colcon_core.shell:Creating package script '/home/remii/Projects/so-arm/install/so_arm101_description/share/so_arm101_description/package.sh'
[1.507s] INFO:colcon.colcon_core.shell:Creating package script '/home/remii/Projects/so-arm/install/so_arm101_description/share/so_arm101_description/package.bash'
[1.507s] INFO:colcon.colcon_core.shell:Creating package script '/home/remii/Projects/so-arm/install/so_arm101_description/share/so_arm101_description/package.zsh'
[1.508s] Level 1:colcon.colcon_core.environment:create_file_with_runtime_dependencies(/home/remii/Projects/so-arm/install/so_arm101_description/share/colcon-core/packages/so_arm101_description)
[1.508s] INFO:colcon.colcon_ros.task.ament_cmake.build:Building ROS package in '/home/remii/Projects/so-arm/src/ros2_so_arm100/so_arm100_moveit_config' with build type 'ament_cmake'
[1.508s] INFO:colcon.colcon_cmake.task.cmake.build:Building CMake package in '/home/remii/Projects/so-arm/src/ros2_so_arm100/so_arm100_moveit_config'
[1.508s] INFO:colcon.colcon_core.shell:Skip shell extension 'powershell' for command environment: Not usable outside of PowerShell
[1.508s] DEBUG:colcon.colcon_core.shell:Skip shell extension 'dsv' for command environment
[1.511s] INFO:colcon.colcon_ros.task.ament_cmake.build:Building ROS package in '/home/remii/Projects/so-arm/src/ros2_so_arm100/so_arm101_moveit_config' with build type 'ament_cmake'
[1.511s] INFO:colcon.colcon_cmake.task.cmake.build:Building CMake package in '/home/remii/Projects/so-arm/src/ros2_so_arm100/so_arm101_moveit_config'
[1.511s] INFO:colcon.colcon_core.shell:Skip shell extension 'powershell' for command environment: Not usable outside of PowerShell
[1.511s] DEBUG:colcon.colcon_core.shell:Skip shell extension 'dsv' for command environment
[1.513s] INFO:colcon.colcon_ros.task.ament_cmake.build:Building ROS package in '/home/remii/Projects/so-arm/src/ros2_so_arm100/so_arm_gz' with build type 'ament_cmake'
[1.513s] INFO:colcon.colcon_cmake.task.cmake.build:Building CMake package in '/home/remii/Projects/so-arm/src/ros2_so_arm100/so_arm_gz'
[1.513s] INFO:colcon.colcon_core.shell:Skip shell extension 'powershell' for command environment: Not usable outside of PowerShell
[1.513s] DEBUG:colcon.colcon_core.shell:Skip shell extension 'dsv' for command environment
[1.519s] DEBUG:colcon.colcon_core.event_handler.log_command:Invoking command in '/home/remii/Projects/so-arm/build/so_arm100_moveit_config': AMENT_PREFIX_PATH=/home/remii/Projects/so-arm/install/so_arm100_description:/home/remii/Projects/so-arm/install/so_arm_utils:/home/remii/Projects/so-arm/install/feetech_ros2_driver:${AMENT_PREFIX_PATH} CMAKE_PREFIX_PATH=/home/remii/Projects/so-arm/install/so_arm100_description:/home/remii/Projects/so-arm/install/so_arm_utils:/home/remii/Projects/so-arm/install/feetech_ros2_driver:/opt/ros/jazzy/opt/gz_sim_vendor:/opt/ros/jazzy/opt/gz_sensors_vendor:/opt/ros/jazzy/opt/gz_physics_vendor:/opt/ros/jazzy/opt/sdformat_vendor:/opt/ros/jazzy/opt/gz_gui_vendor:/opt/ros/jazzy/opt/gz_transport_vendor:/opt/ros/jazzy/opt/gz_rendering_vendor:/opt/ros/jazzy/opt/gz_plugin_vendor:/opt/ros/jazzy/opt/gz_fuel_tools_vendor:/opt/ros/jazzy/opt/gz_msgs_vendor:/opt/ros/jazzy/opt/gz_common_vendor:/opt/ros/jazzy/opt/gz_math_vendor:/opt/ros/jazzy/opt/gz_utils_vendor:/opt/ros/jazzy/opt/gz_tools_vendor:/opt/ros/jazzy/opt/gz_ogre_next_vendor:/opt/ros/jazzy/opt/gz_dartsim_vendor:/opt/ros/jazzy/opt/gz_cmake_vendor:/opt/ros/jazzy DEBUGINFOD_URLS=https://debuginfod.ubuntu.com LD_LIBRARY_PATH=/home/remii/Projects/so-arm/install/feetech_ros2_driver/lib:${LD_LIBRARY_PATH} PATH=/home/remii/Projects/so-arm/install/feetech_ros2_driver/bin:${PATH} PYTHONPATH=/home/remii/Projects/so-arm/install/so_arm_utils/lib/python3.12/site-packages:${PYTHONPATH} /usr/bin/cmake --build /home/remii/Projects/so-arm/build/so_arm100_moveit_config -- -j8 -l8
[1.520s] DEBUG:colcon.colcon_core.event_handler.log_command:Invoking command in '/home/remii/Projects/so-arm/build/so_arm101_moveit_config': AMENT_PREFIX_PATH=/home/remii/Projects/so-arm/install/so_arm101_description:/home/remii/Projects/so-arm/install/so_arm_utils:/home/remii/Projects/so-arm/install/feetech_ros2_driver:${AMENT_PREFIX_PATH} CMAKE_PREFIX_PATH=/home/remii/Projects/so-arm/install/so_arm101_description:/home/remii/Projects/so-arm/install/so_arm_utils:/home/remii/Projects/so-arm/install/feetech_ros2_driver:/opt/ros/jazzy/opt/gz_sim_vendor:/opt/ros/jazzy/opt/gz_sensors_vendor:/opt/ros/jazzy/opt/gz_physics_vendor:/opt/ros/jazzy/opt/sdformat_vendor:/opt/ros/jazzy/opt/gz_gui_vendor:/opt/ros/jazzy/opt/gz_transport_vendor:/opt/ros/jazzy/opt/gz_rendering_vendor:/opt/ros/jazzy/opt/gz_plugin_vendor:/opt/ros/jazzy/opt/gz_fuel_tools_vendor:/opt/ros/jazzy/opt/gz_msgs_vendor:/opt/ros/jazzy/opt/gz_common_vendor:/opt/ros/jazzy/opt/gz_math_vendor:/opt/ros/jazzy/opt/gz_utils_vendor:/opt/ros/jazzy/opt/gz_tools_vendor:/opt/ros/jazzy/opt/gz_ogre_next_vendor:/opt/ros/jazzy/opt/gz_dartsim_vendor:/opt/ros/jazzy/opt/gz_cmake_vendor:/opt/ros/jazzy DEBUGINFOD_URLS=https://debuginfod.ubuntu.com LD_LIBRARY_PATH=/home/remii/Projects/so-arm/install/feetech_ros2_driver/lib:${LD_LIBRARY_PATH} PATH=/home/remii/Projects/so-arm/install/feetech_ros2_driver/bin:${PATH} PYTHONPATH=/home/remii/Projects/so-arm/install/so_arm_utils/lib/python3.12/site-packages:${PYTHONPATH} /usr/bin/cmake --build /home/remii/Projects/so-arm/build/so_arm101_moveit_config -- -j8 -l8
[1.522s] DEBUG:colcon.colcon_core.event_handler.log_command:Invoking command in '/home/remii/Projects/so-arm/build/so_arm_gz': AMENT_PREFIX_PATH=/home/remii/Projects/so-arm/install/so_arm101_description:/home/remii/Projects/so-arm/install/so_arm100_description:/home/remii/Projects/so-arm/install/so_arm_utils:/home/remii/Projects/so-arm/install/feetech_ros2_driver:${AMENT_PREFIX_PATH} CMAKE_PREFIX_PATH=/home/remii/Projects/so-arm/install/so_arm101_description:/home/remii/Projects/so-arm/install/so_arm100_description:/home/remii/Projects/so-arm/install/so_arm_utils:/home/remii/Projects/so-arm/install/feetech_ros2_driver:/opt/ros/jazzy/opt/gz_sim_vendor:/opt/ros/jazzy/opt/gz_sensors_vendor:/opt/ros/jazzy/opt/gz_physics_vendor:/opt/ros/jazzy/opt/sdformat_vendor:/opt/ros/jazzy/opt/gz_gui_vendor:/opt/ros/jazzy/opt/gz_transport_vendor:/opt/ros/jazzy/opt/gz_rendering_vendor:/opt/ros/jazzy/opt/gz_plugin_vendor:/opt/ros/jazzy/opt/gz_fuel_tools_vendor:/opt/ros/jazzy/opt/gz_msgs_vendor:/opt/ros/jazzy/opt/gz_common_vendor:/opt/ros/jazzy/opt/gz_math_vendor:/opt/ros/jazzy/opt/gz_utils_vendor:/opt/ros/jazzy/opt/gz_tools_vendor:/opt/ros/jazzy/opt/gz_ogre_next_vendor:/opt/ros/jazzy/opt/gz_dartsim_vendor:/opt/ros/jazzy/opt/gz_cmake_vendor:/opt/ros/jazzy DEBUGINFOD_URLS=https://debuginfod.ubuntu.com LD_LIBRARY_PATH=/home/remii/Projects/so-arm/install/feetech_ros2_driver/lib:${LD_LIBRARY_PATH} PATH=/home/remii/Projects/so-arm/install/feetech_ros2_driver/bin:${PATH} PYTHONPATH=/home/remii/Projects/so-arm/install/so_arm_utils/lib/python3.12/site-packages:${PYTHONPATH} /usr/bin/cmake --build /home/remii/Projects/so-arm/build/so_arm_gz -- -j8 -l8
[1.813s] DEBUG:colcon.colcon_core.event_handler.log_command:Invoked command in '/home/remii/Projects/so-arm/build/so_arm101_moveit_config' returned '0': AMENT_PREFIX_PATH=/home/remii/Projects/so-arm/install/so_arm101_description:/home/remii/Projects/so-arm/install/so_arm_utils:/home/remii/Projects/so-arm/install/feetech_ros2_driver:${AMENT_PREFIX_PATH} CMAKE_PREFIX_PATH=/home/remii/Projects/so-arm/install/so_arm101_description:/home/remii/Projects/so-arm/install/so_arm_utils:/home/remii/Projects/so-arm/install/feetech_ros2_driver:/opt/ros/jazzy/opt/gz_sim_vendor:/opt/ros/jazzy/opt/gz_sensors_vendor:/opt/ros/jazzy/opt/gz_physics_vendor:/opt/ros/jazzy/opt/sdformat_vendor:/opt/ros/jazzy/opt/gz_gui_vendor:/opt/ros/jazzy/opt/gz_transport_vendor:/opt/ros/jazzy/opt/gz_rendering_vendor:/opt/ros/jazzy/opt/gz_plugin_vendor:/opt/ros/jazzy/opt/gz_fuel_tools_vendor:/opt/ros/jazzy/opt/gz_msgs_vendor:/opt/ros/jazzy/opt/gz_common_vendor:/opt/ros/jazzy/opt/gz_math_vendor:/opt/ros/jazzy/opt/gz_utils_vendor:/opt/ros/jazzy/opt/gz_tools_vendor:/opt/ros/jazzy/opt/gz_ogre_next_vendor:/opt/ros/jazzy/opt/gz_dartsim_vendor:/opt/ros/jazzy/opt/gz_cmake_vendor:/opt/ros/jazzy DEBUGINFOD_URLS=https://debuginfod.ubuntu.com LD_LIBRARY_PATH=/home/remii/Projects/so-arm/install/feetech_ros2_driver/lib:${LD_LIBRARY_PATH} PATH=/home/remii/Projects/so-arm/install/feetech_ros2_driver/bin:${PATH} PYTHONPATH=/home/remii/Projects/so-arm/install/so_arm_utils/lib/python3.12/site-packages:${PYTHONPATH} /usr/bin/cmake --build /home/remii/Projects/so-arm/build/so_arm101_moveit_config -- -j8 -l8
[1.814s] DEBUG:colcon.colcon_core.event_handler.log_command:Invoking command in '/home/remii/Projects/so-arm/build/so_arm101_moveit_config': AMENT_PREFIX_PATH=/home/remii/Projects/so-arm/install/so_arm101_description:/home/remii/Projects/so-arm/install/so_arm_utils:/home/remii/Projects/so-arm/install/feetech_ros2_driver:${AMENT_PREFIX_PATH} CMAKE_PREFIX_PATH=/home/remii/Projects/so-arm/install/so_arm101_description:/home/remii/Projects/so-arm/install/so_arm_utils:/home/remii/Projects/so-arm/install/feetech_ros2_driver:/opt/ros/jazzy/opt/gz_sim_vendor:/opt/ros/jazzy/opt/gz_sensors_vendor:/opt/ros/jazzy/opt/gz_physics_vendor:/opt/ros/jazzy/opt/sdformat_vendor:/opt/ros/jazzy/opt/gz_gui_vendor:/opt/ros/jazzy/opt/gz_transport_vendor:/opt/ros/jazzy/opt/gz_rendering_vendor:/opt/ros/jazzy/opt/gz_plugin_vendor:/opt/ros/jazzy/opt/gz_fuel_tools_vendor:/opt/ros/jazzy/opt/gz_msgs_vendor:/opt/ros/jazzy/opt/gz_common_vendor:/opt/ros/jazzy/opt/gz_math_vendor:/opt/ros/jazzy/opt/gz_utils_vendor:/opt/ros/jazzy/opt/gz_tools_vendor:/opt/ros/jazzy/opt/gz_ogre_next_vendor:/opt/ros/jazzy/opt/gz_dartsim_vendor:/opt/ros/jazzy/opt/gz_cmake_vendor:/opt/ros/jazzy DEBUGINFOD_URLS=https://debuginfod.ubuntu.com LD_LIBRARY_PATH=/home/remii/Projects/so-arm/install/feetech_ros2_driver/lib:${LD_LIBRARY_PATH} PATH=/home/remii/Projects/so-arm/install/feetech_ros2_driver/bin:${PATH} PYTHONPATH=/home/remii/Projects/so-arm/install/so_arm_utils/lib/python3.12/site-packages:${PYTHONPATH} /usr/bin/cmake --install /home/remii/Projects/so-arm/build/so_arm101_moveit_config
[1.814s] DEBUG:colcon.colcon_core.event_handler.log_command:Invoked command in '/home/remii/Projects/so-arm/build/so_arm100_moveit_config' returned '0': AMENT_PREFIX_PATH=/home/remii/Projects/so-arm/install/so_arm100_description:/home/remii/Projects/so-arm/install/so_arm_utils:/home/remii/Projects/so-arm/install/feetech_ros2_driver:${AMENT_PREFIX_PATH} CMAKE_PREFIX_PATH=/home/remii/Projects/so-arm/install/so_arm100_description:/home/remii/Projects/so-arm/install/so_arm_utils:/home/remii/Projects/so-arm/install/feetech_ros2_driver:/opt/ros/jazzy/opt/gz_sim_vendor:/opt/ros/jazzy/opt/gz_sensors_vendor:/opt/ros/jazzy/opt/gz_physics_vendor:/opt/ros/jazzy/opt/sdformat_vendor:/opt/ros/jazzy/opt/gz_gui_vendor:/opt/ros/jazzy/opt/gz_transport_vendor:/opt/ros/jazzy/opt/gz_rendering_vendor:/opt/ros/jazzy/opt/gz_plugin_vendor:/opt/ros/jazzy/opt/gz_fuel_tools_vendor:/opt/ros/jazzy/opt/gz_msgs_vendor:/opt/ros/jazzy/opt/gz_common_vendor:/opt/ros/jazzy/opt/gz_math_vendor:/opt/ros/jazzy/opt/gz_utils_vendor:/opt/ros/jazzy/opt/gz_tools_vendor:/opt/ros/jazzy/opt/gz_ogre_next_vendor:/opt/ros/jazzy/opt/gz_dartsim_vendor:/opt/ros/jazzy/opt/gz_cmake_vendor:/opt/ros/jazzy DEBUGINFOD_URLS=https://debuginfod.ubuntu.com LD_LIBRARY_PATH=/home/remii/Projects/so-arm/install/feetech_ros2_driver/lib:${LD_LIBRARY_PATH} PATH=/home/remii/Projects/so-arm/install/feetech_ros2_driver/bin:${PATH} PYTHONPATH=/home/remii/Projects/so-arm/install/so_arm_utils/lib/python3.12/site-packages:${PYTHONPATH} /usr/bin/cmake --build /home/remii/Projects/so-arm/build/so_arm100_moveit_config -- -j8 -l8
[1.815s] DEBUG:colcon.colcon_core.event_handler.log_command:Invoking command in '/home/remii/Projects/so-arm/build/so_arm100_moveit_config': AMENT_PREFIX_PATH=/home/remii/Projects/so-arm/install/so_arm100_description:/home/remii/Projects/so-arm/install/so_arm_utils:/home/remii/Projects/so-arm/install/feetech_ros2_driver:${AMENT_PREFIX_PATH} CMAKE_PREFIX_PATH=/home/remii/Projects/so-arm/install/so_arm100_description:/home/remii/Projects/so-arm/install/so_arm_utils:/home/remii/Projects/so-arm/install/feetech_ros2_driver:/opt/ros/jazzy/opt/gz_sim_vendor:/opt/ros/jazzy/opt/gz_sensors_vendor:/opt/ros/jazzy/opt/gz_physics_vendor:/opt/ros/jazzy/opt/sdformat_vendor:/opt/ros/jazzy/opt/gz_gui_vendor:/opt/ros/jazzy/opt/gz_transport_vendor:/opt/ros/jazzy/opt/gz_rendering_vendor:/opt/ros/jazzy/opt/gz_plugin_vendor:/opt/ros/jazzy/opt/gz_fuel_tools_vendor:/opt/ros/jazzy/opt/gz_msgs_vendor:/opt/ros/jazzy/opt/gz_common_vendor:/opt/ros/jazzy/opt/gz_math_vendor:/opt/ros/jazzy/opt/gz_utils_vendor:/opt/ros/jazzy/opt/gz_tools_vendor:/opt/ros/jazzy/opt/gz_ogre_next_vendor:/opt/ros/jazzy/opt/gz_dartsim_vendor:/opt/ros/jazzy/opt/gz_cmake_vendor:/opt/ros/jazzy DEBUGINFOD_URLS=https://debuginfod.ubuntu.com LD_LIBRARY_PATH=/home/remii/Projects/so-arm/install/feetech_ros2_driver/lib:${LD_LIBRARY_PATH} PATH=/home/remii/Projects/so-arm/install/feetech_ros2_driver/bin:${PATH} PYTHONPATH=/home/remii/Projects/so-arm/install/so_arm_utils/lib/python3.12/site-packages:${PYTHONPATH} /usr/bin/cmake --install /home/remii/Projects/so-arm/build/so_arm100_moveit_config
[1.815s] DEBUG:colcon.colcon_core.event_handler.log_command:Invoked command in '/home/remii/Projects/so-arm/build/so_arm_gz' returned '0': AMENT_PREFIX_PATH=/home/remii/Projects/so-arm/install/so_arm101_description:/home/remii/Projects/so-arm/install/so_arm100_description:/home/remii/Projects/so-arm/install/so_arm_utils:/home/remii/Projects/so-arm/install/feetech_ros2_driver:${AMENT_PREFIX_PATH} CMAKE_PREFIX_PATH=/home/remii/Projects/so-arm/install/so_arm101_description:/home/remii/Projects/so-arm/install/so_arm100_description:/home/remii/Projects/so-arm/install/so_arm_utils:/home/remii/Projects/so-arm/install/feetech_ros2_driver:/opt/ros/jazzy/opt/gz_sim_vendor:/opt/ros/jazzy/opt/gz_sensors_vendor:/opt/ros/jazzy/opt/gz_physics_vendor:/opt/ros/jazzy/opt/sdformat_vendor:/opt/ros/jazzy/opt/gz_gui_vendor:/opt/ros/jazzy/opt/gz_transport_vendor:/opt/ros/jazzy/opt/gz_rendering_vendor:/opt/ros/jazzy/opt/gz_plugin_vendor:/opt/ros/jazzy/opt/gz_fuel_tools_vendor:/opt/ros/jazzy/opt/gz_msgs_vendor:/opt/ros/jazzy/opt/gz_common_vendor:/opt/ros/jazzy/opt/gz_math_vendor:/opt/ros/jazzy/opt/gz_utils_vendor:/opt/ros/jazzy/opt/gz_tools_vendor:/opt/ros/jazzy/opt/gz_ogre_next_vendor:/opt/ros/jazzy/opt/gz_dartsim_vendor:/opt/ros/jazzy/opt/gz_cmake_vendor:/opt/ros/jazzy DEBUGINFOD_URLS=https://debuginfod.ubuntu.com LD_LIBRARY_PATH=/home/remii/Projects/so-arm/install/feetech_ros2_driver/lib:${LD_LIBRARY_PATH} PATH=/home/remii/Projects/so-arm/install/feetech_ros2_driver/bin:${PATH} PYTHONPATH=/home/remii/Projects/so-arm/install/so_arm_utils/lib/python3.12/site-packages:${PYTHONPATH} /usr/bin/cmake --build /home/remii/Projects/so-arm/build/so_arm_gz -- -j8 -l8
[1.816s] DEBUG:colcon.colcon_core.event_handler.log_command:Invoking command in '/home/remii/Projects/so-arm/build/so_arm_gz': AMENT_PREFIX_PATH=/home/remii/Projects/so-arm/install/so_arm101_description:/home/remii/Projects/so-arm/install/so_arm100_description:/home/remii/Projects/so-arm/install/so_arm_utils:/home/remii/Projects/so-arm/install/feetech_ros2_driver:${AMENT_PREFIX_PATH} CMAKE_PREFIX_PATH=/home/remii/Projects/so-arm/install/so_arm101_description:/home/remii/Projects/so-arm/install/so_arm100_description:/home/remii/Projects/so-arm/install/so_arm_utils:/home/remii/Projects/so-arm/install/feetech_ros2_driver:/opt/ros/jazzy/opt/gz_sim_vendor:/opt/ros/jazzy/opt/gz_sensors_vendor:/opt/ros/jazzy/opt/gz_physics_vendor:/opt/ros/jazzy/opt/sdformat_vendor:/opt/ros/jazzy/opt/gz_gui_vendor:/opt/ros/jazzy/opt/gz_transport_vendor:/opt/ros/jazzy/opt/gz_rendering_vendor:/opt/ros/jazzy/opt/gz_plugin_vendor:/opt/ros/jazzy/opt/gz_fuel_tools_vendor:/opt/ros/jazzy/opt/gz_msgs_vendor:/opt/ros/jazzy/opt/gz_common_vendor:/opt/ros/jazzy/opt/gz_math_vendor:/opt/ros/jazzy/opt/gz_utils_vendor:/opt/ros/jazzy/opt/gz_tools_vendor:/opt/ros/jazzy/opt/gz_ogre_next_vendor:/opt/ros/jazzy/opt/gz_dartsim_vendor:/opt/ros/jazzy/opt/gz_cmake_vendor:/opt/ros/jazzy DEBUGINFOD_URLS=https://debuginfod.ubuntu.com LD_LIBRARY_PATH=/home/remii/Projects/so-arm/install/feetech_ros2_driver/lib:${LD_LIBRARY_PATH} PATH=/home/remii/Projects/so-arm/install/feetech_ros2_driver/bin:${PATH} PYTHONPATH=/home/remii/Projects/so-arm/install/so_arm_utils/lib/python3.12/site-packages:${PYTHONPATH} /usr/bin/cmake --install /home/remii/Projects/so-arm/build/so_arm_gz
[1.834s] Level 1:colcon.colcon_core.environment:create_environment_scripts_only(so_arm101_moveit_config)
[1.834s] Level 1:colcon.colcon_core.environment:checking '/home/remii/Projects/so-arm/install/so_arm101_moveit_config' for CMake module files
[1.835s] DEBUG:colcon.colcon_core.event_handler.log_command:Invoked command in '/home/remii/Projects/so-arm/build/so_arm101_moveit_config' returned '0': AMENT_PREFIX_PATH=/home/remii/Projects/so-arm/install/so_arm101_description:/home/remii/Projects/so-arm/install/so_arm_utils:/home/remii/Projects/so-arm/install/feetech_ros2_driver:${AMENT_PREFIX_PATH} CMAKE_PREFIX_PATH=/home/remii/Projects/so-arm/install/so_arm101_description:/home/remii/Projects/so-arm/install/so_arm_utils:/home/remii/Projects/so-arm/install/feetech_ros2_driver:/opt/ros/jazzy/opt/gz_sim_vendor:/opt/ros/jazzy/opt/gz_sensors_vendor:/opt/ros/jazzy/opt/gz_physics_vendor:/opt/ros/jazzy/opt/sdformat_vendor:/opt/ros/jazzy/opt/gz_gui_vendor:/opt/ros/jazzy/opt/gz_transport_vendor:/opt/ros/jazzy/opt/gz_rendering_vendor:/opt/ros/jazzy/opt/gz_plugin_vendor:/opt/ros/jazzy/opt/gz_fuel_tools_vendor:/opt/ros/jazzy/opt/gz_msgs_vendor:/opt/ros/jazzy/opt/gz_common_vendor:/opt/ros/jazzy/opt/gz_math_vendor:/opt/ros/jazzy/opt/gz_utils_vendor:/opt/ros/jazzy/opt/gz_tools_vendor:/opt/ros/jazzy/opt/gz_ogre_next_vendor:/opt/ros/jazzy/opt/gz_dartsim_vendor:/opt/ros/jazzy/opt/gz_cmake_vendor:/opt/ros/jazzy DEBUGINFOD_URLS=https://debuginfod.ubuntu.com LD_LIBRARY_PATH=/home/remii/Projects/so-arm/install/feetech_ros2_driver/lib:${LD_LIBRARY_PATH} PATH=/home/remii/Projects/so-arm/install/feetech_ros2_driver/bin:${PATH} PYTHONPATH=/home/remii/Projects/so-arm/install/so_arm_utils/lib/python3.12/site-packages:${PYTHONPATH} /usr/bin/cmake --install /home/remii/Projects/so-arm/build/so_arm101_moveit_config
[1.835s] Level 1:colcon.colcon_core.environment:checking '/home/remii/Projects/so-arm/install/so_arm101_moveit_config' for CMake config files
[1.835s] Level 1:colcon.colcon_core.shell:create_environment_hook('so_arm101_moveit_config', 'cmake_prefix_path')
[1.835s] INFO:colcon.colcon_core.shell:Creating environment hook '/home/remii/Projects/so-arm/install/so_arm101_moveit_config/share/so_arm101_moveit_config/hook/cmake_prefix_path.ps1'
[1.836s] INFO:colcon.colcon_core.shell:Creating environment descriptor '/home/remii/Projects/so-arm/install/so_arm101_moveit_config/share/so_arm101_moveit_config/hook/cmake_prefix_path.dsv'
[1.836s] INFO:colcon.colcon_core.shell:Creating environment hook '/home/remii/Projects/so-arm/install/so_arm101_moveit_config/share/so_arm101_moveit_config/hook/cmake_prefix_path.sh'
[1.836s] Level 1:colcon.colcon_core.environment:checking '/home/remii/Projects/so-arm/install/so_arm101_moveit_config/bin'
[1.836s] Level 1:colcon.colcon_core.environment:checking '/home/remii/Projects/so-arm/install/so_arm101_moveit_config/lib/pkgconfig/so_arm101_moveit_config.pc'
[1.837s] Level 1:colcon.colcon_core.environment:checking '/home/remii/Projects/so-arm/install/so_arm101_moveit_config/lib/python3.12/site-packages'
[1.837s] Level 1:colcon.colcon_core.environment:checking '/home/remii/Projects/so-arm/install/so_arm101_moveit_config/bin'
[1.837s] INFO:colcon.colcon_core.shell:Creating package script '/home/remii/Projects/so-arm/install/so_arm101_moveit_config/share/so_arm101_moveit_config/package.ps1'
[1.837s] INFO:colcon.colcon_core.shell:Creating package descriptor '/home/remii/Projects/so-arm/install/so_arm101_moveit_config/share/so_arm101_moveit_config/package.dsv'
[1.838s] INFO:colcon.colcon_core.shell:Creating package script '/home/remii/Projects/so-arm/install/so_arm101_moveit_config/share/so_arm101_moveit_config/package.sh'
[1.838s] INFO:colcon.colcon_core.shell:Creating package script '/home/remii/Projects/so-arm/install/so_arm101_moveit_config/share/so_arm101_moveit_config/package.bash'
[1.838s] INFO:colcon.colcon_core.shell:Creating package script '/home/remii/Projects/so-arm/install/so_arm101_moveit_config/share/so_arm101_moveit_config/package.zsh'
[1.838s] Level 1:colcon.colcon_core.environment:create_file_with_runtime_dependencies(/home/remii/Projects/so-arm/install/so_arm101_moveit_config/share/colcon-core/packages/so_arm101_moveit_config)
[1.839s] Level 1:colcon.colcon_core.environment:create_environment_scripts_only(so_arm101_moveit_config)
[1.839s] Level 1:colcon.colcon_core.environment:checking '/home/remii/Projects/so-arm/install/so_arm101_moveit_config' for CMake module files
[1.839s] Level 1:colcon.colcon_core.environment:checking '/home/remii/Projects/so-arm/install/so_arm101_moveit_config' for CMake config files
[1.840s] Level 1:colcon.colcon_core.shell:create_environment_hook('so_arm101_moveit_config', 'cmake_prefix_path')
[1.840s] INFO:colcon.colcon_core.shell:Creating environment hook '/home/remii/Projects/so-arm/install/so_arm101_moveit_config/share/so_arm101_moveit_config/hook/cmake_prefix_path.ps1'
[1.840s] INFO:colcon.colcon_core.shell:Creating environment descriptor '/home/remii/Projects/so-arm/install/so_arm101_moveit_config/share/so_arm101_moveit_config/hook/cmake_prefix_path.dsv'
[1.840s] INFO:colcon.colcon_core.shell:Creating environment hook '/home/remii/Projects/so-arm/install/so_arm101_moveit_config/share/so_arm101_moveit_config/hook/cmake_prefix_path.sh'
[1.841s] Level 1:colcon.colcon_core.environment:checking '/home/remii/Projects/so-arm/install/so_arm101_moveit_config/bin'
[1.841s] Level 1:colcon.colcon_core.environment:checking '/home/remii/Projects/so-arm/install/so_arm101_moveit_config/lib/pkgconfig/so_arm101_moveit_config.pc'
[1.841s] Level 1:colcon.colcon_core.environment:checking '/home/remii/Projects/so-arm/install/so_arm101_moveit_config/lib/python3.12/site-packages'
[1.841s] Level 1:colcon.colcon_core.environment:checking '/home/remii/Projects/so-arm/install/so_arm101_moveit_config/bin'
[1.841s] INFO:colcon.colcon_core.shell:Creating package script '/home/remii/Projects/so-arm/install/so_arm101_moveit_config/share/so_arm101_moveit_config/package.ps1'
[1.842s] INFO:colcon.colcon_core.shell:Creating package descriptor '/home/remii/Projects/so-arm/install/so_arm101_moveit_config/share/so_arm101_moveit_config/package.dsv'
[1.842s] INFO:colcon.colcon_core.shell:Creating package script '/home/remii/Projects/so-arm/install/so_arm101_moveit_config/share/so_arm101_moveit_config/package.sh'
[1.842s] INFO:colcon.colcon_core.shell:Creating package script '/home/remii/Projects/so-arm/install/so_arm101_moveit_config/share/so_arm101_moveit_config/package.bash'
[1.843s] INFO:colcon.colcon_core.shell:Creating package script '/home/remii/Projects/so-arm/install/so_arm101_moveit_config/share/so_arm101_moveit_config/package.zsh'
[1.843s] Level 1:colcon.colcon_core.environment:create_file_with_runtime_dependencies(/home/remii/Projects/so-arm/install/so_arm101_moveit_config/share/colcon-core/packages/so_arm101_moveit_config)
[1.843s] Level 1:colcon.colcon_core.environment:create_environment_scripts_only(so_arm_gz)
[1.843s] Level 1:colcon.colcon_core.environment:checking '/home/remii/Projects/so-arm/install/so_arm_gz' for CMake module files
[1.844s] Level 1:colcon.colcon_core.environment:checking '/home/remii/Projects/so-arm/install/so_arm_gz' for CMake config files
[1.844s] DEBUG:colcon.colcon_core.event_handler.log_command:Invoked command in '/home/remii/Projects/so-arm/build/so_arm_gz' returned '0': AMENT_PREFIX_PATH=/home/remii/Projects/so-arm/install/so_arm101_description:/home/remii/Projects/so-arm/install/so_arm100_description:/home/remii/Projects/so-arm/install/so_arm_utils:/home/remii/Projects/so-arm/install/feetech_ros2_driver:${AMENT_PREFIX_PATH} CMAKE_PREFIX_PATH=/home/remii/Projects/so-arm/install/so_arm101_description:/home/remii/Projects/so-arm/install/so_arm100_description:/home/remii/Projects/so-arm/install/so_arm_utils:/home/remii/Projects/so-arm/install/feetech_ros2_driver:/opt/ros/jazzy/opt/gz_sim_vendor:/opt/ros/jazzy/opt/gz_sensors_vendor:/opt/ros/jazzy/opt/gz_physics_vendor:/opt/ros/jazzy/opt/sdformat_vendor:/opt/ros/jazzy/opt/gz_gui_vendor:/opt/ros/jazzy/opt/gz_transport_vendor:/opt/ros/jazzy/opt/gz_rendering_vendor:/opt/ros/jazzy/opt/gz_plugin_vendor:/opt/ros/jazzy/opt/gz_fuel_tools_vendor:/opt/ros/jazzy/opt/gz_msgs_vendor:/opt/ros/jazzy/opt/gz_common_vendor:/opt/ros/jazzy/opt/gz_math_vendor:/opt/ros/jazzy/opt/gz_utils_vendor:/opt/ros/jazzy/opt/gz_tools_vendor:/opt/ros/jazzy/opt/gz_ogre_next_vendor:/opt/ros/jazzy/opt/gz_dartsim_vendor:/opt/ros/jazzy/opt/gz_cmake_vendor:/opt/ros/jazzy DEBUGINFOD_URLS=https://debuginfod.ubuntu.com LD_LIBRARY_PATH=/home/remii/Projects/so-arm/install/feetech_ros2_driver/lib:${LD_LIBRARY_PATH} PATH=/home/remii/Projects/so-arm/install/feetech_ros2_driver/bin:${PATH} PYTHONPATH=/home/remii/Projects/so-arm/install/so_arm_utils/lib/python3.12/site-packages:${PYTHONPATH} /usr/bin/cmake --install /home/remii/Projects/so-arm/build/so_arm_gz
[1.845s] Level 1:colcon.colcon_core.shell:create_environment_hook('so_arm_gz', 'cmake_prefix_path')
[1.845s] INFO:colcon.colcon_core.shell:Creating environment hook '/home/remii/Projects/so-arm/install/so_arm_gz/share/so_arm_gz/hook/cmake_prefix_path.ps1'
[1.845s] INFO:colcon.colcon_core.shell:Creating environment descriptor '/home/remii/Projects/so-arm/install/so_arm_gz/share/so_arm_gz/hook/cmake_prefix_path.dsv'
[1.845s] INFO:colcon.colcon_core.shell:Creating environment hook '/home/remii/Projects/so-arm/install/so_arm_gz/share/so_arm_gz/hook/cmake_prefix_path.sh'
[1.846s] Level 1:colcon.colcon_core.environment:checking '/home/remii/Projects/so-arm/install/so_arm_gz/bin'
[1.846s] Level 1:colcon.colcon_core.environment:checking '/home/remii/Projects/so-arm/install/so_arm_gz/lib/pkgconfig/so_arm_gz.pc'
[1.846s] Level 1:colcon.colcon_core.environment:checking '/home/remii/Projects/so-arm/install/so_arm_gz/lib/python3.12/site-packages'
[1.846s] Level 1:colcon.colcon_core.environment:checking '/home/remii/Projects/so-arm/install/so_arm_gz/bin'
[1.846s] INFO:colcon.colcon_core.shell:Creating package script '/home/remii/Projects/so-arm/install/so_arm_gz/share/so_arm_gz/package.ps1'
[1.847s] INFO:colcon.colcon_core.shell:Creating package descriptor '/home/remii/Projects/so-arm/install/so_arm_gz/share/so_arm_gz/package.dsv'
[1.847s] INFO:colcon.colcon_core.shell:Creating package script '/home/remii/Projects/so-arm/install/so_arm_gz/share/so_arm_gz/package.sh'
[1.847s] INFO:colcon.colcon_core.shell:Creating package script '/home/remii/Projects/so-arm/install/so_arm_gz/share/so_arm_gz/package.bash'
[1.848s] INFO:colcon.colcon_core.shell:Creating package script '/home/remii/Projects/so-arm/install/so_arm_gz/share/so_arm_gz/package.zsh'
[1.848s] Level 1:colcon.colcon_core.environment:create_file_with_runtime_dependencies(/home/remii/Projects/so-arm/install/so_arm_gz/share/colcon-core/packages/so_arm_gz)
[1.848s] Level 1:colcon.colcon_core.environment:create_environment_scripts_only(so_arm_gz)
[1.849s] Level 1:colcon.colcon_core.environment:checking '/home/remii/Projects/so-arm/install/so_arm_gz' for CMake module files
[1.849s] Level 1:colcon.colcon_core.environment:checking '/home/remii/Projects/so-arm/install/so_arm_gz' for CMake config files
[1.849s] Level 1:colcon.colcon_core.shell:create_environment_hook('so_arm_gz', 'cmake_prefix_path')
[1.849s] INFO:colcon.colcon_core.shell:Creating environment hook '/home/remii/Projects/so-arm/install/so_arm_gz/share/so_arm_gz/hook/cmake_prefix_path.ps1'
[1.849s] INFO:colcon.colcon_core.shell:Creating environment descriptor '/home/remii/Projects/so-arm/install/so_arm_gz/share/so_arm_gz/hook/cmake_prefix_path.dsv'
[1.850s] INFO:colcon.colcon_core.shell:Creating environment hook '/home/remii/Projects/so-arm/install/so_arm_gz/share/so_arm_gz/hook/cmake_prefix_path.sh'
[1.850s] Level 1:colcon.colcon_core.environment:checking '/home/remii/Projects/so-arm/install/so_arm_gz/bin'
[1.850s] Level 1:colcon.colcon_core.environment:checking '/home/remii/Projects/so-arm/install/so_arm_gz/lib/pkgconfig/so_arm_gz.pc'
[1.850s] Level 1:colcon.colcon_core.environment:checking '/home/remii/Projects/so-arm/install/so_arm_gz/lib/python3.12/site-packages'
[1.851s] Level 1:colcon.colcon_core.environment:checking '/home/remii/Projects/so-arm/install/so_arm_gz/bin'
[1.851s] INFO:colcon.colcon_core.shell:Creating package script '/home/remii/Projects/so-arm/install/so_arm_gz/share/so_arm_gz/package.ps1'
[1.851s] INFO:colcon.colcon_core.shell:Creating package descriptor '/home/remii/Projects/so-arm/install/so_arm_gz/share/so_arm_gz/package.dsv'
[1.851s] INFO:colcon.colcon_core.shell:Creating package script '/home/remii/Projects/so-arm/install/so_arm_gz/share/so_arm_gz/package.sh'
[1.852s] INFO:colcon.colcon_core.shell:Creating package script '/home/remii/Projects/so-arm/install/so_arm_gz/share/so_arm_gz/package.bash'
[1.852s] INFO:colcon.colcon_core.shell:Creating package script '/home/remii/Projects/so-arm/install/so_arm_gz/share/so_arm_gz/package.zsh'
[1.852s] Level 1:colcon.colcon_core.environment:create_file_with_runtime_dependencies(/home/remii/Projects/so-arm/install/so_arm_gz/share/colcon-core/packages/so_arm_gz)
[1.853s] Level 1:colcon.colcon_core.environment:create_environment_scripts_only(so_arm100_moveit_config)
[1.853s] Level 1:colcon.colcon_core.environment:checking '/home/remii/Projects/so-arm/install/so_arm100_moveit_config' for CMake module files
[1.853s] DEBUG:colcon.colcon_core.event_handler.log_command:Invoked command in '/home/remii/Projects/so-arm/build/so_arm100_moveit_config' returned '0': AMENT_PREFIX_PATH=/home/remii/Projects/so-arm/install/so_arm100_description:/home/remii/Projects/so-arm/install/so_arm_utils:/home/remii/Projects/so-arm/install/feetech_ros2_driver:${AMENT_PREFIX_PATH} CMAKE_PREFIX_PATH=/home/remii/Projects/so-arm/install/so_arm100_description:/home/remii/Projects/so-arm/install/so_arm_utils:/home/remii/Projects/so-arm/install/feetech_ros2_driver:/opt/ros/jazzy/opt/gz_sim_vendor:/opt/ros/jazzy/opt/gz_sensors_vendor:/opt/ros/jazzy/opt/gz_physics_vendor:/opt/ros/jazzy/opt/sdformat_vendor:/opt/ros/jazzy/opt/gz_gui_vendor:/opt/ros/jazzy/opt/gz_transport_vendor:/opt/ros/jazzy/opt/gz_rendering_vendor:/opt/ros/jazzy/opt/gz_plugin_vendor:/opt/ros/jazzy/opt/gz_fuel_tools_vendor:/opt/ros/jazzy/opt/gz_msgs_vendor:/opt/ros/jazzy/opt/gz_common_vendor:/opt/ros/jazzy/opt/gz_math_vendor:/opt/ros/jazzy/opt/gz_utils_vendor:/opt/ros/jazzy/opt/gz_tools_vendor:/opt/ros/jazzy/opt/gz_ogre_next_vendor:/opt/ros/jazzy/opt/gz_dartsim_vendor:/opt/ros/jazzy/opt/gz_cmake_vendor:/opt/ros/jazzy DEBUGINFOD_URLS=https://debuginfod.ubuntu.com LD_LIBRARY_PATH=/home/remii/Projects/so-arm/install/feetech_ros2_driver/lib:${LD_LIBRARY_PATH} PATH=/home/remii/Projects/so-arm/install/feetech_ros2_driver/bin:${PATH} PYTHONPATH=/home/remii/Projects/so-arm/install/so_arm_utils/lib/python3.12/site-packages:${PYTHONPATH} /usr/bin/cmake --install /home/remii/Projects/so-arm/build/so_arm100_moveit_config
[1.854s] Level 1:colcon.colcon_core.environment:checking '/home/remii/Projects/so-arm/install/so_arm100_moveit_config' for CMake config files
[1.854s] Level 1:colcon.colcon_core.shell:create_environment_hook('so_arm100_moveit_config', 'cmake_prefix_path')
[1.854s] INFO:colcon.colcon_core.shell:Creating environment hook '/home/remii/Projects/so-arm/install/so_arm100_moveit_config/share/so_arm100_moveit_config/hook/cmake_prefix_path.ps1'
[1.854s] INFO:colcon.colcon_core.shell:Creating environment descriptor '/home/remii/Projects/so-arm/install/so_arm100_moveit_config/share/so_arm100_moveit_config/hook/cmake_prefix_path.dsv'
[1.855s] INFO:colcon.colcon_core.shell:Creating environment hook '/home/remii/Projects/so-arm/install/so_arm100_moveit_config/share/so_arm100_moveit_config/hook/cmake_prefix_path.sh'
[1.855s] Level 1:colcon.colcon_core.environment:checking '/home/remii/Projects/so-arm/install/so_arm100_moveit_config/bin'
[1.855s] Level 1:colcon.colcon_core.environment:checking '/home/remii/Projects/so-arm/install/so_arm100_moveit_config/lib/pkgconfig/so_arm100_moveit_config.pc'
[1.855s] Level 1:colcon.colcon_core.environment:checking '/home/remii/Projects/so-arm/install/so_arm100_moveit_config/lib/python3.12/site-packages'
[1.856s] Level 1:colcon.colcon_core.environment:checking '/home/remii/Projects/so-arm/install/so_arm100_moveit_config/bin'
[1.856s] INFO:colcon.colcon_core.shell:Creating package script '/home/remii/Projects/so-arm/install/so_arm100_moveit_config/share/so_arm100_moveit_config/package.ps1'
[1.856s] INFO:colcon.colcon_core.shell:Creating package descriptor '/home/remii/Projects/so-arm/install/so_arm100_moveit_config/share/so_arm100_moveit_config/package.dsv'
[1.856s] INFO:colcon.colcon_core.shell:Creating package script '/home/remii/Projects/so-arm/install/so_arm100_moveit_config/share/so_arm100_moveit_config/package.sh'
[1.857s] INFO:colcon.colcon_core.shell:Creating package script '/home/remii/Projects/so-arm/install/so_arm100_moveit_config/share/so_arm100_moveit_config/package.bash'
[1.857s] INFO:colcon.colcon_core.shell:Creating package script '/home/remii/Projects/so-arm/install/so_arm100_moveit_config/share/so_arm100_moveit_config/package.zsh'
[1.857s] Level 1:colcon.colcon_core.environment:create_file_with_runtime_dependencies(/home/remii/Projects/so-arm/install/so_arm100_moveit_config/share/colcon-core/packages/so_arm100_moveit_config)
[1.857s] Level 1:colcon.colcon_core.environment:create_environment_scripts_only(so_arm100_moveit_config)
[1.857s] Level 1:colcon.colcon_core.environment:checking '/home/remii/Projects/so-arm/install/so_arm100_moveit_config' for CMake module files
[1.858s] Level 1:colcon.colcon_core.environment:checking '/home/remii/Projects/so-arm/install/so_arm100_moveit_config' for CMake config files
[1.858s] Level 1:colcon.colcon_core.shell:create_environment_hook('so_arm100_moveit_config', 'cmake_prefix_path')
[1.858s] INFO:colcon.colcon_core.shell:Creating environment hook '/home/remii/Projects/so-arm/install/so_arm100_moveit_config/share/so_arm100_moveit_config/hook/cmake_prefix_path.ps1'
[1.858s] INFO:colcon.colcon_core.shell:Creating environment descriptor '/home/remii/Projects/so-arm/install/so_arm100_moveit_config/share/so_arm100_moveit_config/hook/cmake_prefix_path.dsv'
[1.859s] INFO:colcon.colcon_core.shell:Creating environment hook '/home/remii/Projects/so-arm/install/so_arm100_moveit_config/share/so_arm100_moveit_config/hook/cmake_prefix_path.sh'
[1.859s] Level 1:colcon.colcon_core.environment:checking '/home/remii/Projects/so-arm/install/so_arm100_moveit_config/bin'
[1.859s] Level 1:colcon.colcon_core.environment:checking '/home/remii/Projects/so-arm/install/so_arm100_moveit_config/lib/pkgconfig/so_arm100_moveit_config.pc'
[1.859s] Level 1:colcon.colcon_core.environment:checking '/home/remii/Projects/so-arm/install/so_arm100_moveit_config/lib/python3.12/site-packages'
[1.860s] Level 1:colcon.colcon_core.environment:checking '/home/remii/Projects/so-arm/install/so_arm100_moveit_config/bin'
[1.860s] INFO:colcon.colcon_core.shell:Creating package script '/home/remii/Projects/so-arm/install/so_arm100_moveit_config/share/so_arm100_moveit_config/package.ps1'
[1.860s] INFO:colcon.colcon_core.shell:Creating package descriptor '/home/remii/Projects/so-arm/install/so_arm100_moveit_config/share/so_arm100_moveit_config/package.dsv'
[1.860s] INFO:colcon.colcon_core.shell:Creating package script '/home/remii/Projects/so-arm/install/so_arm100_moveit_config/share/so_arm100_moveit_config/package.sh'
[1.861s] INFO:colcon.colcon_core.shell:Creating package script '/home/remii/Projects/so-arm/install/so_arm100_moveit_config/share/so_arm100_moveit_config/package.bash'
[1.861s] INFO:colcon.colcon_core.shell:Creating package script '/home/remii/Projects/so-arm/install/so_arm100_moveit_config/share/so_arm100_moveit_config/package.zsh'
[1.861s] Level 1:colcon.colcon_core.environment:create_file_with_runtime_dependencies(/home/remii/Projects/so-arm/install/so_arm100_moveit_config/share/colcon-core/packages/so_arm100_moveit_config)
[1.861s] DEBUG:colcon.colcon_parallel_executor.executor.parallel:closing loop
[1.862s] DEBUG:colcon.colcon_parallel_executor.executor.parallel:loop closed
[1.862s] DEBUG:colcon.colcon_parallel_executor.executor.parallel:run_until_complete finished with '0'
[1.862s] DEBUG:colcon.colcon_core.event_reactor:joining thread
[1.866s] INFO:colcon.colcon_core.plugin_system:Skipping extension 'colcon_notification.desktop_notification.terminal_notifier': Not used on non-Darwin systems
[1.866s] INFO:colcon.colcon_core.plugin_system:Skipping extension 'colcon_notification.desktop_notification.win32': Not used on non-Windows systems
[1.866s] INFO:colcon.colcon_notification.desktop_notification:Sending desktop notification using 'notify2'
[1.883s] DEBUG:colcon.colcon_core.event_reactor:joined thread
[1.883s] INFO:colcon.colcon_core.shell:Creating prefix script '/home/remii/Projects/so-arm/install/local_setup.ps1'
[1.883s] INFO:colcon.colcon_core.shell:Creating prefix util module '/home/remii/Projects/so-arm/install/_local_setup_util_ps1.py'
[1.884s] INFO:colcon.colcon_core.shell:Creating prefix chain script '/home/remii/Projects/so-arm/install/setup.ps1'
[1.885s] INFO:colcon.colcon_core.shell:Creating prefix script '/home/remii/Projects/so-arm/install/local_setup.sh'
[1.885s] INFO:colcon.colcon_core.shell:Creating prefix util module '/home/remii/Projects/so-arm/install/_local_setup_util_sh.py'
[1.886s] INFO:colcon.colcon_core.shell:Creating prefix chain script '/home/remii/Projects/so-arm/install/setup.sh'
[1.886s] INFO:colcon.colcon_core.shell:Creating prefix script '/home/remii/Projects/so-arm/install/local_setup.bash'
[1.887s] INFO:colcon.colcon_core.shell:Creating prefix chain script '/home/remii/Projects/so-arm/install/setup.bash'
[1.887s] INFO:colcon.colcon_core.shell:Creating prefix script '/home/remii/Projects/so-arm/install/local_setup.zsh'
[1.888s] INFO:colcon.colcon_core.shell:Creating prefix chain script '/home/remii/Projects/so-arm/install/setup.zsh'
