[0.087s] DEBUG:colcon:Command line arguments: ['/usr/bin/colcon', 'build', '--symlink-install']
[0.087s] DEBUG:colcon:Parsed command line arguments: Namespace(log_base=None, log_level=None, verb_name='build', build_base='build', install_base='install', merge_install=False, symlink_install=True, test_result_base=None, continue_on_error=False, executor='parallel', parallel_workers=8, event_handlers=None, ignore_user_meta=False, metas=['./colcon.meta'], base_paths=['.'], packages_ignore=None, packages_ignore_regex=None, paths=None, packages_up_to=None, packages_up_to_regex=None, packages_above=None, packages_above_and_dependencies=None, packages_above_depth=None, packages_select_by_dep=None, packages_skip_by_dep=None, packages_skip_up_to=None, packages_select_build_failed=False, packages_skip_build_finished=False, packages_select_test_failures=False, packages_skip_test_passed=False, packages_select=None, packages_skip=None, packages_select_regex=None, packages_skip_regex=None, packages_start=None, packages_end=None, allow_overriding=[], cmake_args=None, cmake_target=None, cmake_target_skip_unavailable=False, cmake_clean_cache=False, cmake_clean_first=False, cmake_force_configure=False, ament_cmake_args=None, catkin_cmake_args=None, catkin_skip_building_tests=False, mixin_files=None, mixin=None, verb_parser=<colcon_mixin.mixin.mixin_argument.MixinArgumentDecorator object at 0x702a0bfa8530>, verb_extension=<colcon_core.verb.build.BuildVerb object at 0x702a0c0d1130>, main=<bound method BuildVerb.main of <colcon_core.verb.build.BuildVerb object at 0x702a0c0d1130>>, mixin_verb=('build',))
[0.116s] Level 1:colcon.colcon_core.package_discovery:discover_packages(colcon_meta) check parameters
[0.116s] Level 1:colcon.colcon_core.package_discovery:discover_packages(recursive) check parameters
[0.116s] Level 1:colcon.colcon_core.package_discovery:discover_packages(ignore) check parameters
[0.116s] Level 1:colcon.colcon_core.package_discovery:discover_packages(path) check parameters
[0.116s] Level 1:colcon.colcon_core.package_discovery:discover_packages(colcon_meta) discover
[0.116s] Level 1:colcon.colcon_core.package_discovery:discover_packages(recursive) discover
[0.116s] INFO:colcon.colcon_core.package_discovery:Crawling recursively for packages in '/home/remii/Projects/so-arm'
[0.116s] Level 1:colcon.colcon_core.package_identification:_identify(.) by extensions ['ignore', 'ignore_ament_install']
[0.117s] Level 1:colcon.colcon_core.package_identification:_identify(.) by extension 'ignore'
[0.117s] Level 1:colcon.colcon_core.package_identification:_identify(.) by extension 'ignore_ament_install'
[0.117s] Level 1:colcon.colcon_core.package_identification:_identify(.) by extensions ['colcon_pkg']
[0.117s] Level 1:colcon.colcon_core.package_identification:_identify(.) by extension 'colcon_pkg'
[0.117s] Level 1:colcon.colcon_core.package_identification:_identify(.) by extensions ['colcon_meta']
[0.117s] Level 1:colcon.colcon_core.package_identification:_identify(.) by extension 'colcon_meta'
[0.117s] Level 1:colcon.colcon_core.package_identification:_identify(.) by extensions ['ros']
[0.117s] Level 1:colcon.colcon_core.package_identification:_identify(.) by extension 'ros'
[0.136s] Level 1:colcon.colcon_core.package_identification:_identify(.) by extensions ['cmake', 'python']
[0.137s] Level 1:colcon.colcon_core.package_identification:_identify(.) by extension 'cmake'
[0.137s] Level 1:colcon.colcon_core.package_identification:_identify(.) by extension 'python'
[0.137s] Level 1:colcon.colcon_core.package_identification:_identify(.) by extensions ['python_setup_py']
[0.137s] Level 1:colcon.colcon_core.package_identification:_identify(.) by extension 'python_setup_py'
[0.137s] Level 1:colcon.colcon_core.package_identification:_identify(build) by extensions ['ignore', 'ignore_ament_install']
[0.137s] Level 1:colcon.colcon_core.package_identification:_identify(build) by extension 'ignore'
[0.137s] Level 1:colcon.colcon_core.package_identification:_identify(build) ignored
[0.137s] Level 1:colcon.colcon_core.package_identification:_identify(install) by extensions ['ignore', 'ignore_ament_install']
[0.137s] Level 1:colcon.colcon_core.package_identification:_identify(install) by extension 'ignore'
[0.137s] Level 1:colcon.colcon_core.package_identification:_identify(install) ignored
[0.137s] Level 1:colcon.colcon_core.package_identification:_identify(log) by extensions ['ignore', 'ignore_ament_install']
[0.137s] Level 1:colcon.colcon_core.package_identification:_identify(log) by extension 'ignore'
[0.137s] Level 1:colcon.colcon_core.package_identification:_identify(log) ignored
[0.137s] Level 1:colcon.colcon_core.package_identification:_identify(src) by extensions ['ignore', 'ignore_ament_install']
[0.137s] Level 1:colcon.colcon_core.package_identification:_identify(src) by extension 'ignore'
[0.137s] Level 1:colcon.colcon_core.package_identification:_identify(src) by extension 'ignore_ament_install'
[0.137s] Level 1:colcon.colcon_core.package_identification:_identify(src) by extensions ['colcon_pkg']
[0.137s] Level 1:colcon.colcon_core.package_identification:_identify(src) by extension 'colcon_pkg'
[0.137s] Level 1:colcon.colcon_core.package_identification:_identify(src) by extensions ['colcon_meta']
[0.137s] Level 1:colcon.colcon_core.package_identification:_identify(src) by extension 'colcon_meta'
[0.138s] Level 1:colcon.colcon_core.package_identification:_identify(src) by extensions ['ros']
[0.138s] Level 1:colcon.colcon_core.package_identification:_identify(src) by extension 'ros'
[0.138s] Level 1:colcon.colcon_core.package_identification:_identify(src) by extensions ['cmake', 'python']
[0.138s] Level 1:colcon.colcon_core.package_identification:_identify(src) by extension 'cmake'
[0.138s] Level 1:colcon.colcon_core.package_identification:_identify(src) by extension 'python'
[0.138s] Level 1:colcon.colcon_core.package_identification:_identify(src) by extensions ['python_setup_py']
[0.138s] Level 1:colcon.colcon_core.package_identification:_identify(src) by extension 'python_setup_py'
[0.138s] Level 1:colcon.colcon_core.package_identification:_identify(src/feetech_ros2_driver) by extensions ['ignore', 'ignore_ament_install']
[0.138s] Level 1:colcon.colcon_core.package_identification:_identify(src/feetech_ros2_driver) by extension 'ignore'
[0.138s] Level 1:colcon.colcon_core.package_identification:_identify(src/feetech_ros2_driver) by extension 'ignore_ament_install'
[0.138s] Level 1:colcon.colcon_core.package_identification:_identify(src/feetech_ros2_driver) by extensions ['colcon_pkg']
[0.138s] Level 1:colcon.colcon_core.package_identification:_identify(src/feetech_ros2_driver) by extension 'colcon_pkg'
[0.138s] Level 1:colcon.colcon_core.package_identification:_identify(src/feetech_ros2_driver) by extensions ['colcon_meta']
[0.138s] Level 1:colcon.colcon_core.package_identification:_identify(src/feetech_ros2_driver) by extension 'colcon_meta'
[0.138s] Level 1:colcon.colcon_core.package_identification:_identify(src/feetech_ros2_driver) by extensions ['ros']
[0.138s] Level 1:colcon.colcon_core.package_identification:_identify(src/feetech_ros2_driver) by extension 'ros'
[0.140s] DEBUG:colcon.colcon_core.package_identification:Package 'src/feetech_ros2_driver' with type 'ros.ament_cmake' and name 'feetech_ros2_driver'
[0.140s] Level 1:colcon.colcon_core.package_identification:_identify(src/ros2_so_arm100) by extensions ['ignore', 'ignore_ament_install']
[0.140s] Level 1:colcon.colcon_core.package_identification:_identify(src/ros2_so_arm100) by extension 'ignore'
[0.140s] Level 1:colcon.colcon_core.package_identification:_identify(src/ros2_so_arm100) by extension 'ignore_ament_install'
[0.140s] Level 1:colcon.colcon_core.package_identification:_identify(src/ros2_so_arm100) by extensions ['colcon_pkg']
[0.140s] Level 1:colcon.colcon_core.package_identification:_identify(src/ros2_so_arm100) by extension 'colcon_pkg'
[0.141s] Level 1:colcon.colcon_core.package_identification:_identify(src/ros2_so_arm100) by extensions ['colcon_meta']
[0.141s] Level 1:colcon.colcon_core.package_identification:_identify(src/ros2_so_arm100) by extension 'colcon_meta'
[0.141s] Level 1:colcon.colcon_core.package_identification:_identify(src/ros2_so_arm100) by extensions ['ros']
[0.141s] Level 1:colcon.colcon_core.package_identification:_identify(src/ros2_so_arm100) by extension 'ros'
[0.141s] Level 1:colcon.colcon_core.package_identification:_identify(src/ros2_so_arm100) by extensions ['cmake', 'python']
[0.141s] Level 1:colcon.colcon_core.package_identification:_identify(src/ros2_so_arm100) by extension 'cmake'
[0.141s] Level 1:colcon.colcon_core.package_identification:_identify(src/ros2_so_arm100) by extension 'python'
[0.141s] Level 1:colcon.colcon_core.package_identification:_identify(src/ros2_so_arm100) by extensions ['python_setup_py']
[0.141s] Level 1:colcon.colcon_core.package_identification:_identify(src/ros2_so_arm100) by extension 'python_setup_py'
[0.141s] Level 1:colcon.colcon_core.package_identification:_identify(src/ros2_so_arm100/so_arm100_description) by extensions ['ignore', 'ignore_ament_install']
[0.141s] Level 1:colcon.colcon_core.package_identification:_identify(src/ros2_so_arm100/so_arm100_description) by extension 'ignore'
[0.141s] Level 1:colcon.colcon_core.package_identification:_identify(src/ros2_so_arm100/so_arm100_description) by extension 'ignore_ament_install'
[0.141s] Level 1:colcon.colcon_core.package_identification:_identify(src/ros2_so_arm100/so_arm100_description) by extensions ['colcon_pkg']
[0.141s] Level 1:colcon.colcon_core.package_identification:_identify(src/ros2_so_arm100/so_arm100_description) by extension 'colcon_pkg'
[0.141s] Level 1:colcon.colcon_core.package_identification:_identify(src/ros2_so_arm100/so_arm100_description) by extensions ['colcon_meta']
[0.141s] Level 1:colcon.colcon_core.package_identification:_identify(src/ros2_so_arm100/so_arm100_description) by extension 'colcon_meta'
[0.141s] Level 1:colcon.colcon_core.package_identification:_identify(src/ros2_so_arm100/so_arm100_description) by extensions ['ros']
[0.141s] Level 1:colcon.colcon_core.package_identification:_identify(src/ros2_so_arm100/so_arm100_description) by extension 'ros'
[0.142s] DEBUG:colcon.colcon_core.package_identification:Package 'src/ros2_so_arm100/so_arm100_description' with type 'ros.ament_cmake' and name 'so_arm100_description'
[0.142s] Level 1:colcon.colcon_core.package_identification:_identify(src/ros2_so_arm100/so_arm100_moveit_config) by extensions ['ignore', 'ignore_ament_install']
[0.142s] Level 1:colcon.colcon_core.package_identification:_identify(src/ros2_so_arm100/so_arm100_moveit_config) by extension 'ignore'
[0.142s] Level 1:colcon.colcon_core.package_identification:_identify(src/ros2_so_arm100/so_arm100_moveit_config) by extension 'ignore_ament_install'
[0.142s] Level 1:colcon.colcon_core.package_identification:_identify(src/ros2_so_arm100/so_arm100_moveit_config) by extensions ['colcon_pkg']
[0.142s] Level 1:colcon.colcon_core.package_identification:_identify(src/ros2_so_arm100/so_arm100_moveit_config) by extension 'colcon_pkg'
[0.142s] Level 1:colcon.colcon_core.package_identification:_identify(src/ros2_so_arm100/so_arm100_moveit_config) by extensions ['colcon_meta']
[0.142s] Level 1:colcon.colcon_core.package_identification:_identify(src/ros2_so_arm100/so_arm100_moveit_config) by extension 'colcon_meta'
[0.142s] Level 1:colcon.colcon_core.package_identification:_identify(src/ros2_so_arm100/so_arm100_moveit_config) by extensions ['ros']
[0.142s] Level 1:colcon.colcon_core.package_identification:_identify(src/ros2_so_arm100/so_arm100_moveit_config) by extension 'ros'
[0.143s] DEBUG:colcon.colcon_core.package_identification:Package 'src/ros2_so_arm100/so_arm100_moveit_config' with type 'ros.ament_cmake' and name 'so_arm100_moveit_config'
[0.143s] Level 1:colcon.colcon_core.package_identification:_identify(src/ros2_so_arm100/so_arm101_description) by extensions ['ignore', 'ignore_ament_install']
[0.143s] Level 1:colcon.colcon_core.package_identification:_identify(src/ros2_so_arm100/so_arm101_description) by extension 'ignore'
[0.143s] Level 1:colcon.colcon_core.package_identification:_identify(src/ros2_so_arm100/so_arm101_description) by extension 'ignore_ament_install'
[0.143s] Level 1:colcon.colcon_core.package_identification:_identify(src/ros2_so_arm100/so_arm101_description) by extensions ['colcon_pkg']
[0.143s] Level 1:colcon.colcon_core.package_identification:_identify(src/ros2_so_arm100/so_arm101_description) by extension 'colcon_pkg'
[0.143s] Level 1:colcon.colcon_core.package_identification:_identify(src/ros2_so_arm100/so_arm101_description) by extensions ['colcon_meta']
[0.143s] Level 1:colcon.colcon_core.package_identification:_identify(src/ros2_so_arm100/so_arm101_description) by extension 'colcon_meta'
[0.143s] Level 1:colcon.colcon_core.package_identification:_identify(src/ros2_so_arm100/so_arm101_description) by extensions ['ros']
[0.143s] Level 1:colcon.colcon_core.package_identification:_identify(src/ros2_so_arm100/so_arm101_description) by extension 'ros'
[0.143s] DEBUG:colcon.colcon_core.package_identification:Package 'src/ros2_so_arm100/so_arm101_description' with type 'ros.ament_cmake' and name 'so_arm101_description'
[0.143s] Level 1:colcon.colcon_core.package_identification:_identify(src/ros2_so_arm100/so_arm101_moveit_config) by extensions ['ignore', 'ignore_ament_install']
[0.143s] Level 1:colcon.colcon_core.package_identification:_identify(src/ros2_so_arm100/so_arm101_moveit_config) by extension 'ignore'
[0.143s] Level 1:colcon.colcon_core.package_identification:_identify(src/ros2_so_arm100/so_arm101_moveit_config) by extension 'ignore_ament_install'
[0.143s] Level 1:colcon.colcon_core.package_identification:_identify(src/ros2_so_arm100/so_arm101_moveit_config) by extensions ['colcon_pkg']
[0.144s] Level 1:colcon.colcon_core.package_identification:_identify(src/ros2_so_arm100/so_arm101_moveit_config) by extension 'colcon_pkg'
[0.144s] Level 1:colcon.colcon_core.package_identification:_identify(src/ros2_so_arm100/so_arm101_moveit_config) by extensions ['colcon_meta']
[0.144s] Level 1:colcon.colcon_core.package_identification:_identify(src/ros2_so_arm100/so_arm101_moveit_config) by extension 'colcon_meta'
[0.144s] Level 1:colcon.colcon_core.package_identification:_identify(src/ros2_so_arm100/so_arm101_moveit_config) by extensions ['ros']
[0.144s] Level 1:colcon.colcon_core.package_identification:_identify(src/ros2_so_arm100/so_arm101_moveit_config) by extension 'ros'
[0.144s] DEBUG:colcon.colcon_core.package_identification:Package 'src/ros2_so_arm100/so_arm101_moveit_config' with type 'ros.ament_cmake' and name 'so_arm101_moveit_config'
[0.144s] Level 1:colcon.colcon_core.package_identification:_identify(src/ros2_so_arm100/so_arm_gz) by extensions ['ignore', 'ignore_ament_install']
[0.144s] Level 1:colcon.colcon_core.package_identification:_identify(src/ros2_so_arm100/so_arm_gz) by extension 'ignore'
[0.144s] Level 1:colcon.colcon_core.package_identification:_identify(src/ros2_so_arm100/so_arm_gz) by extension 'ignore_ament_install'
[0.144s] Level 1:colcon.colcon_core.package_identification:_identify(src/ros2_so_arm100/so_arm_gz) by extensions ['colcon_pkg']
[0.144s] Level 1:colcon.colcon_core.package_identification:_identify(src/ros2_so_arm100/so_arm_gz) by extension 'colcon_pkg'
[0.144s] Level 1:colcon.colcon_core.package_identification:_identify(src/ros2_so_arm100/so_arm_gz) by extensions ['colcon_meta']
[0.144s] Level 1:colcon.colcon_core.package_identification:_identify(src/ros2_so_arm100/so_arm_gz) by extension 'colcon_meta'
[0.144s] Level 1:colcon.colcon_core.package_identification:_identify(src/ros2_so_arm100/so_arm_gz) by extensions ['ros']
[0.144s] Level 1:colcon.colcon_core.package_identification:_identify(src/ros2_so_arm100/so_arm_gz) by extension 'ros'
[0.145s] DEBUG:colcon.colcon_core.package_identification:Package 'src/ros2_so_arm100/so_arm_gz' with type 'ros.ament_cmake' and name 'so_arm_gz'
[0.145s] Level 1:colcon.colcon_core.package_identification:_identify(src/ros2_so_arm100/so_arm_utils) by extensions ['ignore', 'ignore_ament_install']
[0.145s] Level 1:colcon.colcon_core.package_identification:_identify(src/ros2_so_arm100/so_arm_utils) by extension 'ignore'
[0.145s] Level 1:colcon.colcon_core.package_identification:_identify(src/ros2_so_arm100/so_arm_utils) by extension 'ignore_ament_install'
[0.145s] Level 1:colcon.colcon_core.package_identification:_identify(src/ros2_so_arm100/so_arm_utils) by extensions ['colcon_pkg']
[0.145s] Level 1:colcon.colcon_core.package_identification:_identify(src/ros2_so_arm100/so_arm_utils) by extension 'colcon_pkg'
[0.145s] Level 1:colcon.colcon_core.package_identification:_identify(src/ros2_so_arm100/so_arm_utils) by extensions ['colcon_meta']
[0.145s] Level 1:colcon.colcon_core.package_identification:_identify(src/ros2_so_arm100/so_arm_utils) by extension 'colcon_meta'
[0.145s] Level 1:colcon.colcon_core.package_identification:_identify(src/ros2_so_arm100/so_arm_utils) by extensions ['ros']
[0.145s] Level 1:colcon.colcon_core.package_identification:_identify(src/ros2_so_arm100/so_arm_utils) by extension 'ros'
[0.146s] DEBUG:colcon.colcon_core.package_identification:Package 'src/ros2_so_arm100/so_arm_utils' with type 'ros.ament_cmake' and name 'so_arm_utils'
[0.146s] Level 1:colcon.colcon_core.package_discovery:discover_packages(recursive) using defaults
[0.146s] Level 1:colcon.colcon_core.package_discovery:discover_packages(ignore) discover
[0.146s] Level 1:colcon.colcon_core.package_discovery:discover_packages(ignore) using defaults
[0.146s] Level 1:colcon.colcon_core.package_discovery:discover_packages(path) discover
[0.146s] Level 1:colcon.colcon_core.package_discovery:discover_packages(path) using defaults
[0.161s] Level 1:colcon.colcon_core.package_discovery:discover_packages(prefix_path) check parameters
[0.161s] Level 1:colcon.colcon_core.package_discovery:discover_packages(prefix_path) discover
[0.162s] DEBUG:colcon.colcon_installed_package_information.package_discovery:Found 7 installed packages in /home/remii/Projects/so-arm/install
[0.163s] DEBUG:colcon.colcon_installed_package_information.package_discovery:Found 372 installed packages in /opt/ros/jazzy
[0.164s] Level 1:colcon.colcon_core.package_discovery:discover_packages(prefix_path) using defaults
[0.208s] Level 5:colcon.colcon_core.verb:set package 'feetech_ros2_driver' build argument 'cmake_args' from command line to 'None'
[0.208s] Level 5:colcon.colcon_core.verb:set package 'feetech_ros2_driver' build argument 'cmake_target' from command line to 'None'
[0.208s] Level 5:colcon.colcon_core.verb:set package 'feetech_ros2_driver' build argument 'cmake_target_skip_unavailable' from command line to 'False'
[0.208s] Level 5:colcon.colcon_core.verb:set package 'feetech_ros2_driver' build argument 'cmake_clean_cache' from command line to 'False'
[0.208s] Level 5:colcon.colcon_core.verb:set package 'feetech_ros2_driver' build argument 'cmake_clean_first' from command line to 'False'
[0.208s] Level 5:colcon.colcon_core.verb:set package 'feetech_ros2_driver' build argument 'cmake_force_configure' from command line to 'False'
[0.208s] Level 5:colcon.colcon_core.verb:set package 'feetech_ros2_driver' build argument 'ament_cmake_args' from command line to 'None'
[0.208s] Level 5:colcon.colcon_core.verb:set package 'feetech_ros2_driver' build argument 'catkin_cmake_args' from command line to 'None'
[0.208s] Level 5:colcon.colcon_core.verb:set package 'feetech_ros2_driver' build argument 'catkin_skip_building_tests' from command line to 'False'
[0.208s] DEBUG:colcon.colcon_core.verb:Building package 'feetech_ros2_driver' with the following arguments: {'ament_cmake_args': None, 'build_base': '/home/remii/Projects/so-arm/build/feetech_ros2_driver', 'catkin_cmake_args': None, 'catkin_skip_building_tests': False, 'cmake_args': None, 'cmake_clean_cache': False, 'cmake_clean_first': False, 'cmake_force_configure': False, 'cmake_target': None, 'cmake_target_skip_unavailable': False, 'install_base': '/home/remii/Projects/so-arm/install/feetech_ros2_driver', 'merge_install': False, 'path': '/home/remii/Projects/so-arm/src/feetech_ros2_driver', 'symlink_install': True, 'test_result_base': None}
[0.208s] Level 5:colcon.colcon_core.verb:set package 'so_arm_utils' build argument 'cmake_args' from command line to 'None'
[0.208s] Level 5:colcon.colcon_core.verb:set package 'so_arm_utils' build argument 'cmake_target' from command line to 'None'
[0.208s] Level 5:colcon.colcon_core.verb:set package 'so_arm_utils' build argument 'cmake_target_skip_unavailable' from command line to 'False'
[0.208s] Level 5:colcon.colcon_core.verb:set package 'so_arm_utils' build argument 'cmake_clean_cache' from command line to 'False'
[0.208s] Level 5:colcon.colcon_core.verb:set package 'so_arm_utils' build argument 'cmake_clean_first' from command line to 'False'
[0.208s] Level 5:colcon.colcon_core.verb:set package 'so_arm_utils' build argument 'cmake_force_configure' from command line to 'False'
[0.208s] Level 5:colcon.colcon_core.verb:set package 'so_arm_utils' build argument 'ament_cmake_args' from command line to 'None'
[0.208s] Level 5:colcon.colcon_core.verb:set package 'so_arm_utils' build argument 'catkin_cmake_args' from command line to 'None'
[0.208s] Level 5:colcon.colcon_core.verb:set package 'so_arm_utils' build argument 'catkin_skip_building_tests' from command line to 'False'
[0.208s] DEBUG:colcon.colcon_core.verb:Building package 'so_arm_utils' with the following arguments: {'ament_cmake_args': None, 'build_base': '/home/remii/Projects/so-arm/build/so_arm_utils', 'catkin_cmake_args': None, 'catkin_skip_building_tests': False, 'cmake_args': None, 'cmake_clean_cache': False, 'cmake_clean_first': False, 'cmake_force_configure': False, 'cmake_target': None, 'cmake_target_skip_unavailable': False, 'install_base': '/home/remii/Projects/so-arm/install/so_arm_utils', 'merge_install': False, 'path': '/home/remii/Projects/so-arm/src/ros2_so_arm100/so_arm_utils', 'symlink_install': True, 'test_result_base': None}
[0.209s] Level 5:colcon.colcon_core.verb:set package 'so_arm100_description' build argument 'cmake_args' from command line to 'None'
[0.209s] Level 5:colcon.colcon_core.verb:set package 'so_arm100_description' build argument 'cmake_target' from command line to 'None'
[0.209s] Level 5:colcon.colcon_core.verb:set package 'so_arm100_description' build argument 'cmake_target_skip_unavailable' from command line to 'False'
[0.209s] Level 5:colcon.colcon_core.verb:set package 'so_arm100_description' build argument 'cmake_clean_cache' from command line to 'False'
[0.209s] Level 5:colcon.colcon_core.verb:set package 'so_arm100_description' build argument 'cmake_clean_first' from command line to 'False'
[0.209s] Level 5:colcon.colcon_core.verb:set package 'so_arm100_description' build argument 'cmake_force_configure' from command line to 'False'
[0.209s] Level 5:colcon.colcon_core.verb:set package 'so_arm100_description' build argument 'ament_cmake_args' from command line to 'None'
[0.209s] Level 5:colcon.colcon_core.verb:set package 'so_arm100_description' build argument 'catkin_cmake_args' from command line to 'None'
[0.209s] Level 5:colcon.colcon_core.verb:set package 'so_arm100_description' build argument 'catkin_skip_building_tests' from command line to 'False'
[0.209s] DEBUG:colcon.colcon_core.verb:Building package 'so_arm100_description' with the following arguments: {'ament_cmake_args': None, 'build_base': '/home/remii/Projects/so-arm/build/so_arm100_description', 'catkin_cmake_args': None, 'catkin_skip_building_tests': False, 'cmake_args': None, 'cmake_clean_cache': False, 'cmake_clean_first': False, 'cmake_force_configure': False, 'cmake_target': None, 'cmake_target_skip_unavailable': False, 'install_base': '/home/remii/Projects/so-arm/install/so_arm100_description', 'merge_install': False, 'path': '/home/remii/Projects/so-arm/src/ros2_so_arm100/so_arm100_description', 'symlink_install': True, 'test_result_base': None}
[0.209s] Level 5:colcon.colcon_core.verb:set package 'so_arm101_description' build argument 'cmake_args' from command line to 'None'
[0.209s] Level 5:colcon.colcon_core.verb:set package 'so_arm101_description' build argument 'cmake_target' from command line to 'None'
[0.209s] Level 5:colcon.colcon_core.verb:set package 'so_arm101_description' build argument 'cmake_target_skip_unavailable' from command line to 'False'
[0.209s] Level 5:colcon.colcon_core.verb:set package 'so_arm101_description' build argument 'cmake_clean_cache' from command line to 'False'
[0.209s] Level 5:colcon.colcon_core.verb:set package 'so_arm101_description' build argument 'cmake_clean_first' from command line to 'False'
[0.209s] Level 5:colcon.colcon_core.verb:set package 'so_arm101_description' build argument 'cmake_force_configure' from command line to 'False'
[0.209s] Level 5:colcon.colcon_core.verb:set package 'so_arm101_description' build argument 'ament_cmake_args' from command line to 'None'
[0.209s] Level 5:colcon.colcon_core.verb:set package 'so_arm101_description' build argument 'catkin_cmake_args' from command line to 'None'
[0.209s] Level 5:colcon.colcon_core.verb:set package 'so_arm101_description' build argument 'catkin_skip_building_tests' from command line to 'False'
[0.209s] DEBUG:colcon.colcon_core.verb:Building package 'so_arm101_description' with the following arguments: {'ament_cmake_args': None, 'build_base': '/home/remii/Projects/so-arm/build/so_arm101_description', 'catkin_cmake_args': None, 'catkin_skip_building_tests': False, 'cmake_args': None, 'cmake_clean_cache': False, 'cmake_clean_first': False, 'cmake_force_configure': False, 'cmake_target': None, 'cmake_target_skip_unavailable': False, 'install_base': '/home/remii/Projects/so-arm/install/so_arm101_description', 'merge_install': False, 'path': '/home/remii/Projects/so-arm/src/ros2_so_arm100/so_arm101_description', 'symlink_install': True, 'test_result_base': None}
[0.209s] Level 5:colcon.colcon_core.verb:set package 'so_arm100_moveit_config' build argument 'cmake_args' from command line to 'None'
[0.209s] Level 5:colcon.colcon_core.verb:set package 'so_arm100_moveit_config' build argument 'cmake_target' from command line to 'None'
[0.209s] Level 5:colcon.colcon_core.verb:set package 'so_arm100_moveit_config' build argument 'cmake_target_skip_unavailable' from command line to 'False'
[0.209s] Level 5:colcon.colcon_core.verb:set package 'so_arm100_moveit_config' build argument 'cmake_clean_cache' from command line to 'False'
[0.209s] Level 5:colcon.colcon_core.verb:set package 'so_arm100_moveit_config' build argument 'cmake_clean_first' from command line to 'False'
[0.209s] Level 5:colcon.colcon_core.verb:set package 'so_arm100_moveit_config' build argument 'cmake_force_configure' from command line to 'False'
[0.209s] Level 5:colcon.colcon_core.verb:set package 'so_arm100_moveit_config' build argument 'ament_cmake_args' from command line to 'None'
[0.209s] Level 5:colcon.colcon_core.verb:set package 'so_arm100_moveit_config' build argument 'catkin_cmake_args' from command line to 'None'
[0.209s] Level 5:colcon.colcon_core.verb:set package 'so_arm100_moveit_config' build argument 'catkin_skip_building_tests' from command line to 'False'
[0.209s] DEBUG:colcon.colcon_core.verb:Building package 'so_arm100_moveit_config' with the following arguments: {'ament_cmake_args': None, 'build_base': '/home/remii/Projects/so-arm/build/so_arm100_moveit_config', 'catkin_cmake_args': None, 'catkin_skip_building_tests': False, 'cmake_args': None, 'cmake_clean_cache': False, 'cmake_clean_first': False, 'cmake_force_configure': False, 'cmake_target': None, 'cmake_target_skip_unavailable': False, 'install_base': '/home/remii/Projects/so-arm/install/so_arm100_moveit_config', 'merge_install': False, 'path': '/home/remii/Projects/so-arm/src/ros2_so_arm100/so_arm100_moveit_config', 'symlink_install': True, 'test_result_base': None}
[0.210s] Level 5:colcon.colcon_core.verb:set package 'so_arm101_moveit_config' build argument 'cmake_args' from command line to 'None'
[0.210s] Level 5:colcon.colcon_core.verb:set package 'so_arm101_moveit_config' build argument 'cmake_target' from command line to 'None'
[0.210s] Level 5:colcon.colcon_core.verb:set package 'so_arm101_moveit_config' build argument 'cmake_target_skip_unavailable' from command line to 'False'
[0.210s] Level 5:colcon.colcon_core.verb:set package 'so_arm101_moveit_config' build argument 'cmake_clean_cache' from command line to 'False'
[0.210s] Level 5:colcon.colcon_core.verb:set package 'so_arm101_moveit_config' build argument 'cmake_clean_first' from command line to 'False'
[0.210s] Level 5:colcon.colcon_core.verb:set package 'so_arm101_moveit_config' build argument 'cmake_force_configure' from command line to 'False'
[0.210s] Level 5:colcon.colcon_core.verb:set package 'so_arm101_moveit_config' build argument 'ament_cmake_args' from command line to 'None'
[0.210s] Level 5:colcon.colcon_core.verb:set package 'so_arm101_moveit_config' build argument 'catkin_cmake_args' from command line to 'None'
[0.210s] Level 5:colcon.colcon_core.verb:set package 'so_arm101_moveit_config' build argument 'catkin_skip_building_tests' from command line to 'False'
[0.210s] DEBUG:colcon.colcon_core.verb:Building package 'so_arm101_moveit_config' with the following arguments: {'ament_cmake_args': None, 'build_base': '/home/remii/Projects/so-arm/build/so_arm101_moveit_config', 'catkin_cmake_args': None, 'catkin_skip_building_tests': False, 'cmake_args': None, 'cmake_clean_cache': False, 'cmake_clean_first': False, 'cmake_force_configure': False, 'cmake_target': None, 'cmake_target_skip_unavailable': False, 'install_base': '/home/remii/Projects/so-arm/install/so_arm101_moveit_config', 'merge_install': False, 'path': '/home/remii/Projects/so-arm/src/ros2_so_arm100/so_arm101_moveit_config', 'symlink_install': True, 'test_result_base': None}
[0.210s] Level 5:colcon.colcon_core.verb:set package 'so_arm_gz' build argument 'cmake_args' from command line to 'None'
[0.210s] Level 5:colcon.colcon_core.verb:set package 'so_arm_gz' build argument 'cmake_target' from command line to 'None'
[0.210s] Level 5:colcon.colcon_core.verb:set package 'so_arm_gz' build argument 'cmake_target_skip_unavailable' from command line to 'False'
[0.210s] Level 5:colcon.colcon_core.verb:set package 'so_arm_gz' build argument 'cmake_clean_cache' from command line to 'False'
[0.210s] Level 5:colcon.colcon_core.verb:set package 'so_arm_gz' build argument 'cmake_clean_first' from command line to 'False'
[0.210s] Level 5:colcon.colcon_core.verb:set package 'so_arm_gz' build argument 'cmake_force_configure' from command line to 'False'
[0.210s] Level 5:colcon.colcon_core.verb:set package 'so_arm_gz' build argument 'ament_cmake_args' from command line to 'None'
[0.210s] Level 5:colcon.colcon_core.verb:set package 'so_arm_gz' build argument 'catkin_cmake_args' from command line to 'None'
[0.210s] Level 5:colcon.colcon_core.verb:set package 'so_arm_gz' build argument 'catkin_skip_building_tests' from command line to 'False'
[0.210s] DEBUG:colcon.colcon_core.verb:Building package 'so_arm_gz' with the following arguments: {'ament_cmake_args': None, 'build_base': '/home/remii/Projects/so-arm/build/so_arm_gz', 'catkin_cmake_args': None, 'catkin_skip_building_tests': False, 'cmake_args': None, 'cmake_clean_cache': False, 'cmake_clean_first': False, 'cmake_force_configure': False, 'cmake_target': None, 'cmake_target_skip_unavailable': False, 'install_base': '/home/remii/Projects/so-arm/install/so_arm_gz', 'merge_install': False, 'path': '/home/remii/Projects/so-arm/src/ros2_so_arm100/so_arm_gz', 'symlink_install': True, 'test_result_base': None}
[0.210s] INFO:colcon.colcon_core.executor:Executing jobs using 'parallel' executor
[0.211s] DEBUG:colcon.colcon_parallel_executor.executor.parallel:run_until_complete
[0.211s] INFO:colcon.colcon_ros.task.ament_cmake.build:Building ROS package in '/home/remii/Projects/so-arm/src/feetech_ros2_driver' with build type 'ament_cmake'
[0.211s] INFO:colcon.colcon_cmake.task.cmake.build:Building CMake package in '/home/remii/Projects/so-arm/src/feetech_ros2_driver'
[0.213s] INFO:colcon.colcon_core.plugin_system:Skipping extension 'colcon_core.shell.bat': Not used on non-Windows systems
[0.213s] INFO:colcon.colcon_core.shell:Skip shell extension 'powershell' for command environment: Not usable outside of PowerShell
[0.213s] DEBUG:colcon.colcon_core.shell:Skip shell extension 'dsv' for command environment
[0.216s] INFO:colcon.colcon_ros.task.ament_cmake.build:Building ROS package in '/home/remii/Projects/so-arm/src/ros2_so_arm100/so_arm_utils' with build type 'ament_cmake'
[0.216s] INFO:colcon.colcon_cmake.task.cmake.build:Building CMake package in '/home/remii/Projects/so-arm/src/ros2_so_arm100/so_arm_utils'
[0.217s] INFO:colcon.colcon_core.shell:Skip shell extension 'powershell' for command environment: Not usable outside of PowerShell
[0.217s] DEBUG:colcon.colcon_core.shell:Skip shell extension 'dsv' for command environment
[0.223s] DEBUG:colcon.colcon_core.event_handler.log_command:Invoking command in '/home/remii/Projects/so-arm/build/feetech_ros2_driver': CMAKE_PREFIX_PATH=${CMAKE_PREFIX_PATH}:/opt/ros/jazzy DEBUGINFOD_URLS=https://debuginfod.ubuntu.com /usr/bin/cmake --build /home/remii/Projects/so-arm/build/feetech_ros2_driver -- -j8 -l8
[0.226s] DEBUG:colcon.colcon_core.event_handler.log_command:Invoking command in '/home/remii/Projects/so-arm/build/so_arm_utils': CMAKE_PREFIX_PATH=${CMAKE_PREFIX_PATH}:/opt/ros/jazzy DEBUGINFOD_URLS=https://debuginfod.ubuntu.com /usr/bin/cmake --build /home/remii/Projects/so-arm/build/so_arm_utils -- -j8 -l8
[0.311s] DEBUG:colcon.colcon_core.event_handler.log_command:Invoked command in '/home/remii/Projects/so-arm/build/feetech_ros2_driver' returned '0': CMAKE_PREFIX_PATH=${CMAKE_PREFIX_PATH}:/opt/ros/jazzy DEBUGINFOD_URLS=https://debuginfod.ubuntu.com /usr/bin/cmake --build /home/remii/Projects/so-arm/build/feetech_ros2_driver -- -j8 -l8
[0.319s] DEBUG:colcon.colcon_core.event_handler.log_command:Invoking command in '/home/remii/Projects/so-arm/build/feetech_ros2_driver': CMAKE_PREFIX_PATH=${CMAKE_PREFIX_PATH}:/opt/ros/jazzy DEBUGINFOD_URLS=https://debuginfod.ubuntu.com /usr/bin/cmake --install /home/remii/Projects/so-arm/build/feetech_ros2_driver
[0.337s] Level 1:colcon.colcon_core.environment:create_environment_scripts_only(feetech_ros2_driver)
[0.337s] DEBUG:colcon.colcon_core.event_handler.log_command:Invoked command in '/home/remii/Projects/so-arm/build/feetech_ros2_driver' returned '0': CMAKE_PREFIX_PATH=${CMAKE_PREFIX_PATH}:/opt/ros/jazzy DEBUGINFOD_URLS=https://debuginfod.ubuntu.com /usr/bin/cmake --install /home/remii/Projects/so-arm/build/feetech_ros2_driver
[0.339s] Level 1:colcon.colcon_core.environment:checking '/home/remii/Projects/so-arm/install/feetech_ros2_driver' for CMake module files
[0.339s] Level 1:colcon.colcon_core.environment:checking '/home/remii/Projects/so-arm/install/feetech_ros2_driver' for CMake config files
[0.340s] Level 1:colcon.colcon_core.shell:create_environment_hook('feetech_ros2_driver', 'cmake_prefix_path')
[0.340s] INFO:colcon.colcon_core.shell:Creating environment hook '/home/remii/Projects/so-arm/install/feetech_ros2_driver/share/feetech_ros2_driver/hook/cmake_prefix_path.ps1'
[0.340s] INFO:colcon.colcon_core.shell:Creating environment descriptor '/home/remii/Projects/so-arm/install/feetech_ros2_driver/share/feetech_ros2_driver/hook/cmake_prefix_path.dsv'
[0.340s] INFO:colcon.colcon_core.shell:Creating environment hook '/home/remii/Projects/so-arm/install/feetech_ros2_driver/share/feetech_ros2_driver/hook/cmake_prefix_path.sh'
[0.341s] Level 1:colcon.colcon_core.environment:checking '/home/remii/Projects/so-arm/install/feetech_ros2_driver/lib'
[0.341s] Level 1:colcon.colcon_core.shell:create_environment_hook('feetech_ros2_driver', 'ld_library_path_lib')
[0.341s] INFO:colcon.colcon_core.shell:Creating environment hook '/home/remii/Projects/so-arm/install/feetech_ros2_driver/share/feetech_ros2_driver/hook/ld_library_path_lib.ps1'
[0.342s] INFO:colcon.colcon_core.shell:Creating environment descriptor '/home/remii/Projects/so-arm/install/feetech_ros2_driver/share/feetech_ros2_driver/hook/ld_library_path_lib.dsv'
[0.342s] INFO:colcon.colcon_core.shell:Creating environment hook '/home/remii/Projects/so-arm/install/feetech_ros2_driver/share/feetech_ros2_driver/hook/ld_library_path_lib.sh'
[0.342s] Level 1:colcon.colcon_core.environment:checking '/home/remii/Projects/so-arm/install/feetech_ros2_driver/bin'
[0.342s] Level 1:colcon.colcon_core.shell:create_environment_hook('feetech_ros2_driver', 'path')
[0.342s] INFO:colcon.colcon_core.shell:Creating environment hook '/home/remii/Projects/so-arm/install/feetech_ros2_driver/share/feetech_ros2_driver/hook/path.ps1'
[0.343s] INFO:colcon.colcon_core.shell:Creating environment descriptor '/home/remii/Projects/so-arm/install/feetech_ros2_driver/share/feetech_ros2_driver/hook/path.dsv'
[0.343s] INFO:colcon.colcon_core.shell:Creating environment hook '/home/remii/Projects/so-arm/install/feetech_ros2_driver/share/feetech_ros2_driver/hook/path.sh'
[0.343s] Level 1:colcon.colcon_core.environment:checking '/home/remii/Projects/so-arm/install/feetech_ros2_driver/lib/pkgconfig/feetech_ros2_driver.pc'
[0.343s] Level 1:colcon.colcon_core.environment:checking '/home/remii/Projects/so-arm/install/feetech_ros2_driver/lib/python3.12/site-packages'
[0.344s] Level 1:colcon.colcon_core.environment:checking '/home/remii/Projects/so-arm/install/feetech_ros2_driver/bin'
[0.344s] Level 1:colcon.colcon_core.shell:create_environment_hook('feetech_ros2_driver', 'pythonscriptspath')
[0.344s] INFO:colcon.colcon_core.shell:Creating environment hook '/home/remii/Projects/so-arm/install/feetech_ros2_driver/share/feetech_ros2_driver/hook/pythonscriptspath.ps1'
[0.344s] INFO:colcon.colcon_core.shell:Creating environment descriptor '/home/remii/Projects/so-arm/install/feetech_ros2_driver/share/feetech_ros2_driver/hook/pythonscriptspath.dsv'
[0.344s] INFO:colcon.colcon_core.shell:Creating environment hook '/home/remii/Projects/so-arm/install/feetech_ros2_driver/share/feetech_ros2_driver/hook/pythonscriptspath.sh'
[0.345s] INFO:colcon.colcon_core.shell:Creating package script '/home/remii/Projects/so-arm/install/feetech_ros2_driver/share/feetech_ros2_driver/package.ps1'
[0.346s] INFO:colcon.colcon_core.shell:Creating package descriptor '/home/remii/Projects/so-arm/install/feetech_ros2_driver/share/feetech_ros2_driver/package.dsv'
[0.346s] INFO:colcon.colcon_core.shell:Creating package script '/home/remii/Projects/so-arm/install/feetech_ros2_driver/share/feetech_ros2_driver/package.sh'
[0.347s] INFO:colcon.colcon_core.shell:Creating package script '/home/remii/Projects/so-arm/install/feetech_ros2_driver/share/feetech_ros2_driver/package.bash'
[0.347s] INFO:colcon.colcon_core.shell:Creating package script '/home/remii/Projects/so-arm/install/feetech_ros2_driver/share/feetech_ros2_driver/package.zsh'
[0.348s] Level 1:colcon.colcon_core.environment:create_file_with_runtime_dependencies(/home/remii/Projects/so-arm/install/feetech_ros2_driver/share/colcon-core/packages/feetech_ros2_driver)
[0.348s] Level 1:colcon.colcon_core.environment:create_environment_scripts_only(feetech_ros2_driver)
[0.348s] Level 1:colcon.colcon_core.environment:checking '/home/remii/Projects/so-arm/install/feetech_ros2_driver' for CMake module files
[0.349s] Level 1:colcon.colcon_core.environment:checking '/home/remii/Projects/so-arm/install/feetech_ros2_driver' for CMake config files
[0.349s] Level 1:colcon.colcon_core.shell:create_environment_hook('feetech_ros2_driver', 'cmake_prefix_path')
[0.349s] INFO:colcon.colcon_core.shell:Creating environment hook '/home/remii/Projects/so-arm/install/feetech_ros2_driver/share/feetech_ros2_driver/hook/cmake_prefix_path.ps1'
[0.349s] INFO:colcon.colcon_core.shell:Creating environment descriptor '/home/remii/Projects/so-arm/install/feetech_ros2_driver/share/feetech_ros2_driver/hook/cmake_prefix_path.dsv'
[0.349s] INFO:colcon.colcon_core.shell:Creating environment hook '/home/remii/Projects/so-arm/install/feetech_ros2_driver/share/feetech_ros2_driver/hook/cmake_prefix_path.sh'
[0.350s] Level 1:colcon.colcon_core.environment:checking '/home/remii/Projects/so-arm/install/feetech_ros2_driver/lib'
[0.350s] Level 1:colcon.colcon_core.shell:create_environment_hook('feetech_ros2_driver', 'ld_library_path_lib')
[0.350s] INFO:colcon.colcon_core.shell:Creating environment hook '/home/remii/Projects/so-arm/install/feetech_ros2_driver/share/feetech_ros2_driver/hook/ld_library_path_lib.ps1'
[0.350s] INFO:colcon.colcon_core.shell:Creating environment descriptor '/home/remii/Projects/so-arm/install/feetech_ros2_driver/share/feetech_ros2_driver/hook/ld_library_path_lib.dsv'
[0.350s] INFO:colcon.colcon_core.shell:Creating environment hook '/home/remii/Projects/so-arm/install/feetech_ros2_driver/share/feetech_ros2_driver/hook/ld_library_path_lib.sh'
[0.351s] Level 1:colcon.colcon_core.environment:checking '/home/remii/Projects/so-arm/install/feetech_ros2_driver/bin'
[0.351s] Level 1:colcon.colcon_core.shell:create_environment_hook('feetech_ros2_driver', 'path')
[0.351s] INFO:colcon.colcon_core.shell:Creating environment hook '/home/remii/Projects/so-arm/install/feetech_ros2_driver/share/feetech_ros2_driver/hook/path.ps1'
[0.351s] INFO:colcon.colcon_core.shell:Creating environment descriptor '/home/remii/Projects/so-arm/install/feetech_ros2_driver/share/feetech_ros2_driver/hook/path.dsv'
[0.351s] INFO:colcon.colcon_core.shell:Creating environment hook '/home/remii/Projects/so-arm/install/feetech_ros2_driver/share/feetech_ros2_driver/hook/path.sh'
[0.352s] Level 1:colcon.colcon_core.environment:checking '/home/remii/Projects/so-arm/install/feetech_ros2_driver/lib/pkgconfig/feetech_ros2_driver.pc'
[0.352s] Level 1:colcon.colcon_core.environment:checking '/home/remii/Projects/so-arm/install/feetech_ros2_driver/lib/python3.12/site-packages'
[0.352s] Level 1:colcon.colcon_core.environment:checking '/home/remii/Projects/so-arm/install/feetech_ros2_driver/bin'
[0.352s] Level 1:colcon.colcon_core.shell:create_environment_hook('feetech_ros2_driver', 'pythonscriptspath')
[0.352s] INFO:colcon.colcon_core.shell:Creating environment hook '/home/remii/Projects/so-arm/install/feetech_ros2_driver/share/feetech_ros2_driver/hook/pythonscriptspath.ps1'
[0.353s] INFO:colcon.colcon_core.shell:Creating environment descriptor '/home/remii/Projects/so-arm/install/feetech_ros2_driver/share/feetech_ros2_driver/hook/pythonscriptspath.dsv'
[0.353s] INFO:colcon.colcon_core.shell:Creating environment hook '/home/remii/Projects/so-arm/install/feetech_ros2_driver/share/feetech_ros2_driver/hook/pythonscriptspath.sh'
[0.353s] INFO:colcon.colcon_core.shell:Creating package script '/home/remii/Projects/so-arm/install/feetech_ros2_driver/share/feetech_ros2_driver/package.ps1'
[0.354s] INFO:colcon.colcon_core.shell:Creating package descriptor '/home/remii/Projects/so-arm/install/feetech_ros2_driver/share/feetech_ros2_driver/package.dsv'
[0.354s] INFO:colcon.colcon_core.shell:Creating package script '/home/remii/Projects/so-arm/install/feetech_ros2_driver/share/feetech_ros2_driver/package.sh'
[0.355s] INFO:colcon.colcon_core.shell:Creating package script '/home/remii/Projects/so-arm/install/feetech_ros2_driver/share/feetech_ros2_driver/package.bash'
[0.355s] INFO:colcon.colcon_core.shell:Creating package script '/home/remii/Projects/so-arm/install/feetech_ros2_driver/share/feetech_ros2_driver/package.zsh'
[0.355s] Level 1:colcon.colcon_core.environment:create_file_with_runtime_dependencies(/home/remii/Projects/so-arm/install/feetech_ros2_driver/share/colcon-core/packages/feetech_ros2_driver)
[0.697s] DEBUG:colcon.colcon_core.event_handler.log_command:Invoked command in '/home/remii/Projects/so-arm/build/so_arm_utils' returned '0': CMAKE_PREFIX_PATH=${CMAKE_PREFIX_PATH}:/opt/ros/jazzy DEBUGINFOD_URLS=https://debuginfod.ubuntu.com /usr/bin/cmake --build /home/remii/Projects/so-arm/build/so_arm_utils -- -j8 -l8
[0.698s] DEBUG:colcon.colcon_core.event_handler.log_command:Invoking command in '/home/remii/Projects/so-arm/build/so_arm_utils': CMAKE_PREFIX_PATH=${CMAKE_PREFIX_PATH}:/opt/ros/jazzy DEBUGINFOD_URLS=https://debuginfod.ubuntu.com /usr/bin/cmake --install /home/remii/Projects/so-arm/build/so_arm_utils
[0.744s] Level 1:colcon.colcon_core.environment:create_environment_scripts_only(so_arm_utils)
[0.744s] Level 1:colcon.colcon_core.environment:checking '/home/remii/Projects/so-arm/install/so_arm_utils' for CMake module files
[0.745s] DEBUG:colcon.colcon_core.event_handler.log_command:Invoked command in '/home/remii/Projects/so-arm/build/so_arm_utils' returned '0': CMAKE_PREFIX_PATH=${CMAKE_PREFIX_PATH}:/opt/ros/jazzy DEBUGINFOD_URLS=https://debuginfod.ubuntu.com /usr/bin/cmake --install /home/remii/Projects/so-arm/build/so_arm_utils
[0.745s] Level 1:colcon.colcon_core.environment:checking '/home/remii/Projects/so-arm/install/so_arm_utils' for CMake config files
[0.745s] Level 1:colcon.colcon_core.shell:create_environment_hook('so_arm_utils', 'cmake_prefix_path')
[0.745s] INFO:colcon.colcon_core.shell:Creating environment hook '/home/remii/Projects/so-arm/install/so_arm_utils/share/so_arm_utils/hook/cmake_prefix_path.ps1'
[0.746s] INFO:colcon.colcon_core.shell:Creating environment descriptor '/home/remii/Projects/so-arm/install/so_arm_utils/share/so_arm_utils/hook/cmake_prefix_path.dsv'
[0.746s] INFO:colcon.colcon_core.shell:Creating environment hook '/home/remii/Projects/so-arm/install/so_arm_utils/share/so_arm_utils/hook/cmake_prefix_path.sh'
[0.746s] Level 1:colcon.colcon_core.environment:checking '/home/remii/Projects/so-arm/install/so_arm_utils/lib'
[0.746s] Level 1:colcon.colcon_core.environment:checking '/home/remii/Projects/so-arm/install/so_arm_utils/bin'
[0.746s] Level 1:colcon.colcon_core.environment:checking '/home/remii/Projects/so-arm/install/so_arm_utils/lib/pkgconfig/so_arm_utils.pc'
[0.747s] Level 1:colcon.colcon_core.environment:checking '/home/remii/Projects/so-arm/install/so_arm_utils/lib/python3.12/site-packages'
[0.747s] Level 1:colcon.colcon_core.shell:create_environment_hook('so_arm_utils', 'pythonpath')
[0.747s] INFO:colcon.colcon_core.shell:Creating environment hook '/home/remii/Projects/so-arm/install/so_arm_utils/share/so_arm_utils/hook/pythonpath.ps1'
[0.747s] INFO:colcon.colcon_core.shell:Creating environment descriptor '/home/remii/Projects/so-arm/install/so_arm_utils/share/so_arm_utils/hook/pythonpath.dsv'
[0.747s] INFO:colcon.colcon_core.shell:Creating environment hook '/home/remii/Projects/so-arm/install/so_arm_utils/share/so_arm_utils/hook/pythonpath.sh'
[0.748s] Level 1:colcon.colcon_core.environment:checking '/home/remii/Projects/so-arm/install/so_arm_utils/bin'
[0.748s] INFO:colcon.colcon_core.shell:Creating package script '/home/remii/Projects/so-arm/install/so_arm_utils/share/so_arm_utils/package.ps1'
[0.749s] INFO:colcon.colcon_core.shell:Creating package descriptor '/home/remii/Projects/so-arm/install/so_arm_utils/share/so_arm_utils/package.dsv'
[0.749s] INFO:colcon.colcon_core.shell:Creating package script '/home/remii/Projects/so-arm/install/so_arm_utils/share/so_arm_utils/package.sh'
[0.749s] INFO:colcon.colcon_core.shell:Creating package script '/home/remii/Projects/so-arm/install/so_arm_utils/share/so_arm_utils/package.bash'
[0.749s] INFO:colcon.colcon_core.shell:Creating package script '/home/remii/Projects/so-arm/install/so_arm_utils/share/so_arm_utils/package.zsh'
[0.750s] Level 1:colcon.colcon_core.environment:create_file_with_runtime_dependencies(/home/remii/Projects/so-arm/install/so_arm_utils/share/colcon-core/packages/so_arm_utils)
[0.750s] Level 1:colcon.colcon_core.environment:create_environment_scripts_only(so_arm_utils)
[0.750s] Level 1:colcon.colcon_core.environment:checking '/home/remii/Projects/so-arm/install/so_arm_utils' for CMake module files
[0.750s] Level 1:colcon.colcon_core.environment:checking '/home/remii/Projects/so-arm/install/so_arm_utils' for CMake config files
[0.751s] Level 1:colcon.colcon_core.shell:create_environment_hook('so_arm_utils', 'cmake_prefix_path')
[0.751s] INFO:colcon.colcon_core.shell:Creating environment hook '/home/remii/Projects/so-arm/install/so_arm_utils/share/so_arm_utils/hook/cmake_prefix_path.ps1'
[0.751s] INFO:colcon.colcon_core.shell:Creating environment descriptor '/home/remii/Projects/so-arm/install/so_arm_utils/share/so_arm_utils/hook/cmake_prefix_path.dsv'
[0.751s] INFO:colcon.colcon_core.shell:Creating environment hook '/home/remii/Projects/so-arm/install/so_arm_utils/share/so_arm_utils/hook/cmake_prefix_path.sh'
[0.752s] Level 1:colcon.colcon_core.environment:checking '/home/remii/Projects/so-arm/install/so_arm_utils/lib'
[0.752s] Level 1:colcon.colcon_core.environment:checking '/home/remii/Projects/so-arm/install/so_arm_utils/bin'
[0.752s] Level 1:colcon.colcon_core.environment:checking '/home/remii/Projects/so-arm/install/so_arm_utils/lib/pkgconfig/so_arm_utils.pc'
[0.752s] Level 1:colcon.colcon_core.environment:checking '/home/remii/Projects/so-arm/install/so_arm_utils/lib/python3.12/site-packages'
[0.752s] Level 1:colcon.colcon_core.shell:create_environment_hook('so_arm_utils', 'pythonpath')
[0.752s] INFO:colcon.colcon_core.shell:Creating environment hook '/home/remii/Projects/so-arm/install/so_arm_utils/share/so_arm_utils/hook/pythonpath.ps1'
[0.753s] INFO:colcon.colcon_core.shell:Creating environment descriptor '/home/remii/Projects/so-arm/install/so_arm_utils/share/so_arm_utils/hook/pythonpath.dsv'
[0.753s] INFO:colcon.colcon_core.shell:Creating environment hook '/home/remii/Projects/so-arm/install/so_arm_utils/share/so_arm_utils/hook/pythonpath.sh'
[0.753s] Level 1:colcon.colcon_core.environment:checking '/home/remii/Projects/so-arm/install/so_arm_utils/bin'
[0.753s] INFO:colcon.colcon_core.shell:Creating package script '/home/remii/Projects/so-arm/install/so_arm_utils/share/so_arm_utils/package.ps1'
[0.754s] INFO:colcon.colcon_core.shell:Creating package descriptor '/home/remii/Projects/so-arm/install/so_arm_utils/share/so_arm_utils/package.dsv'
[0.754s] INFO:colcon.colcon_core.shell:Creating package script '/home/remii/Projects/so-arm/install/so_arm_utils/share/so_arm_utils/package.sh'
[0.755s] INFO:colcon.colcon_core.shell:Creating package script '/home/remii/Projects/so-arm/install/so_arm_utils/share/so_arm_utils/package.bash'
[0.755s] INFO:colcon.colcon_core.shell:Creating package script '/home/remii/Projects/so-arm/install/so_arm_utils/share/so_arm_utils/package.zsh'
[0.755s] Level 1:colcon.colcon_core.environment:create_file_with_runtime_dependencies(/home/remii/Projects/so-arm/install/so_arm_utils/share/colcon-core/packages/so_arm_utils)
[0.755s] INFO:colcon.colcon_ros.task.ament_cmake.build:Building ROS package in '/home/remii/Projects/so-arm/src/ros2_so_arm100/so_arm100_description' with build type 'ament_cmake'
[0.755s] INFO:colcon.colcon_cmake.task.cmake.build:Building CMake package in '/home/remii/Projects/so-arm/src/ros2_so_arm100/so_arm100_description'
[0.755s] INFO:colcon.colcon_core.shell:Skip shell extension 'powershell' for command environment: Not usable outside of PowerShell
[0.755s] DEBUG:colcon.colcon_core.shell:Skip shell extension 'dsv' for command environment
[0.759s] INFO:colcon.colcon_ros.task.ament_cmake.build:Building ROS package in '/home/remii/Projects/so-arm/src/ros2_so_arm100/so_arm101_description' with build type 'ament_cmake'
[0.759s] INFO:colcon.colcon_cmake.task.cmake.build:Building CMake package in '/home/remii/Projects/so-arm/src/ros2_so_arm100/so_arm101_description'
[0.759s] INFO:colcon.colcon_core.shell:Skip shell extension 'powershell' for command environment: Not usable outside of PowerShell
[0.759s] DEBUG:colcon.colcon_core.shell:Skip shell extension 'dsv' for command environment
[0.765s] DEBUG:colcon.colcon_core.event_handler.log_command:Invoking command in '/home/remii/Projects/so-arm/build/so_arm100_description': CMAKE_PREFIX_PATH=/home/remii/Projects/so-arm/install/so_arm_utils:/home/remii/Projects/so-arm/install/feetech_ros2_driver:/home/remii/Projects/so-arm/install/so_arm101_moveit_config:/home/remii/Projects/so-arm/install/so_arm_gz:/home/remii/Projects/so-arm/install/so_arm101_description:/home/remii/Projects/so-arm/install/so_arm100_moveit_config:/home/remii/Projects/so-arm/install/so_arm100_description:/opt/ros/jazzy/opt/gz_sim_vendor:/opt/ros/jazzy/opt/gz_sensors_vendor:/opt/ros/jazzy/opt/gz_physics_vendor:/opt/ros/jazzy/opt/sdformat_vendor:/opt/ros/jazzy/opt/gz_gui_vendor:/opt/ros/jazzy/opt/gz_transport_vendor:/opt/ros/jazzy/opt/gz_rendering_vendor:/opt/ros/jazzy/opt/gz_plugin_vendor:/opt/ros/jazzy/opt/gz_fuel_tools_vendor:/opt/ros/jazzy/opt/gz_msgs_vendor:/opt/ros/jazzy/opt/gz_common_vendor:/opt/ros/jazzy/opt/gz_math_vendor:/opt/ros/jazzy/opt/gz_utils_vendor:/opt/ros/jazzy/opt/gz_tools_vendor:/opt/ros/jazzy/opt/gz_ogre_next_vendor:/opt/ros/jazzy/opt/gz_dartsim_vendor:/opt/ros/jazzy/opt/gz_cmake_vendor:/opt/ros/jazzy DEBUGINFOD_URLS=https://debuginfod.ubuntu.com /usr/bin/cmake --build /home/remii/Projects/so-arm/build/so_arm100_description -- -j8 -l8
[0.768s] DEBUG:colcon.colcon_core.event_handler.log_command:Invoking command in '/home/remii/Projects/so-arm/build/so_arm101_description': CMAKE_PREFIX_PATH=/home/remii/Projects/so-arm/install/so_arm_utils:/home/remii/Projects/so-arm/install/feetech_ros2_driver:/home/remii/Projects/so-arm/install/so_arm101_moveit_config:/home/remii/Projects/so-arm/install/so_arm_gz:/home/remii/Projects/so-arm/install/so_arm101_description:/home/remii/Projects/so-arm/install/so_arm100_moveit_config:/home/remii/Projects/so-arm/install/so_arm100_description:/opt/ros/jazzy/opt/gz_sim_vendor:/opt/ros/jazzy/opt/gz_sensors_vendor:/opt/ros/jazzy/opt/gz_physics_vendor:/opt/ros/jazzy/opt/sdformat_vendor:/opt/ros/jazzy/opt/gz_gui_vendor:/opt/ros/jazzy/opt/gz_transport_vendor:/opt/ros/jazzy/opt/gz_rendering_vendor:/opt/ros/jazzy/opt/gz_plugin_vendor:/opt/ros/jazzy/opt/gz_fuel_tools_vendor:/opt/ros/jazzy/opt/gz_msgs_vendor:/opt/ros/jazzy/opt/gz_common_vendor:/opt/ros/jazzy/opt/gz_math_vendor:/opt/ros/jazzy/opt/gz_utils_vendor:/opt/ros/jazzy/opt/gz_tools_vendor:/opt/ros/jazzy/opt/gz_ogre_next_vendor:/opt/ros/jazzy/opt/gz_dartsim_vendor:/opt/ros/jazzy/opt/gz_cmake_vendor:/opt/ros/jazzy DEBUGINFOD_URLS=https://debuginfod.ubuntu.com /usr/bin/cmake --build /home/remii/Projects/so-arm/build/so_arm101_description -- -j8 -l8
[0.791s] DEBUG:colcon.colcon_core.event_handler.log_command:Invoked command in '/home/remii/Projects/so-arm/build/so_arm100_description' returned '0': CMAKE_PREFIX_PATH=/home/remii/Projects/so-arm/install/so_arm_utils:/home/remii/Projects/so-arm/install/feetech_ros2_driver:/home/remii/Projects/so-arm/install/so_arm101_moveit_config:/home/remii/Projects/so-arm/install/so_arm_gz:/home/remii/Projects/so-arm/install/so_arm101_description:/home/remii/Projects/so-arm/install/so_arm100_moveit_config:/home/remii/Projects/so-arm/install/so_arm100_description:/opt/ros/jazzy/opt/gz_sim_vendor:/opt/ros/jazzy/opt/gz_sensors_vendor:/opt/ros/jazzy/opt/gz_physics_vendor:/opt/ros/jazzy/opt/sdformat_vendor:/opt/ros/jazzy/opt/gz_gui_vendor:/opt/ros/jazzy/opt/gz_transport_vendor:/opt/ros/jazzy/opt/gz_rendering_vendor:/opt/ros/jazzy/opt/gz_plugin_vendor:/opt/ros/jazzy/opt/gz_fuel_tools_vendor:/opt/ros/jazzy/opt/gz_msgs_vendor:/opt/ros/jazzy/opt/gz_common_vendor:/opt/ros/jazzy/opt/gz_math_vendor:/opt/ros/jazzy/opt/gz_utils_vendor:/opt/ros/jazzy/opt/gz_tools_vendor:/opt/ros/jazzy/opt/gz_ogre_next_vendor:/opt/ros/jazzy/opt/gz_dartsim_vendor:/opt/ros/jazzy/opt/gz_cmake_vendor:/opt/ros/jazzy DEBUGINFOD_URLS=https://debuginfod.ubuntu.com /usr/bin/cmake --build /home/remii/Projects/so-arm/build/so_arm100_description -- -j8 -l8
[0.792s] DEBUG:colcon.colcon_core.event_handler.log_command:Invoking command in '/home/remii/Projects/so-arm/build/so_arm100_description': CMAKE_PREFIX_PATH=/home/remii/Projects/so-arm/install/so_arm_utils:/home/remii/Projects/so-arm/install/feetech_ros2_driver:/home/remii/Projects/so-arm/install/so_arm101_moveit_config:/home/remii/Projects/so-arm/install/so_arm_gz:/home/remii/Projects/so-arm/install/so_arm101_description:/home/remii/Projects/so-arm/install/so_arm100_moveit_config:/home/remii/Projects/so-arm/install/so_arm100_description:/opt/ros/jazzy/opt/gz_sim_vendor:/opt/ros/jazzy/opt/gz_sensors_vendor:/opt/ros/jazzy/opt/gz_physics_vendor:/opt/ros/jazzy/opt/sdformat_vendor:/opt/ros/jazzy/opt/gz_gui_vendor:/opt/ros/jazzy/opt/gz_transport_vendor:/opt/ros/jazzy/opt/gz_rendering_vendor:/opt/ros/jazzy/opt/gz_plugin_vendor:/opt/ros/jazzy/opt/gz_fuel_tools_vendor:/opt/ros/jazzy/opt/gz_msgs_vendor:/opt/ros/jazzy/opt/gz_common_vendor:/opt/ros/jazzy/opt/gz_math_vendor:/opt/ros/jazzy/opt/gz_utils_vendor:/opt/ros/jazzy/opt/gz_tools_vendor:/opt/ros/jazzy/opt/gz_ogre_next_vendor:/opt/ros/jazzy/opt/gz_dartsim_vendor:/opt/ros/jazzy/opt/gz_cmake_vendor:/opt/ros/jazzy DEBUGINFOD_URLS=https://debuginfod.ubuntu.com /usr/bin/cmake --install /home/remii/Projects/so-arm/build/so_arm100_description
[0.795s] DEBUG:colcon.colcon_core.event_handler.log_command:Invoked command in '/home/remii/Projects/so-arm/build/so_arm101_description' returned '0': CMAKE_PREFIX_PATH=/home/remii/Projects/so-arm/install/so_arm_utils:/home/remii/Projects/so-arm/install/feetech_ros2_driver:/home/remii/Projects/so-arm/install/so_arm101_moveit_config:/home/remii/Projects/so-arm/install/so_arm_gz:/home/remii/Projects/so-arm/install/so_arm101_description:/home/remii/Projects/so-arm/install/so_arm100_moveit_config:/home/remii/Projects/so-arm/install/so_arm100_description:/opt/ros/jazzy/opt/gz_sim_vendor:/opt/ros/jazzy/opt/gz_sensors_vendor:/opt/ros/jazzy/opt/gz_physics_vendor:/opt/ros/jazzy/opt/sdformat_vendor:/opt/ros/jazzy/opt/gz_gui_vendor:/opt/ros/jazzy/opt/gz_transport_vendor:/opt/ros/jazzy/opt/gz_rendering_vendor:/opt/ros/jazzy/opt/gz_plugin_vendor:/opt/ros/jazzy/opt/gz_fuel_tools_vendor:/opt/ros/jazzy/opt/gz_msgs_vendor:/opt/ros/jazzy/opt/gz_common_vendor:/opt/ros/jazzy/opt/gz_math_vendor:/opt/ros/jazzy/opt/gz_utils_vendor:/opt/ros/jazzy/opt/gz_tools_vendor:/opt/ros/jazzy/opt/gz_ogre_next_vendor:/opt/ros/jazzy/opt/gz_dartsim_vendor:/opt/ros/jazzy/opt/gz_cmake_vendor:/opt/ros/jazzy DEBUGINFOD_URLS=https://debuginfod.ubuntu.com /usr/bin/cmake --build /home/remii/Projects/so-arm/build/so_arm101_description -- -j8 -l8
[0.795s] DEBUG:colcon.colcon_core.event_handler.log_command:Invoking command in '/home/remii/Projects/so-arm/build/so_arm101_description': CMAKE_PREFIX_PATH=/home/remii/Projects/so-arm/install/so_arm_utils:/home/remii/Projects/so-arm/install/feetech_ros2_driver:/home/remii/Projects/so-arm/install/so_arm101_moveit_config:/home/remii/Projects/so-arm/install/so_arm_gz:/home/remii/Projects/so-arm/install/so_arm101_description:/home/remii/Projects/so-arm/install/so_arm100_moveit_config:/home/remii/Projects/so-arm/install/so_arm100_description:/opt/ros/jazzy/opt/gz_sim_vendor:/opt/ros/jazzy/opt/gz_sensors_vendor:/opt/ros/jazzy/opt/gz_physics_vendor:/opt/ros/jazzy/opt/sdformat_vendor:/opt/ros/jazzy/opt/gz_gui_vendor:/opt/ros/jazzy/opt/gz_transport_vendor:/opt/ros/jazzy/opt/gz_rendering_vendor:/opt/ros/jazzy/opt/gz_plugin_vendor:/opt/ros/jazzy/opt/gz_fuel_tools_vendor:/opt/ros/jazzy/opt/gz_msgs_vendor:/opt/ros/jazzy/opt/gz_common_vendor:/opt/ros/jazzy/opt/gz_math_vendor:/opt/ros/jazzy/opt/gz_utils_vendor:/opt/ros/jazzy/opt/gz_tools_vendor:/opt/ros/jazzy/opt/gz_ogre_next_vendor:/opt/ros/jazzy/opt/gz_dartsim_vendor:/opt/ros/jazzy/opt/gz_cmake_vendor:/opt/ros/jazzy DEBUGINFOD_URLS=https://debuginfod.ubuntu.com /usr/bin/cmake --install /home/remii/Projects/so-arm/build/so_arm101_description
[0.810s] Level 1:colcon.colcon_core.environment:create_environment_scripts_only(so_arm100_description)
[0.810s] Level 1:colcon.colcon_core.environment:checking '/home/remii/Projects/so-arm/install/so_arm100_description' for CMake module files
[0.810s] DEBUG:colcon.colcon_core.event_handler.log_command:Invoked command in '/home/remii/Projects/so-arm/build/so_arm100_description' returned '0': CMAKE_PREFIX_PATH=/home/remii/Projects/so-arm/install/so_arm_utils:/home/remii/Projects/so-arm/install/feetech_ros2_driver:/home/remii/Projects/so-arm/install/so_arm101_moveit_config:/home/remii/Projects/so-arm/install/so_arm_gz:/home/remii/Projects/so-arm/install/so_arm101_description:/home/remii/Projects/so-arm/install/so_arm100_moveit_config:/home/remii/Projects/so-arm/install/so_arm100_description:/opt/ros/jazzy/opt/gz_sim_vendor:/opt/ros/jazzy/opt/gz_sensors_vendor:/opt/ros/jazzy/opt/gz_physics_vendor:/opt/ros/jazzy/opt/sdformat_vendor:/opt/ros/jazzy/opt/gz_gui_vendor:/opt/ros/jazzy/opt/gz_transport_vendor:/opt/ros/jazzy/opt/gz_rendering_vendor:/opt/ros/jazzy/opt/gz_plugin_vendor:/opt/ros/jazzy/opt/gz_fuel_tools_vendor:/opt/ros/jazzy/opt/gz_msgs_vendor:/opt/ros/jazzy/opt/gz_common_vendor:/opt/ros/jazzy/opt/gz_math_vendor:/opt/ros/jazzy/opt/gz_utils_vendor:/opt/ros/jazzy/opt/gz_tools_vendor:/opt/ros/jazzy/opt/gz_ogre_next_vendor:/opt/ros/jazzy/opt/gz_dartsim_vendor:/opt/ros/jazzy/opt/gz_cmake_vendor:/opt/ros/jazzy DEBUGINFOD_URLS=https://debuginfod.ubuntu.com /usr/bin/cmake --install /home/remii/Projects/so-arm/build/so_arm100_description
[0.811s] Level 1:colcon.colcon_core.environment:checking '/home/remii/Projects/so-arm/install/so_arm100_description' for CMake config files
[0.811s] Level 1:colcon.colcon_core.shell:create_environment_hook('so_arm100_description', 'cmake_prefix_path')
[0.811s] INFO:colcon.colcon_core.shell:Creating environment hook '/home/remii/Projects/so-arm/install/so_arm100_description/share/so_arm100_description/hook/cmake_prefix_path.ps1'
[0.811s] INFO:colcon.colcon_core.shell:Creating environment descriptor '/home/remii/Projects/so-arm/install/so_arm100_description/share/so_arm100_description/hook/cmake_prefix_path.dsv'
[0.812s] INFO:colcon.colcon_core.shell:Creating environment hook '/home/remii/Projects/so-arm/install/so_arm100_description/share/so_arm100_description/hook/cmake_prefix_path.sh'
[0.812s] Level 1:colcon.colcon_core.environment:checking '/home/remii/Projects/so-arm/install/so_arm100_description/bin'
[0.812s] Level 1:colcon.colcon_core.environment:checking '/home/remii/Projects/so-arm/install/so_arm100_description/lib/pkgconfig/so_arm100_description.pc'
[0.813s] Level 1:colcon.colcon_core.environment:checking '/home/remii/Projects/so-arm/install/so_arm100_description/lib/python3.12/site-packages'
[0.813s] Level 1:colcon.colcon_core.environment:checking '/home/remii/Projects/so-arm/install/so_arm100_description/bin'
[0.813s] INFO:colcon.colcon_core.shell:Creating package script '/home/remii/Projects/so-arm/install/so_arm100_description/share/so_arm100_description/package.ps1'
[0.814s] INFO:colcon.colcon_core.shell:Creating package descriptor '/home/remii/Projects/so-arm/install/so_arm100_description/share/so_arm100_description/package.dsv'
[0.814s] INFO:colcon.colcon_core.shell:Creating package script '/home/remii/Projects/so-arm/install/so_arm100_description/share/so_arm100_description/package.sh'
[0.814s] INFO:colcon.colcon_core.shell:Creating package script '/home/remii/Projects/so-arm/install/so_arm100_description/share/so_arm100_description/package.bash'
[0.814s] INFO:colcon.colcon_core.shell:Creating package script '/home/remii/Projects/so-arm/install/so_arm100_description/share/so_arm100_description/package.zsh'
[0.815s] Level 1:colcon.colcon_core.environment:create_file_with_runtime_dependencies(/home/remii/Projects/so-arm/install/so_arm100_description/share/colcon-core/packages/so_arm100_description)
[0.815s] Level 1:colcon.colcon_core.environment:create_environment_scripts_only(so_arm100_description)
[0.815s] Level 1:colcon.colcon_core.environment:checking '/home/remii/Projects/so-arm/install/so_arm100_description' for CMake module files
[0.815s] Level 1:colcon.colcon_core.environment:checking '/home/remii/Projects/so-arm/install/so_arm100_description' for CMake config files
[0.816s] Level 1:colcon.colcon_core.shell:create_environment_hook('so_arm100_description', 'cmake_prefix_path')
[0.816s] INFO:colcon.colcon_core.shell:Creating environment hook '/home/remii/Projects/so-arm/install/so_arm100_description/share/so_arm100_description/hook/cmake_prefix_path.ps1'
[0.816s] INFO:colcon.colcon_core.shell:Creating environment descriptor '/home/remii/Projects/so-arm/install/so_arm100_description/share/so_arm100_description/hook/cmake_prefix_path.dsv'
[0.816s] INFO:colcon.colcon_core.shell:Creating environment hook '/home/remii/Projects/so-arm/install/so_arm100_description/share/so_arm100_description/hook/cmake_prefix_path.sh'
[0.817s] Level 1:colcon.colcon_core.environment:checking '/home/remii/Projects/so-arm/install/so_arm100_description/bin'
[0.817s] Level 1:colcon.colcon_core.environment:checking '/home/remii/Projects/so-arm/install/so_arm100_description/lib/pkgconfig/so_arm100_description.pc'
[0.817s] Level 1:colcon.colcon_core.environment:checking '/home/remii/Projects/so-arm/install/so_arm100_description/lib/python3.12/site-packages'
[0.817s] Level 1:colcon.colcon_core.environment:checking '/home/remii/Projects/so-arm/install/so_arm100_description/bin'
[0.817s] INFO:colcon.colcon_core.shell:Creating package script '/home/remii/Projects/so-arm/install/so_arm100_description/share/so_arm100_description/package.ps1'
[0.818s] INFO:colcon.colcon_core.shell:Creating package descriptor '/home/remii/Projects/so-arm/install/so_arm100_description/share/so_arm100_description/package.dsv'
[0.818s] INFO:colcon.colcon_core.shell:Creating package script '/home/remii/Projects/so-arm/install/so_arm100_description/share/so_arm100_description/package.sh'
[0.818s] INFO:colcon.colcon_core.shell:Creating package script '/home/remii/Projects/so-arm/install/so_arm100_description/share/so_arm100_description/package.bash'
[0.819s] INFO:colcon.colcon_core.shell:Creating package script '/home/remii/Projects/so-arm/install/so_arm100_description/share/so_arm100_description/package.zsh'
[0.819s] Level 1:colcon.colcon_core.environment:create_file_with_runtime_dependencies(/home/remii/Projects/so-arm/install/so_arm100_description/share/colcon-core/packages/so_arm100_description)
[0.819s] INFO:colcon.colcon_ros.task.ament_cmake.build:Building ROS package in '/home/remii/Projects/so-arm/src/ros2_so_arm100/so_arm100_moveit_config' with build type 'ament_cmake'
[0.819s] INFO:colcon.colcon_cmake.task.cmake.build:Building CMake package in '/home/remii/Projects/so-arm/src/ros2_so_arm100/so_arm100_moveit_config'
[0.819s] INFO:colcon.colcon_core.shell:Skip shell extension 'powershell' for command environment: Not usable outside of PowerShell
[0.820s] DEBUG:colcon.colcon_core.shell:Skip shell extension 'dsv' for command environment
[0.823s] Level 1:colcon.colcon_core.environment:create_environment_scripts_only(so_arm101_description)
[0.823s] Level 1:colcon.colcon_core.environment:checking '/home/remii/Projects/so-arm/install/so_arm101_description' for CMake module files
[0.824s] DEBUG:colcon.colcon_core.event_handler.log_command:Invoked command in '/home/remii/Projects/so-arm/build/so_arm101_description' returned '0': CMAKE_PREFIX_PATH=/home/remii/Projects/so-arm/install/so_arm_utils:/home/remii/Projects/so-arm/install/feetech_ros2_driver:/home/remii/Projects/so-arm/install/so_arm101_moveit_config:/home/remii/Projects/so-arm/install/so_arm_gz:/home/remii/Projects/so-arm/install/so_arm101_description:/home/remii/Projects/so-arm/install/so_arm100_moveit_config:/home/remii/Projects/so-arm/install/so_arm100_description:/opt/ros/jazzy/opt/gz_sim_vendor:/opt/ros/jazzy/opt/gz_sensors_vendor:/opt/ros/jazzy/opt/gz_physics_vendor:/opt/ros/jazzy/opt/sdformat_vendor:/opt/ros/jazzy/opt/gz_gui_vendor:/opt/ros/jazzy/opt/gz_transport_vendor:/opt/ros/jazzy/opt/gz_rendering_vendor:/opt/ros/jazzy/opt/gz_plugin_vendor:/opt/ros/jazzy/opt/gz_fuel_tools_vendor:/opt/ros/jazzy/opt/gz_msgs_vendor:/opt/ros/jazzy/opt/gz_common_vendor:/opt/ros/jazzy/opt/gz_math_vendor:/opt/ros/jazzy/opt/gz_utils_vendor:/opt/ros/jazzy/opt/gz_tools_vendor:/opt/ros/jazzy/opt/gz_ogre_next_vendor:/opt/ros/jazzy/opt/gz_dartsim_vendor:/opt/ros/jazzy/opt/gz_cmake_vendor:/opt/ros/jazzy DEBUGINFOD_URLS=https://debuginfod.ubuntu.com /usr/bin/cmake --install /home/remii/Projects/so-arm/build/so_arm101_description
[0.824s] Level 1:colcon.colcon_core.environment:checking '/home/remii/Projects/so-arm/install/so_arm101_description' for CMake config files
[0.824s] Level 1:colcon.colcon_core.shell:create_environment_hook('so_arm101_description', 'cmake_prefix_path')
[0.824s] INFO:colcon.colcon_core.shell:Creating environment hook '/home/remii/Projects/so-arm/install/so_arm101_description/share/so_arm101_description/hook/cmake_prefix_path.ps1'
[0.825s] INFO:colcon.colcon_core.shell:Creating environment descriptor '/home/remii/Projects/so-arm/install/so_arm101_description/share/so_arm101_description/hook/cmake_prefix_path.dsv'
[0.825s] INFO:colcon.colcon_core.shell:Creating environment hook '/home/remii/Projects/so-arm/install/so_arm101_description/share/so_arm101_description/hook/cmake_prefix_path.sh'
[0.825s] Level 1:colcon.colcon_core.environment:checking '/home/remii/Projects/so-arm/install/so_arm101_description/bin'
[0.825s] Level 1:colcon.colcon_core.environment:checking '/home/remii/Projects/so-arm/install/so_arm101_description/lib/pkgconfig/so_arm101_description.pc'
[0.825s] Level 1:colcon.colcon_core.environment:checking '/home/remii/Projects/so-arm/install/so_arm101_description/lib/python3.12/site-packages'
[0.826s] Level 1:colcon.colcon_core.environment:checking '/home/remii/Projects/so-arm/install/so_arm101_description/bin'
[0.826s] INFO:colcon.colcon_core.shell:Creating package script '/home/remii/Projects/so-arm/install/so_arm101_description/share/so_arm101_description/package.ps1'
[0.826s] INFO:colcon.colcon_core.shell:Creating package descriptor '/home/remii/Projects/so-arm/install/so_arm101_description/share/so_arm101_description/package.dsv'
[0.826s] INFO:colcon.colcon_core.shell:Creating package script '/home/remii/Projects/so-arm/install/so_arm101_description/share/so_arm101_description/package.sh'
[0.827s] INFO:colcon.colcon_core.shell:Creating package script '/home/remii/Projects/so-arm/install/so_arm101_description/share/so_arm101_description/package.bash'
[0.827s] INFO:colcon.colcon_core.shell:Creating package script '/home/remii/Projects/so-arm/install/so_arm101_description/share/so_arm101_description/package.zsh'
[0.827s] Level 1:colcon.colcon_core.environment:create_file_with_runtime_dependencies(/home/remii/Projects/so-arm/install/so_arm101_description/share/colcon-core/packages/so_arm101_description)
[0.828s] Level 1:colcon.colcon_core.environment:create_environment_scripts_only(so_arm101_description)
[0.828s] Level 1:colcon.colcon_core.environment:checking '/home/remii/Projects/so-arm/install/so_arm101_description' for CMake module files
[0.828s] Level 1:colcon.colcon_core.environment:checking '/home/remii/Projects/so-arm/install/so_arm101_description' for CMake config files
[0.828s] Level 1:colcon.colcon_core.shell:create_environment_hook('so_arm101_description', 'cmake_prefix_path')
[0.828s] INFO:colcon.colcon_core.shell:Creating environment hook '/home/remii/Projects/so-arm/install/so_arm101_description/share/so_arm101_description/hook/cmake_prefix_path.ps1'
[0.829s] INFO:colcon.colcon_core.shell:Creating environment descriptor '/home/remii/Projects/so-arm/install/so_arm101_description/share/so_arm101_description/hook/cmake_prefix_path.dsv'
[0.829s] INFO:colcon.colcon_core.shell:Creating environment hook '/home/remii/Projects/so-arm/install/so_arm101_description/share/so_arm101_description/hook/cmake_prefix_path.sh'
[0.829s] Level 1:colcon.colcon_core.environment:checking '/home/remii/Projects/so-arm/install/so_arm101_description/bin'
[0.829s] Level 1:colcon.colcon_core.environment:checking '/home/remii/Projects/so-arm/install/so_arm101_description/lib/pkgconfig/so_arm101_description.pc'
[0.830s] Level 1:colcon.colcon_core.environment:checking '/home/remii/Projects/so-arm/install/so_arm101_description/lib/python3.12/site-packages'
[0.830s] Level 1:colcon.colcon_core.environment:checking '/home/remii/Projects/so-arm/install/so_arm101_description/bin'
[0.830s] INFO:colcon.colcon_core.shell:Creating package script '/home/remii/Projects/so-arm/install/so_arm101_description/share/so_arm101_description/package.ps1'
[0.830s] INFO:colcon.colcon_core.shell:Creating package descriptor '/home/remii/Projects/so-arm/install/so_arm101_description/share/so_arm101_description/package.dsv'
[0.831s] INFO:colcon.colcon_core.shell:Creating package script '/home/remii/Projects/so-arm/install/so_arm101_description/share/so_arm101_description/package.sh'
[0.831s] INFO:colcon.colcon_core.shell:Creating package script '/home/remii/Projects/so-arm/install/so_arm101_description/share/so_arm101_description/package.bash'
[0.831s] INFO:colcon.colcon_core.shell:Creating package script '/home/remii/Projects/so-arm/install/so_arm101_description/share/so_arm101_description/package.zsh'
[0.832s] Level 1:colcon.colcon_core.environment:create_file_with_runtime_dependencies(/home/remii/Projects/so-arm/install/so_arm101_description/share/colcon-core/packages/so_arm101_description)
[0.832s] INFO:colcon.colcon_ros.task.ament_cmake.build:Building ROS package in '/home/remii/Projects/so-arm/src/ros2_so_arm100/so_arm101_moveit_config' with build type 'ament_cmake'
[0.832s] INFO:colcon.colcon_cmake.task.cmake.build:Building CMake package in '/home/remii/Projects/so-arm/src/ros2_so_arm100/so_arm101_moveit_config'
[0.832s] INFO:colcon.colcon_core.shell:Skip shell extension 'powershell' for command environment: Not usable outside of PowerShell
[0.832s] DEBUG:colcon.colcon_core.shell:Skip shell extension 'dsv' for command environment
[0.835s] INFO:colcon.colcon_ros.task.ament_cmake.build:Building ROS package in '/home/remii/Projects/so-arm/src/ros2_so_arm100/so_arm_gz' with build type 'ament_cmake'
[0.835s] INFO:colcon.colcon_cmake.task.cmake.build:Building CMake package in '/home/remii/Projects/so-arm/src/ros2_so_arm100/so_arm_gz'
[0.835s] INFO:colcon.colcon_core.shell:Skip shell extension 'powershell' for command environment: Not usable outside of PowerShell
[0.836s] DEBUG:colcon.colcon_core.shell:Skip shell extension 'dsv' for command environment
[0.841s] DEBUG:colcon.colcon_core.event_handler.log_command:Invoking command in '/home/remii/Projects/so-arm/build/so_arm100_moveit_config': CMAKE_PREFIX_PATH=/home/remii/Projects/so-arm/install/so_arm100_description:/home/remii/Projects/so-arm/install/so_arm_utils:/home/remii/Projects/so-arm/install/feetech_ros2_driver:/home/remii/Projects/so-arm/install/so_arm101_moveit_config:/home/remii/Projects/so-arm/install/so_arm_gz:/home/remii/Projects/so-arm/install/so_arm101_description:/home/remii/Projects/so-arm/install/so_arm100_moveit_config:/opt/ros/jazzy/opt/gz_sim_vendor:/opt/ros/jazzy/opt/gz_sensors_vendor:/opt/ros/jazzy/opt/gz_physics_vendor:/opt/ros/jazzy/opt/sdformat_vendor:/opt/ros/jazzy/opt/gz_gui_vendor:/opt/ros/jazzy/opt/gz_transport_vendor:/opt/ros/jazzy/opt/gz_rendering_vendor:/opt/ros/jazzy/opt/gz_plugin_vendor:/opt/ros/jazzy/opt/gz_fuel_tools_vendor:/opt/ros/jazzy/opt/gz_msgs_vendor:/opt/ros/jazzy/opt/gz_common_vendor:/opt/ros/jazzy/opt/gz_math_vendor:/opt/ros/jazzy/opt/gz_utils_vendor:/opt/ros/jazzy/opt/gz_tools_vendor:/opt/ros/jazzy/opt/gz_ogre_next_vendor:/opt/ros/jazzy/opt/gz_dartsim_vendor:/opt/ros/jazzy/opt/gz_cmake_vendor:/opt/ros/jazzy DEBUGINFOD_URLS=https://debuginfod.ubuntu.com /usr/bin/cmake --build /home/remii/Projects/so-arm/build/so_arm100_moveit_config -- -j8 -l8
[0.842s] DEBUG:colcon.colcon_core.event_handler.log_command:Invoking command in '/home/remii/Projects/so-arm/build/so_arm101_moveit_config': CMAKE_PREFIX_PATH=/home/remii/Projects/so-arm/install/so_arm101_description:/home/remii/Projects/so-arm/install/so_arm_utils:/home/remii/Projects/so-arm/install/feetech_ros2_driver:/home/remii/Projects/so-arm/install/so_arm101_moveit_config:/home/remii/Projects/so-arm/install/so_arm_gz:/home/remii/Projects/so-arm/install/so_arm100_moveit_config:/home/remii/Projects/so-arm/install/so_arm100_description:/opt/ros/jazzy/opt/gz_sim_vendor:/opt/ros/jazzy/opt/gz_sensors_vendor:/opt/ros/jazzy/opt/gz_physics_vendor:/opt/ros/jazzy/opt/sdformat_vendor:/opt/ros/jazzy/opt/gz_gui_vendor:/opt/ros/jazzy/opt/gz_transport_vendor:/opt/ros/jazzy/opt/gz_rendering_vendor:/opt/ros/jazzy/opt/gz_plugin_vendor:/opt/ros/jazzy/opt/gz_fuel_tools_vendor:/opt/ros/jazzy/opt/gz_msgs_vendor:/opt/ros/jazzy/opt/gz_common_vendor:/opt/ros/jazzy/opt/gz_math_vendor:/opt/ros/jazzy/opt/gz_utils_vendor:/opt/ros/jazzy/opt/gz_tools_vendor:/opt/ros/jazzy/opt/gz_ogre_next_vendor:/opt/ros/jazzy/opt/gz_dartsim_vendor:/opt/ros/jazzy/opt/gz_cmake_vendor:/opt/ros/jazzy DEBUGINFOD_URLS=https://debuginfod.ubuntu.com /usr/bin/cmake --build /home/remii/Projects/so-arm/build/so_arm101_moveit_config -- -j8 -l8
[0.845s] DEBUG:colcon.colcon_core.event_handler.log_command:Invoking command in '/home/remii/Projects/so-arm/build/so_arm_gz': CMAKE_PREFIX_PATH=/home/remii/Projects/so-arm/install/so_arm101_description:/home/remii/Projects/so-arm/install/so_arm100_description:/home/remii/Projects/so-arm/install/so_arm_utils:/home/remii/Projects/so-arm/install/feetech_ros2_driver:/home/remii/Projects/so-arm/install/so_arm101_moveit_config:/home/remii/Projects/so-arm/install/so_arm_gz:/home/remii/Projects/so-arm/install/so_arm100_moveit_config:/opt/ros/jazzy/opt/gz_sim_vendor:/opt/ros/jazzy/opt/gz_sensors_vendor:/opt/ros/jazzy/opt/gz_physics_vendor:/opt/ros/jazzy/opt/sdformat_vendor:/opt/ros/jazzy/opt/gz_gui_vendor:/opt/ros/jazzy/opt/gz_transport_vendor:/opt/ros/jazzy/opt/gz_rendering_vendor:/opt/ros/jazzy/opt/gz_plugin_vendor:/opt/ros/jazzy/opt/gz_fuel_tools_vendor:/opt/ros/jazzy/opt/gz_msgs_vendor:/opt/ros/jazzy/opt/gz_common_vendor:/opt/ros/jazzy/opt/gz_math_vendor:/opt/ros/jazzy/opt/gz_utils_vendor:/opt/ros/jazzy/opt/gz_tools_vendor:/opt/ros/jazzy/opt/gz_ogre_next_vendor:/opt/ros/jazzy/opt/gz_dartsim_vendor:/opt/ros/jazzy/opt/gz_cmake_vendor:/opt/ros/jazzy DEBUGINFOD_URLS=https://debuginfod.ubuntu.com /usr/bin/cmake --build /home/remii/Projects/so-arm/build/so_arm_gz -- -j8 -l8
[0.867s] DEBUG:colcon.colcon_core.event_handler.log_command:Invoked command in '/home/remii/Projects/so-arm/build/so_arm100_moveit_config' returned '0': CMAKE_PREFIX_PATH=/home/remii/Projects/so-arm/install/so_arm100_description:/home/remii/Projects/so-arm/install/so_arm_utils:/home/remii/Projects/so-arm/install/feetech_ros2_driver:/home/remii/Projects/so-arm/install/so_arm101_moveit_config:/home/remii/Projects/so-arm/install/so_arm_gz:/home/remii/Projects/so-arm/install/so_arm101_description:/home/remii/Projects/so-arm/install/so_arm100_moveit_config:/opt/ros/jazzy/opt/gz_sim_vendor:/opt/ros/jazzy/opt/gz_sensors_vendor:/opt/ros/jazzy/opt/gz_physics_vendor:/opt/ros/jazzy/opt/sdformat_vendor:/opt/ros/jazzy/opt/gz_gui_vendor:/opt/ros/jazzy/opt/gz_transport_vendor:/opt/ros/jazzy/opt/gz_rendering_vendor:/opt/ros/jazzy/opt/gz_plugin_vendor:/opt/ros/jazzy/opt/gz_fuel_tools_vendor:/opt/ros/jazzy/opt/gz_msgs_vendor:/opt/ros/jazzy/opt/gz_common_vendor:/opt/ros/jazzy/opt/gz_math_vendor:/opt/ros/jazzy/opt/gz_utils_vendor:/opt/ros/jazzy/opt/gz_tools_vendor:/opt/ros/jazzy/opt/gz_ogre_next_vendor:/opt/ros/jazzy/opt/gz_dartsim_vendor:/opt/ros/jazzy/opt/gz_cmake_vendor:/opt/ros/jazzy DEBUGINFOD_URLS=https://debuginfod.ubuntu.com /usr/bin/cmake --build /home/remii/Projects/so-arm/build/so_arm100_moveit_config -- -j8 -l8
[0.867s] DEBUG:colcon.colcon_core.event_handler.log_command:Invoking command in '/home/remii/Projects/so-arm/build/so_arm100_moveit_config': CMAKE_PREFIX_PATH=/home/remii/Projects/so-arm/install/so_arm100_description:/home/remii/Projects/so-arm/install/so_arm_utils:/home/remii/Projects/so-arm/install/feetech_ros2_driver:/home/remii/Projects/so-arm/install/so_arm101_moveit_config:/home/remii/Projects/so-arm/install/so_arm_gz:/home/remii/Projects/so-arm/install/so_arm101_description:/home/remii/Projects/so-arm/install/so_arm100_moveit_config:/opt/ros/jazzy/opt/gz_sim_vendor:/opt/ros/jazzy/opt/gz_sensors_vendor:/opt/ros/jazzy/opt/gz_physics_vendor:/opt/ros/jazzy/opt/sdformat_vendor:/opt/ros/jazzy/opt/gz_gui_vendor:/opt/ros/jazzy/opt/gz_transport_vendor:/opt/ros/jazzy/opt/gz_rendering_vendor:/opt/ros/jazzy/opt/gz_plugin_vendor:/opt/ros/jazzy/opt/gz_fuel_tools_vendor:/opt/ros/jazzy/opt/gz_msgs_vendor:/opt/ros/jazzy/opt/gz_common_vendor:/opt/ros/jazzy/opt/gz_math_vendor:/opt/ros/jazzy/opt/gz_utils_vendor:/opt/ros/jazzy/opt/gz_tools_vendor:/opt/ros/jazzy/opt/gz_ogre_next_vendor:/opt/ros/jazzy/opt/gz_dartsim_vendor:/opt/ros/jazzy/opt/gz_cmake_vendor:/opt/ros/jazzy DEBUGINFOD_URLS=https://debuginfod.ubuntu.com /usr/bin/cmake --install /home/remii/Projects/so-arm/build/so_arm100_moveit_config
[0.868s] DEBUG:colcon.colcon_core.event_handler.log_command:Invoked command in '/home/remii/Projects/so-arm/build/so_arm101_moveit_config' returned '0': CMAKE_PREFIX_PATH=/home/remii/Projects/so-arm/install/so_arm101_description:/home/remii/Projects/so-arm/install/so_arm_utils:/home/remii/Projects/so-arm/install/feetech_ros2_driver:/home/remii/Projects/so-arm/install/so_arm101_moveit_config:/home/remii/Projects/so-arm/install/so_arm_gz:/home/remii/Projects/so-arm/install/so_arm100_moveit_config:/home/remii/Projects/so-arm/install/so_arm100_description:/opt/ros/jazzy/opt/gz_sim_vendor:/opt/ros/jazzy/opt/gz_sensors_vendor:/opt/ros/jazzy/opt/gz_physics_vendor:/opt/ros/jazzy/opt/sdformat_vendor:/opt/ros/jazzy/opt/gz_gui_vendor:/opt/ros/jazzy/opt/gz_transport_vendor:/opt/ros/jazzy/opt/gz_rendering_vendor:/opt/ros/jazzy/opt/gz_plugin_vendor:/opt/ros/jazzy/opt/gz_fuel_tools_vendor:/opt/ros/jazzy/opt/gz_msgs_vendor:/opt/ros/jazzy/opt/gz_common_vendor:/opt/ros/jazzy/opt/gz_math_vendor:/opt/ros/jazzy/opt/gz_utils_vendor:/opt/ros/jazzy/opt/gz_tools_vendor:/opt/ros/jazzy/opt/gz_ogre_next_vendor:/opt/ros/jazzy/opt/gz_dartsim_vendor:/opt/ros/jazzy/opt/gz_cmake_vendor:/opt/ros/jazzy DEBUGINFOD_URLS=https://debuginfod.ubuntu.com /usr/bin/cmake --build /home/remii/Projects/so-arm/build/so_arm101_moveit_config -- -j8 -l8
[0.869s] DEBUG:colcon.colcon_core.event_handler.log_command:Invoking command in '/home/remii/Projects/so-arm/build/so_arm101_moveit_config': CMAKE_PREFIX_PATH=/home/remii/Projects/so-arm/install/so_arm101_description:/home/remii/Projects/so-arm/install/so_arm_utils:/home/remii/Projects/so-arm/install/feetech_ros2_driver:/home/remii/Projects/so-arm/install/so_arm101_moveit_config:/home/remii/Projects/so-arm/install/so_arm_gz:/home/remii/Projects/so-arm/install/so_arm100_moveit_config:/home/remii/Projects/so-arm/install/so_arm100_description:/opt/ros/jazzy/opt/gz_sim_vendor:/opt/ros/jazzy/opt/gz_sensors_vendor:/opt/ros/jazzy/opt/gz_physics_vendor:/opt/ros/jazzy/opt/sdformat_vendor:/opt/ros/jazzy/opt/gz_gui_vendor:/opt/ros/jazzy/opt/gz_transport_vendor:/opt/ros/jazzy/opt/gz_rendering_vendor:/opt/ros/jazzy/opt/gz_plugin_vendor:/opt/ros/jazzy/opt/gz_fuel_tools_vendor:/opt/ros/jazzy/opt/gz_msgs_vendor:/opt/ros/jazzy/opt/gz_common_vendor:/opt/ros/jazzy/opt/gz_math_vendor:/opt/ros/jazzy/opt/gz_utils_vendor:/opt/ros/jazzy/opt/gz_tools_vendor:/opt/ros/jazzy/opt/gz_ogre_next_vendor:/opt/ros/jazzy/opt/gz_dartsim_vendor:/opt/ros/jazzy/opt/gz_cmake_vendor:/opt/ros/jazzy DEBUGINFOD_URLS=https://debuginfod.ubuntu.com /usr/bin/cmake --install /home/remii/Projects/so-arm/build/so_arm101_moveit_config
[0.870s] DEBUG:colcon.colcon_core.event_handler.log_command:Invoked command in '/home/remii/Projects/so-arm/build/so_arm_gz' returned '0': CMAKE_PREFIX_PATH=/home/remii/Projects/so-arm/install/so_arm101_description:/home/remii/Projects/so-arm/install/so_arm100_description:/home/remii/Projects/so-arm/install/so_arm_utils:/home/remii/Projects/so-arm/install/feetech_ros2_driver:/home/remii/Projects/so-arm/install/so_arm101_moveit_config:/home/remii/Projects/so-arm/install/so_arm_gz:/home/remii/Projects/so-arm/install/so_arm100_moveit_config:/opt/ros/jazzy/opt/gz_sim_vendor:/opt/ros/jazzy/opt/gz_sensors_vendor:/opt/ros/jazzy/opt/gz_physics_vendor:/opt/ros/jazzy/opt/sdformat_vendor:/opt/ros/jazzy/opt/gz_gui_vendor:/opt/ros/jazzy/opt/gz_transport_vendor:/opt/ros/jazzy/opt/gz_rendering_vendor:/opt/ros/jazzy/opt/gz_plugin_vendor:/opt/ros/jazzy/opt/gz_fuel_tools_vendor:/opt/ros/jazzy/opt/gz_msgs_vendor:/opt/ros/jazzy/opt/gz_common_vendor:/opt/ros/jazzy/opt/gz_math_vendor:/opt/ros/jazzy/opt/gz_utils_vendor:/opt/ros/jazzy/opt/gz_tools_vendor:/opt/ros/jazzy/opt/gz_ogre_next_vendor:/opt/ros/jazzy/opt/gz_dartsim_vendor:/opt/ros/jazzy/opt/gz_cmake_vendor:/opt/ros/jazzy DEBUGINFOD_URLS=https://debuginfod.ubuntu.com /usr/bin/cmake --build /home/remii/Projects/so-arm/build/so_arm_gz -- -j8 -l8
[0.871s] DEBUG:colcon.colcon_core.event_handler.log_command:Invoking command in '/home/remii/Projects/so-arm/build/so_arm_gz': CMAKE_PREFIX_PATH=/home/remii/Projects/so-arm/install/so_arm101_description:/home/remii/Projects/so-arm/install/so_arm100_description:/home/remii/Projects/so-arm/install/so_arm_utils:/home/remii/Projects/so-arm/install/feetech_ros2_driver:/home/remii/Projects/so-arm/install/so_arm101_moveit_config:/home/remii/Projects/so-arm/install/so_arm_gz:/home/remii/Projects/so-arm/install/so_arm100_moveit_config:/opt/ros/jazzy/opt/gz_sim_vendor:/opt/ros/jazzy/opt/gz_sensors_vendor:/opt/ros/jazzy/opt/gz_physics_vendor:/opt/ros/jazzy/opt/sdformat_vendor:/opt/ros/jazzy/opt/gz_gui_vendor:/opt/ros/jazzy/opt/gz_transport_vendor:/opt/ros/jazzy/opt/gz_rendering_vendor:/opt/ros/jazzy/opt/gz_plugin_vendor:/opt/ros/jazzy/opt/gz_fuel_tools_vendor:/opt/ros/jazzy/opt/gz_msgs_vendor:/opt/ros/jazzy/opt/gz_common_vendor:/opt/ros/jazzy/opt/gz_math_vendor:/opt/ros/jazzy/opt/gz_utils_vendor:/opt/ros/jazzy/opt/gz_tools_vendor:/opt/ros/jazzy/opt/gz_ogre_next_vendor:/opt/ros/jazzy/opt/gz_dartsim_vendor:/opt/ros/jazzy/opt/gz_cmake_vendor:/opt/ros/jazzy DEBUGINFOD_URLS=https://debuginfod.ubuntu.com /usr/bin/cmake --install /home/remii/Projects/so-arm/build/so_arm_gz
[0.884s] Level 1:colcon.colcon_core.environment:create_environment_scripts_only(so_arm100_moveit_config)
[0.884s] Level 1:colcon.colcon_core.environment:checking '/home/remii/Projects/so-arm/install/so_arm100_moveit_config' for CMake module files
[0.885s] DEBUG:colcon.colcon_core.event_handler.log_command:Invoked command in '/home/remii/Projects/so-arm/build/so_arm100_moveit_config' returned '0': CMAKE_PREFIX_PATH=/home/remii/Projects/so-arm/install/so_arm100_description:/home/remii/Projects/so-arm/install/so_arm_utils:/home/remii/Projects/so-arm/install/feetech_ros2_driver:/home/remii/Projects/so-arm/install/so_arm101_moveit_config:/home/remii/Projects/so-arm/install/so_arm_gz:/home/remii/Projects/so-arm/install/so_arm101_description:/home/remii/Projects/so-arm/install/so_arm100_moveit_config:/opt/ros/jazzy/opt/gz_sim_vendor:/opt/ros/jazzy/opt/gz_sensors_vendor:/opt/ros/jazzy/opt/gz_physics_vendor:/opt/ros/jazzy/opt/sdformat_vendor:/opt/ros/jazzy/opt/gz_gui_vendor:/opt/ros/jazzy/opt/gz_transport_vendor:/opt/ros/jazzy/opt/gz_rendering_vendor:/opt/ros/jazzy/opt/gz_plugin_vendor:/opt/ros/jazzy/opt/gz_fuel_tools_vendor:/opt/ros/jazzy/opt/gz_msgs_vendor:/opt/ros/jazzy/opt/gz_common_vendor:/opt/ros/jazzy/opt/gz_math_vendor:/opt/ros/jazzy/opt/gz_utils_vendor:/opt/ros/jazzy/opt/gz_tools_vendor:/opt/ros/jazzy/opt/gz_ogre_next_vendor:/opt/ros/jazzy/opt/gz_dartsim_vendor:/opt/ros/jazzy/opt/gz_cmake_vendor:/opt/ros/jazzy DEBUGINFOD_URLS=https://debuginfod.ubuntu.com /usr/bin/cmake --install /home/remii/Projects/so-arm/build/so_arm100_moveit_config
[0.885s] Level 1:colcon.colcon_core.environment:checking '/home/remii/Projects/so-arm/install/so_arm100_moveit_config' for CMake config files
[0.885s] Level 1:colcon.colcon_core.shell:create_environment_hook('so_arm100_moveit_config', 'cmake_prefix_path')
[0.885s] INFO:colcon.colcon_core.shell:Creating environment hook '/home/remii/Projects/so-arm/install/so_arm100_moveit_config/share/so_arm100_moveit_config/hook/cmake_prefix_path.ps1'
[0.886s] INFO:colcon.colcon_core.shell:Creating environment descriptor '/home/remii/Projects/so-arm/install/so_arm100_moveit_config/share/so_arm100_moveit_config/hook/cmake_prefix_path.dsv'
[0.886s] INFO:colcon.colcon_core.shell:Creating environment hook '/home/remii/Projects/so-arm/install/so_arm100_moveit_config/share/so_arm100_moveit_config/hook/cmake_prefix_path.sh'
[0.886s] Level 1:colcon.colcon_core.environment:checking '/home/remii/Projects/so-arm/install/so_arm100_moveit_config/bin'
[0.886s] Level 1:colcon.colcon_core.environment:checking '/home/remii/Projects/so-arm/install/so_arm100_moveit_config/lib/pkgconfig/so_arm100_moveit_config.pc'
[0.887s] Level 1:colcon.colcon_core.environment:checking '/home/remii/Projects/so-arm/install/so_arm100_moveit_config/lib/python3.12/site-packages'
[0.887s] Level 1:colcon.colcon_core.environment:checking '/home/remii/Projects/so-arm/install/so_arm100_moveit_config/bin'
[0.887s] INFO:colcon.colcon_core.shell:Creating package script '/home/remii/Projects/so-arm/install/so_arm100_moveit_config/share/so_arm100_moveit_config/package.ps1'
[0.887s] INFO:colcon.colcon_core.shell:Creating package descriptor '/home/remii/Projects/so-arm/install/so_arm100_moveit_config/share/so_arm100_moveit_config/package.dsv'
[0.888s] INFO:colcon.colcon_core.shell:Creating package script '/home/remii/Projects/so-arm/install/so_arm100_moveit_config/share/so_arm100_moveit_config/package.sh'
[0.888s] INFO:colcon.colcon_core.shell:Creating package script '/home/remii/Projects/so-arm/install/so_arm100_moveit_config/share/so_arm100_moveit_config/package.bash'
[0.888s] INFO:colcon.colcon_core.shell:Creating package script '/home/remii/Projects/so-arm/install/so_arm100_moveit_config/share/so_arm100_moveit_config/package.zsh'
[0.889s] Level 1:colcon.colcon_core.environment:create_file_with_runtime_dependencies(/home/remii/Projects/so-arm/install/so_arm100_moveit_config/share/colcon-core/packages/so_arm100_moveit_config)
[0.889s] Level 1:colcon.colcon_core.environment:create_environment_scripts_only(so_arm100_moveit_config)
[0.889s] Level 1:colcon.colcon_core.environment:checking '/home/remii/Projects/so-arm/install/so_arm100_moveit_config' for CMake module files
[0.889s] Level 1:colcon.colcon_core.environment:checking '/home/remii/Projects/so-arm/install/so_arm100_moveit_config' for CMake config files
[0.890s] Level 1:colcon.colcon_core.shell:create_environment_hook('so_arm100_moveit_config', 'cmake_prefix_path')
[0.890s] INFO:colcon.colcon_core.shell:Creating environment hook '/home/remii/Projects/so-arm/install/so_arm100_moveit_config/share/so_arm100_moveit_config/hook/cmake_prefix_path.ps1'
[0.890s] INFO:colcon.colcon_core.shell:Creating environment descriptor '/home/remii/Projects/so-arm/install/so_arm100_moveit_config/share/so_arm100_moveit_config/hook/cmake_prefix_path.dsv'
[0.890s] INFO:colcon.colcon_core.shell:Creating environment hook '/home/remii/Projects/so-arm/install/so_arm100_moveit_config/share/so_arm100_moveit_config/hook/cmake_prefix_path.sh'
[0.891s] Level 1:colcon.colcon_core.environment:checking '/home/remii/Projects/so-arm/install/so_arm100_moveit_config/bin'
[0.891s] Level 1:colcon.colcon_core.environment:checking '/home/remii/Projects/so-arm/install/so_arm100_moveit_config/lib/pkgconfig/so_arm100_moveit_config.pc'
[0.891s] Level 1:colcon.colcon_core.environment:checking '/home/remii/Projects/so-arm/install/so_arm100_moveit_config/lib/python3.12/site-packages'
[0.891s] Level 1:colcon.colcon_core.environment:checking '/home/remii/Projects/so-arm/install/so_arm100_moveit_config/bin'
[0.891s] INFO:colcon.colcon_core.shell:Creating package script '/home/remii/Projects/so-arm/install/so_arm100_moveit_config/share/so_arm100_moveit_config/package.ps1'
[0.892s] INFO:colcon.colcon_core.shell:Creating package descriptor '/home/remii/Projects/so-arm/install/so_arm100_moveit_config/share/so_arm100_moveit_config/package.dsv'
[0.892s] INFO:colcon.colcon_core.shell:Creating package script '/home/remii/Projects/so-arm/install/so_arm100_moveit_config/share/so_arm100_moveit_config/package.sh'
[0.892s] INFO:colcon.colcon_core.shell:Creating package script '/home/remii/Projects/so-arm/install/so_arm100_moveit_config/share/so_arm100_moveit_config/package.bash'
[0.893s] INFO:colcon.colcon_core.shell:Creating package script '/home/remii/Projects/so-arm/install/so_arm100_moveit_config/share/so_arm100_moveit_config/package.zsh'
[0.893s] Level 1:colcon.colcon_core.environment:create_file_with_runtime_dependencies(/home/remii/Projects/so-arm/install/so_arm100_moveit_config/share/colcon-core/packages/so_arm100_moveit_config)
[0.894s] Level 1:colcon.colcon_core.environment:create_environment_scripts_only(so_arm101_moveit_config)
[0.894s] Level 1:colcon.colcon_core.environment:checking '/home/remii/Projects/so-arm/install/so_arm101_moveit_config' for CMake module files
[0.894s] DEBUG:colcon.colcon_core.event_handler.log_command:Invoked command in '/home/remii/Projects/so-arm/build/so_arm101_moveit_config' returned '0': CMAKE_PREFIX_PATH=/home/remii/Projects/so-arm/install/so_arm101_description:/home/remii/Projects/so-arm/install/so_arm_utils:/home/remii/Projects/so-arm/install/feetech_ros2_driver:/home/remii/Projects/so-arm/install/so_arm101_moveit_config:/home/remii/Projects/so-arm/install/so_arm_gz:/home/remii/Projects/so-arm/install/so_arm100_moveit_config:/home/remii/Projects/so-arm/install/so_arm100_description:/opt/ros/jazzy/opt/gz_sim_vendor:/opt/ros/jazzy/opt/gz_sensors_vendor:/opt/ros/jazzy/opt/gz_physics_vendor:/opt/ros/jazzy/opt/sdformat_vendor:/opt/ros/jazzy/opt/gz_gui_vendor:/opt/ros/jazzy/opt/gz_transport_vendor:/opt/ros/jazzy/opt/gz_rendering_vendor:/opt/ros/jazzy/opt/gz_plugin_vendor:/opt/ros/jazzy/opt/gz_fuel_tools_vendor:/opt/ros/jazzy/opt/gz_msgs_vendor:/opt/ros/jazzy/opt/gz_common_vendor:/opt/ros/jazzy/opt/gz_math_vendor:/opt/ros/jazzy/opt/gz_utils_vendor:/opt/ros/jazzy/opt/gz_tools_vendor:/opt/ros/jazzy/opt/gz_ogre_next_vendor:/opt/ros/jazzy/opt/gz_dartsim_vendor:/opt/ros/jazzy/opt/gz_cmake_vendor:/opt/ros/jazzy DEBUGINFOD_URLS=https://debuginfod.ubuntu.com /usr/bin/cmake --install /home/remii/Projects/so-arm/build/so_arm101_moveit_config
[0.895s] Level 1:colcon.colcon_core.environment:checking '/home/remii/Projects/so-arm/install/so_arm101_moveit_config' for CMake config files
[0.895s] Level 1:colcon.colcon_core.shell:create_environment_hook('so_arm101_moveit_config', 'cmake_prefix_path')
[0.895s] INFO:colcon.colcon_core.shell:Creating environment hook '/home/remii/Projects/so-arm/install/so_arm101_moveit_config/share/so_arm101_moveit_config/hook/cmake_prefix_path.ps1'
[0.895s] INFO:colcon.colcon_core.shell:Creating environment descriptor '/home/remii/Projects/so-arm/install/so_arm101_moveit_config/share/so_arm101_moveit_config/hook/cmake_prefix_path.dsv'
[0.896s] INFO:colcon.colcon_core.shell:Creating environment hook '/home/remii/Projects/so-arm/install/so_arm101_moveit_config/share/so_arm101_moveit_config/hook/cmake_prefix_path.sh'
[0.896s] Level 1:colcon.colcon_core.environment:checking '/home/remii/Projects/so-arm/install/so_arm101_moveit_config/bin'
[0.896s] Level 1:colcon.colcon_core.environment:checking '/home/remii/Projects/so-arm/install/so_arm101_moveit_config/lib/pkgconfig/so_arm101_moveit_config.pc'
[0.896s] Level 1:colcon.colcon_core.environment:checking '/home/remii/Projects/so-arm/install/so_arm101_moveit_config/lib/python3.12/site-packages'
[0.896s] Level 1:colcon.colcon_core.environment:checking '/home/remii/Projects/so-arm/install/so_arm101_moveit_config/bin'
[0.897s] INFO:colcon.colcon_core.shell:Creating package script '/home/remii/Projects/so-arm/install/so_arm101_moveit_config/share/so_arm101_moveit_config/package.ps1'
[0.897s] INFO:colcon.colcon_core.shell:Creating package descriptor '/home/remii/Projects/so-arm/install/so_arm101_moveit_config/share/so_arm101_moveit_config/package.dsv'
[0.897s] INFO:colcon.colcon_core.shell:Creating package script '/home/remii/Projects/so-arm/install/so_arm101_moveit_config/share/so_arm101_moveit_config/package.sh'
[0.898s] INFO:colcon.colcon_core.shell:Creating package script '/home/remii/Projects/so-arm/install/so_arm101_moveit_config/share/so_arm101_moveit_config/package.bash'
[0.898s] INFO:colcon.colcon_core.shell:Creating package script '/home/remii/Projects/so-arm/install/so_arm101_moveit_config/share/so_arm101_moveit_config/package.zsh'
[0.898s] Level 1:colcon.colcon_core.environment:create_file_with_runtime_dependencies(/home/remii/Projects/so-arm/install/so_arm101_moveit_config/share/colcon-core/packages/so_arm101_moveit_config)
[0.898s] Level 1:colcon.colcon_core.environment:create_environment_scripts_only(so_arm101_moveit_config)
[0.899s] Level 1:colcon.colcon_core.environment:checking '/home/remii/Projects/so-arm/install/so_arm101_moveit_config' for CMake module files
[0.899s] Level 1:colcon.colcon_core.environment:checking '/home/remii/Projects/so-arm/install/so_arm101_moveit_config' for CMake config files
[0.899s] Level 1:colcon.colcon_core.shell:create_environment_hook('so_arm101_moveit_config', 'cmake_prefix_path')
[0.899s] INFO:colcon.colcon_core.shell:Creating environment hook '/home/remii/Projects/so-arm/install/so_arm101_moveit_config/share/so_arm101_moveit_config/hook/cmake_prefix_path.ps1'
[0.900s] INFO:colcon.colcon_core.shell:Creating environment descriptor '/home/remii/Projects/so-arm/install/so_arm101_moveit_config/share/so_arm101_moveit_config/hook/cmake_prefix_path.dsv'
[0.900s] INFO:colcon.colcon_core.shell:Creating environment hook '/home/remii/Projects/so-arm/install/so_arm101_moveit_config/share/so_arm101_moveit_config/hook/cmake_prefix_path.sh'
[0.900s] Level 1:colcon.colcon_core.environment:checking '/home/remii/Projects/so-arm/install/so_arm101_moveit_config/bin'
[0.900s] Level 1:colcon.colcon_core.environment:checking '/home/remii/Projects/so-arm/install/so_arm101_moveit_config/lib/pkgconfig/so_arm101_moveit_config.pc'
[0.900s] Level 1:colcon.colcon_core.environment:checking '/home/remii/Projects/so-arm/install/so_arm101_moveit_config/lib/python3.12/site-packages'
[0.901s] Level 1:colcon.colcon_core.environment:checking '/home/remii/Projects/so-arm/install/so_arm101_moveit_config/bin'
[0.901s] INFO:colcon.colcon_core.shell:Creating package script '/home/remii/Projects/so-arm/install/so_arm101_moveit_config/share/so_arm101_moveit_config/package.ps1'
[0.901s] INFO:colcon.colcon_core.shell:Creating package descriptor '/home/remii/Projects/so-arm/install/so_arm101_moveit_config/share/so_arm101_moveit_config/package.dsv'
[0.902s] INFO:colcon.colcon_core.shell:Creating package script '/home/remii/Projects/so-arm/install/so_arm101_moveit_config/share/so_arm101_moveit_config/package.sh'
[0.902s] INFO:colcon.colcon_core.shell:Creating package script '/home/remii/Projects/so-arm/install/so_arm101_moveit_config/share/so_arm101_moveit_config/package.bash'
[0.902s] INFO:colcon.colcon_core.shell:Creating package script '/home/remii/Projects/so-arm/install/so_arm101_moveit_config/share/so_arm101_moveit_config/package.zsh'
[0.902s] Level 1:colcon.colcon_core.environment:create_file_with_runtime_dependencies(/home/remii/Projects/so-arm/install/so_arm101_moveit_config/share/colcon-core/packages/so_arm101_moveit_config)
[0.903s] Level 1:colcon.colcon_core.environment:create_environment_scripts_only(so_arm_gz)
[0.903s] Level 1:colcon.colcon_core.environment:checking '/home/remii/Projects/so-arm/install/so_arm_gz' for CMake module files
[0.904s] DEBUG:colcon.colcon_core.event_handler.log_command:Invoked command in '/home/remii/Projects/so-arm/build/so_arm_gz' returned '0': CMAKE_PREFIX_PATH=/home/remii/Projects/so-arm/install/so_arm101_description:/home/remii/Projects/so-arm/install/so_arm100_description:/home/remii/Projects/so-arm/install/so_arm_utils:/home/remii/Projects/so-arm/install/feetech_ros2_driver:/home/remii/Projects/so-arm/install/so_arm101_moveit_config:/home/remii/Projects/so-arm/install/so_arm_gz:/home/remii/Projects/so-arm/install/so_arm100_moveit_config:/opt/ros/jazzy/opt/gz_sim_vendor:/opt/ros/jazzy/opt/gz_sensors_vendor:/opt/ros/jazzy/opt/gz_physics_vendor:/opt/ros/jazzy/opt/sdformat_vendor:/opt/ros/jazzy/opt/gz_gui_vendor:/opt/ros/jazzy/opt/gz_transport_vendor:/opt/ros/jazzy/opt/gz_rendering_vendor:/opt/ros/jazzy/opt/gz_plugin_vendor:/opt/ros/jazzy/opt/gz_fuel_tools_vendor:/opt/ros/jazzy/opt/gz_msgs_vendor:/opt/ros/jazzy/opt/gz_common_vendor:/opt/ros/jazzy/opt/gz_math_vendor:/opt/ros/jazzy/opt/gz_utils_vendor:/opt/ros/jazzy/opt/gz_tools_vendor:/opt/ros/jazzy/opt/gz_ogre_next_vendor:/opt/ros/jazzy/opt/gz_dartsim_vendor:/opt/ros/jazzy/opt/gz_cmake_vendor:/opt/ros/jazzy DEBUGINFOD_URLS=https://debuginfod.ubuntu.com /usr/bin/cmake --install /home/remii/Projects/so-arm/build/so_arm_gz
[0.904s] Level 1:colcon.colcon_core.environment:checking '/home/remii/Projects/so-arm/install/so_arm_gz' for CMake config files
[0.904s] Level 1:colcon.colcon_core.shell:create_environment_hook('so_arm_gz', 'cmake_prefix_path')
[0.904s] INFO:colcon.colcon_core.shell:Creating environment hook '/home/remii/Projects/so-arm/install/so_arm_gz/share/so_arm_gz/hook/cmake_prefix_path.ps1'
[0.904s] INFO:colcon.colcon_core.shell:Creating environment descriptor '/home/remii/Projects/so-arm/install/so_arm_gz/share/so_arm_gz/hook/cmake_prefix_path.dsv'
[0.904s] INFO:colcon.colcon_core.shell:Creating environment hook '/home/remii/Projects/so-arm/install/so_arm_gz/share/so_arm_gz/hook/cmake_prefix_path.sh'
[0.905s] Level 1:colcon.colcon_core.environment:checking '/home/remii/Projects/so-arm/install/so_arm_gz/bin'
[0.905s] Level 1:colcon.colcon_core.environment:checking '/home/remii/Projects/so-arm/install/so_arm_gz/lib/pkgconfig/so_arm_gz.pc'
[0.905s] Level 1:colcon.colcon_core.environment:checking '/home/remii/Projects/so-arm/install/so_arm_gz/lib/python3.12/site-packages'
[0.905s] Level 1:colcon.colcon_core.environment:checking '/home/remii/Projects/so-arm/install/so_arm_gz/bin'
[0.906s] INFO:colcon.colcon_core.shell:Creating package script '/home/remii/Projects/so-arm/install/so_arm_gz/share/so_arm_gz/package.ps1'
[0.906s] INFO:colcon.colcon_core.shell:Creating package descriptor '/home/remii/Projects/so-arm/install/so_arm_gz/share/so_arm_gz/package.dsv'
[0.906s] INFO:colcon.colcon_core.shell:Creating package script '/home/remii/Projects/so-arm/install/so_arm_gz/share/so_arm_gz/package.sh'
[0.906s] INFO:colcon.colcon_core.shell:Creating package script '/home/remii/Projects/so-arm/install/so_arm_gz/share/so_arm_gz/package.bash'
[0.907s] INFO:colcon.colcon_core.shell:Creating package script '/home/remii/Projects/so-arm/install/so_arm_gz/share/so_arm_gz/package.zsh'
[0.907s] Level 1:colcon.colcon_core.environment:create_file_with_runtime_dependencies(/home/remii/Projects/so-arm/install/so_arm_gz/share/colcon-core/packages/so_arm_gz)
[0.907s] Level 1:colcon.colcon_core.environment:create_environment_scripts_only(so_arm_gz)
[0.907s] Level 1:colcon.colcon_core.environment:checking '/home/remii/Projects/so-arm/install/so_arm_gz' for CMake module files
[0.908s] Level 1:colcon.colcon_core.environment:checking '/home/remii/Projects/so-arm/install/so_arm_gz' for CMake config files
[0.908s] Level 1:colcon.colcon_core.shell:create_environment_hook('so_arm_gz', 'cmake_prefix_path')
[0.908s] INFO:colcon.colcon_core.shell:Creating environment hook '/home/remii/Projects/so-arm/install/so_arm_gz/share/so_arm_gz/hook/cmake_prefix_path.ps1'
[0.908s] INFO:colcon.colcon_core.shell:Creating environment descriptor '/home/remii/Projects/so-arm/install/so_arm_gz/share/so_arm_gz/hook/cmake_prefix_path.dsv'
[0.909s] INFO:colcon.colcon_core.shell:Creating environment hook '/home/remii/Projects/so-arm/install/so_arm_gz/share/so_arm_gz/hook/cmake_prefix_path.sh'
[0.909s] Level 1:colcon.colcon_core.environment:checking '/home/remii/Projects/so-arm/install/so_arm_gz/bin'
[0.909s] Level 1:colcon.colcon_core.environment:checking '/home/remii/Projects/so-arm/install/so_arm_gz/lib/pkgconfig/so_arm_gz.pc'
[0.909s] Level 1:colcon.colcon_core.environment:checking '/home/remii/Projects/so-arm/install/so_arm_gz/lib/python3.12/site-packages'
[0.910s] Level 1:colcon.colcon_core.environment:checking '/home/remii/Projects/so-arm/install/so_arm_gz/bin'
[0.910s] INFO:colcon.colcon_core.shell:Creating package script '/home/remii/Projects/so-arm/install/so_arm_gz/share/so_arm_gz/package.ps1'
[0.910s] INFO:colcon.colcon_core.shell:Creating package descriptor '/home/remii/Projects/so-arm/install/so_arm_gz/share/so_arm_gz/package.dsv'
[0.910s] INFO:colcon.colcon_core.shell:Creating package script '/home/remii/Projects/so-arm/install/so_arm_gz/share/so_arm_gz/package.sh'
[0.911s] INFO:colcon.colcon_core.shell:Creating package script '/home/remii/Projects/so-arm/install/so_arm_gz/share/so_arm_gz/package.bash'
[0.911s] INFO:colcon.colcon_core.shell:Creating package script '/home/remii/Projects/so-arm/install/so_arm_gz/share/so_arm_gz/package.zsh'
[0.911s] Level 1:colcon.colcon_core.environment:create_file_with_runtime_dependencies(/home/remii/Projects/so-arm/install/so_arm_gz/share/colcon-core/packages/so_arm_gz)
[0.912s] DEBUG:colcon.colcon_parallel_executor.executor.parallel:closing loop
[0.912s] DEBUG:colcon.colcon_parallel_executor.executor.parallel:loop closed
[0.912s] DEBUG:colcon.colcon_parallel_executor.executor.parallel:run_until_complete finished with '0'
[0.912s] DEBUG:colcon.colcon_core.event_reactor:joining thread
[0.916s] INFO:colcon.colcon_core.plugin_system:Skipping extension 'colcon_notification.desktop_notification.terminal_notifier': Not used on non-Darwin systems
[0.916s] INFO:colcon.colcon_core.plugin_system:Skipping extension 'colcon_notification.desktop_notification.win32': Not used on non-Windows systems
[0.916s] INFO:colcon.colcon_notification.desktop_notification:Sending desktop notification using 'notify2'
[0.928s] DEBUG:colcon.colcon_core.event_reactor:joined thread
[0.928s] INFO:colcon.colcon_core.shell:Creating prefix script '/home/remii/Projects/so-arm/install/local_setup.ps1'
[0.929s] INFO:colcon.colcon_core.shell:Creating prefix util module '/home/remii/Projects/so-arm/install/_local_setup_util_ps1.py'
[0.929s] INFO:colcon.colcon_core.shell:Creating prefix chain script '/home/remii/Projects/so-arm/install/setup.ps1'
[0.930s] INFO:colcon.colcon_core.shell:Creating prefix script '/home/remii/Projects/so-arm/install/local_setup.sh'
[0.931s] INFO:colcon.colcon_core.shell:Creating prefix util module '/home/remii/Projects/so-arm/install/_local_setup_util_sh.py'
[0.931s] INFO:colcon.colcon_core.shell:Creating prefix chain script '/home/remii/Projects/so-arm/install/setup.sh'
[0.932s] INFO:colcon.colcon_core.shell:Creating prefix script '/home/remii/Projects/so-arm/install/local_setup.bash'
[0.932s] INFO:colcon.colcon_core.shell:Creating prefix chain script '/home/remii/Projects/so-arm/install/setup.bash'
[0.933s] INFO:colcon.colcon_core.shell:Creating prefix script '/home/remii/Projects/so-arm/install/local_setup.zsh'
[0.933s] INFO:colcon.colcon_core.shell:Creating prefix chain script '/home/remii/Projects/so-arm/install/setup.zsh'
